Age,Class,N_Initial_Age,AgeSize_Mean,AgeSize_Std,N_Initial_Class,ClassSize_Mean,ClassSize_Std,N_GrowthBack_Class,Capture_Back,PackingDeaths_Emigration_Class,N_AfterEmigration_Class,Deaths_AfterEmiMort_Age,Deaths_AfterEmiMort_Size,N_GrowthOut_Class,Capture_Out,PackingDeaths_Immigration_Class,N_Immigration_Class,Deaths_AfterImmiMort_Age,Deaths_AfterImmiMort_Size
0,50.0,528,49.98336312256506,10.69743049691891,523,49.69125387103767,10.310739761318523,0,0,0,0,0,0,0,0,58,636,0,0
1,100.0,356,134.4593188156105,0.0,5,80.53799083233095,4.654008436841728,528,0,23,505,0,0,0,0,0,3,0,0
2,150.0,214,181.34298546680157,8.526512829121202e-14,356,134.4593188156105,0.0,356,0,15,341,0,0,482,0,26,456,0,0
3,200.0,142,218.25988232814933,2.842170943040401e-14,356,196.06826455194587,18.076995466765144,356,0,40,316,0,0,472,0,78,394,0,0
4,250.0,71,247.3287963277921,8.526512829121202e-14,131,257.81244312064587,11.40422900761609,131,0,20,111,0,0,169,0,32,137,0,0
5,300.0,60,270.21809182552283,5.684341886080802e-14,53,296.8407183977764,10.799664780177768,53,0,12,41,0,0,78,0,7,71,0,0
6,350.0,57,299.44724404793703,14.159842678607243,4,333.9837089125642,5.3823473758633416,4,0,0,4,0,0,4,0,1,3,0,0
Totals,7,1428,NA,NA,1428,NA,NA,1428,0,110,1318,0,0,1205,0,202,1700,0,0
