Age,Class,N_Initial_Age,AgeSize_Mean,AgeSize_Std,N_Initial_Class,ClassSize_Mean,ClassSize_Std,N_GrowthBack_Class,Capture_Back,PackingDeaths_Emigration_Class,N_AfterEmigration_Class,Deaths_AfterEmiMort_Age,Deaths_AfterEmiMort_Size,N_GrowthOut_Class,Capture_Out,PackingDeaths_Immigration_Class,N_Immigration_Class,Deaths_AfterImmiMort_Age,Deaths_AfterImmiMort_Size
0,50.0,507,51.482535668670124,9.780873600359122,502,51.22120928336201,9.46535617047927,0,0,0,0,0,0,0,0,0,681,0,0
1,100.0,392,134.4593188156105,0.0,5,77.71970475360585,3.1782205453811208,507,0,65,442,0,0,0,0,0,3,0,0
2,150.0,242,181.34298546680154,5.684341886080802e-14,392,134.4593188156105,0.0,392,0,5,387,0,0,409,0,19,390,0,0
3,200.0,120,218.25988232814927,8.526512829121202e-14,362,193.5806308352041,17.378605459825735,362,0,33,329,0,0,548,0,116,432,0,0
4,250.0,86,247.32879632779208,1.1368683772161603e-13,130,255.07594249625484,10.830902278135808,130,0,21,109,0,0,169,0,26,143,0,0
5,300.0,44,270.21809182552283,5.684341886080802e-14,51,301.241352040764,10.910749710473576,51,0,14,37,0,0,65,0,16,49,0,0
6,350.0,52,301.78163721598935,11.473554563414215,1,329.3361811524784,0.0,1,0,0,1,0,0,3,0,0,3,0,0
Totals,7,1443,NA,NA,1443,NA,NA,1443,0,138,1305,0,0,1194,0,177,1701,0,0
