Age,Class,N_Initial_Age,AgeSize_Mean,AgeSize_Std,N_Initial_Class,ClassSize_Mean,ClassSize_Std,N_GrowthBack_Class,Capture_Back,PackingDeaths_Emigration_Class,N_AfterEmigration_Class,Deaths_AfterEmiMort_Age,Deaths_AfterEmiMort_Size,N_GrowthOut_Class,Capture_Out,PackingDeaths_Immigration_Class,N_Immigration_Class,Deaths_AfterImmiMort_Age,Deaths_AfterImmiMort_Size
0,50.0,663,49.85070961198953,9.8680563563636,658,49.64870394215437,9.628245901530173,0,0,0,0,0,0,0,0,0,712,0,0
1,100.0,336,134.4593188156105,0.0,5,76.43465576229717,0.7662424060466155,663,0,53,610,0,0,0,0,0,6,0,0
2,150.0,243,181.34298546680154,5.684341886080802e-14,336,134.4593188156105,0.0,336,0,9,327,0,0,578,0,45,533,0,0
3,200.0,121,218.25988232814927,8.526512829121202e-14,364,193.61481107181,17.390802640499505,364,0,25,339,0,0,493,0,89,404,0,0
4,250.0,81,247.32879632779216,2.842170943040401e-14,129,255.8457434897384,11.063838907402863,129,0,14,115,0,0,170,0,30,140,0,0
5,300.0,48,270.2180918255228,0.0,48,301.16685310397844,11.242347903818372,48,0,5,43,0,0,70,0,11,59,0,0
6,350.0,51,302.9308478117032,13.005059867243547,3,331.1547631353005,2.571863304394423,3,0,0,3,0,0,5,0,0,5,0,0
Totals,7,1543,NA,NA,1543,NA,NA,1543,0,106,1437,0,0,1316,0,175,1859,0,0
