Age,Class,N_Initial_Age,AgeSize_Mean,AgeSize_Std,N_Initial_Class,ClassSize_Mean,ClassSize_Std,N_GrowthBack_Class,Capture_Back,PackingDeaths_Emigration_Class,N_AfterEmigration_Class,Deaths_AfterEmiMort_Age,Deaths_AfterEmiMort_Size,N_GrowthOut_Class,Capture_Out,PackingDeaths_Immigration_Class,N_Immigration_Class,Deaths_AfterImmiMort_Age,Deaths_AfterImmiMort_Size
0,50.0,558,49.551874931511776,10.237522005652103,554,49.348611799366324,9.988768280820462,0,0,0,0,0,0,0,0,0,585,0,0
1,100.0,465,134.45931881561046,2.842170943040401e-14,4,77.70381873365658,1.843020317713558,558,0,0,558,0,0,0,0,0,3,0,0
2,150.0,259,181.3429854668015,2.842170943040401e-14,465,134.45931881561046,2.842170943040401e-14,465,0,23,442,0,0,530,0,64,466,0,0
3,200.0,134,218.25988232814936,0.0,393,193.93042612690485,17.499873891709875,393,0,42,351,0,0,618,0,215,403,0,0
4,250.0,65,247.32879632779216,2.842170943040401e-14,105,256.0485279459752,11.115520418601879,105,0,9,96,0,0,171,0,25,146,0,0
5,300.0,40,270.2180918255228,0.0,54,296.1558480789975,10.81450886648695,54,0,9,45,0,0,72,0,20,52,0,0
6,350.0,57,298.24510692978737,13.922532674137466,3,335.8517662440039,9.214428803231346,3,0,1,2,0,0,4,0,0,4,0,0
Totals,7,1578,NA,NA,1578,NA,NA,1578,0,84,1494,0,0,1395,0,324,1659,0,0
