Age,Class,N_Initial_Age,AgeSize_Mean,AgeSize_Std,N_Initial_Class,ClassSize_Mean,ClassSize_Std,N_GrowthBack_Class,Capture_Back,PackingDeaths_Emigration_Class,N_AfterEmigration_Class,Deaths_AfterEmiMort_Age,Deaths_AfterEmiMort_Size,N_GrowthOut_Class,Capture_Out,PackingDeaths_Immigration_Class,N_Immigration_Class,Deaths_AfterImmiMort_Age,Deaths_AfterImmiMort_Size
0,50.0,849,49.8169289355398,10.011201872843236,844,49.66111651406694,9.833016944213709,0,0,0,0,0,0,0,0,40,776,0,0
1,100.0,387,134.4593188156105,0.0,5,76.11806568015938,1.1149518088436288,849,0,64,785,0,0,0,0,0,7,0,0
2,150.0,199,181.3429854668016,1.1368683772161603e-13,387,134.4593188156105,0.0,387,0,33,354,0,0,757,0,99,658,0,0
3,200.0,134,218.25988232814936,0.0,333,196.1984334530496,18.103389358496283,333,0,61,272,0,0,473,0,103,370,0,0
4,250.0,100,247.3287963277921,8.526512829121202e-14,151,255.059617985966,10.825315601113317,151,0,38,113,0,0,167,0,19,148,0,0
5,300.0,51,270.21809182552283,5.684341886080802e-14,56,298.6025117958863,11.486178200449931,56,0,9,47,0,0,76,0,17,59,0,0
6,350.0,59,300.4229937538689,13.707581069589937,3,334.4053236362117,3.990481985249035,3,0,1,2,0,0,4,0,0,4,0,0
Totals,7,1779,NA,NA,1779,NA,NA,1779,0,206,1573,0,0,1477,0,278,2022,0,0
