Age,Class,N_Initial_Age,AgeSize_Mean,AgeSize_Std,N_Initial_Class,ClassSize_Mean,ClassSize_Std,N_GrowthBack_Class,Capture_Back,PackingDeaths_Emigration_Class,N_AfterEmigration_Class,Deaths_AfterEmiMort_Age,Deaths_AfterEmiMort_Size,N_GrowthOut_Class,Capture_Out,PackingDeaths_Immigration_Class,N_Immigration_Class,Deaths_AfterImmiMort_Age,Deaths_AfterImmiMort_Size
0,50.0,453,50.00439171867011,9.596774172287638,450,49.83224133068383,9.393327742733781,0,0,0,0,0,0,0,0,0,383,0,0
1,100.0,512,134.4593188156105,0.0,3,75.82694991661081,0.60701230343795,453,0,2,451,0,0,0,0,0,4,0,0
2,150.0,247,181.34298546680157,8.526512829121202e-14,512,134.4593188156105,0.0,512,0,23,489,0,0,423,0,5,418,0,0
3,200.0,128,218.25988232814927,8.526512829121202e-14,375,193.94395292880824,17.504406164436165,375,0,38,337,0,0,659,0,165,494,0,0
4,250.0,45,247.32879632779222,2.842170943040401e-14,84,257.9559692374528,11.415414884395345,84,0,11,73,0,0,140,0,12,128,0,0
5,300.0,39,270.2180918255229,1.1368683772161603e-13,41,299.1524617906438,11.87617236091629,41,0,10,31,0,0,52,0,4,48,0,0
6,350.0,45,302.4032284449193,15.51952792033645,4,335.7235866512434,6.7356220927846575,4,0,2,2,0,0,4,0,0,4,0,0
Totals,7,1469,NA,NA,1469,NA,NA,1469,0,86,1383,0,0,1278,0,186,1479,0,0
