Age,Class,N_Initial_Age,AgeSize_Mean,AgeSize_Std,N_Initial_Class,ClassSize_Mean,ClassSize_Std,N_GrowthBack_Class,Capture_Back,PackingDeaths_Emigration_Class,N_AfterEmigration_Class,Deaths_AfterEmiMort_Age,Deaths_AfterEmiMort_Size,N_GrowthOut_Class,Capture_Out,PackingDeaths_Immigration_Class,N_Immigration_Class,Deaths_AfterImmiMort_Age,Deaths_AfterImmiMort_Size
0,50.0,485,50.020594679722926,10.019264693029962,484,49.96476373539757,9.953958138889657,0,0,0,0,0,0,0,0,0,545,0,0
1,100.0,430,134.4593188156105,0.0,1,77.04277173319657,0.0,485,0,0,485,0,0,0,0,0,2,0,0
2,150.0,237,181.34298546680157,8.526512829121202e-14,430,134.4593188156105,0.0,430,0,8,422,0,0,458,0,42,416,0,0
3,200.0,110,218.25988232814922,1.4210854715202004e-13,347,193.04574816060054,17.17774806813845,347,0,38,309,0,0,574,0,172,402,0,0
4,250.0,72,247.3287963277922,0.0,111,255.3709812324001,10.92717752619844,111,0,16,95,0,0,142,0,12,130,0,0
5,300.0,39,270.2180918255229,1.1368683772161603e-13,40,296.7537456461697,11.74097034004852,40,0,9,31,0,0,57,0,11,46,0,0
6,350.0,43,299.4592669847573,15.094898432988774,3,335.53288483259286,5.387618543892824,3,0,0,3,0,0,6,0,1,5,0,0
Totals,7,1416,NA,NA,1416,NA,NA,1416,0,71,1345,0,0,1237,0,238,1546,0,0
