Age,Class,N_Initial_Age,AgeSize_Mean,AgeSize_Std,N_Initial_Class,ClassSize_Mean,ClassSize_Std,N_GrowthBack_Class,Capture_Back,PackingDeaths_Emigration_Class,N_AfterEmigration_Class,Deaths_AfterEmiMort_Age,Deaths_AfterEmiMort_Size,N_GrowthOut_Class,Capture_Out,PackingDeaths_Immigration_Class,N_Immigration_Class,Deaths_AfterImmiMort_Age,Deaths_AfterImmiMort_Size
0,50.0,632,51.247781275043074,9.60385046585955,627,51.03075246440477,9.321489364731674,0,0,0,0,0,0,0,0,0,684,0,0
1,100.0,429,134.45931881561046,2.842170943040401e-14,5,78.46319412908602,3.9697234680115576,632,0,4,628,0,0,0,0,0,1,0,0
2,150.0,246,181.34298546680157,8.526512829121202e-14,429,134.45931881561046,2.842170943040401e-14,429,0,30,399,0,0,616,0,52,564,0,0
3,200.0,138,218.2598823281494,2.842170943040401e-14,384,194.6099952763484,17.713364545193546,384,0,43,341,0,0,554,0,108,446,0,0
4,250.0,70,247.32879632779213,5.684341886080802e-14,107,255.24378635971763,10.886757023873315,107,0,13,94,0,0,172,0,24,148,0,0
5,300.0,37,270.2180918255229,1.1368683772161603e-13,43,298.2596831205781,12.035332881599409,43,0,4,39,0,0,56,0,17,39,0,0
6,350.0,47,301.6275024646896,16.162470836267847,4,337.8315604138889,8.922295329247795,4,0,1,3,0,0,6,0,1,5,0,0
Totals,7,1599,NA,NA,1599,NA,NA,1599,0,95,1504,0,0,1404,0,202,1887,0,0
