Age,Class,N_Initial_Age,AgeSize_Mean,AgeSize_Std,N_Initial_Class,ClassSize_Mean,ClassSize_Std,N_GrowthBack_Class,Capture_Back,PackingDeaths_Emigration_Class,N_AfterEmigration_Class,Deaths_AfterEmiMort_Age,Deaths_AfterEmiMort_Size,N_GrowthOut_Class,Capture_Out,PackingDeaths_Immigration_Class,N_Immigration_Class,Deaths_AfterImmiMort_Age,Deaths_AfterImmiMort_Size
0,50.0,587,49.61847760971643,10.220006354988907,585,49.509049689944575,10.059948241283095,0,0,0,0,0,0,0,0,16,693,0,0
1,100.0,414,134.4593188156105,0.0,2,81.62614414298213,5.089388927075127,587,0,30,557,0,0,0,0,0,2,0,0
2,150.0,255,181.3429854668015,2.842170943040401e-14,414,134.4593188156105,0.0,414,0,25,389,0,0,541,0,71,470,0,0
3,200.0,148,218.25988232814936,0.0,403,194.90055553002603,17.79594643999907,403,0,50,353,0,0,552,0,165,387,0,0
4,250.0,66,247.32879632779216,2.842170943040401e-14,117,257.3061815447516,11.350202762861674,117,0,22,95,0,0,167,0,29,138,0,0
5,300.0,51,270.21809182552283,5.684341886080802e-14,43,300.3191693259806,12.129615277236864,43,0,12,31,0,0,63,0,9,54,0,0
6,350.0,45,301.95987964032116,14.185842263678738,2,337.2351513986418,7.898970246163401,2,0,0,2,0,0,7,0,2,5,0,0
Totals,7,1566,NA,NA,1566,NA,NA,1566,0,139,1427,0,0,1330,0,292,1749,0,0
