Age,Class,N_Initial_Age,AgeSize_Mean,AgeSize_Std,N_Initial_Class,ClassSize_Mean,ClassSize_Std,N_GrowthBack_Class,Capture_Back,PackingDeaths_Emigration_Class,N_AfterEmigration_Class,Deaths_AfterEmiMort_Age,Deaths_AfterEmiMort_Size,N_GrowthOut_Class,Capture_Out,PackingDeaths_Immigration_Class,N_Immigration_Class,Deaths_AfterImmiMort_Age,Deaths_AfterImmiMort_Size
0,50.0,504,49.44888850969733,10.125915991892974,503,49.391508199869996,10.053785355516268,0,0,0,0,0,0,0,0,84,610,0,0
1,100.0,414,134.4593188156105,0.0,1,78.311184352848,0.0,504,0,48,456,0,0,0,0,0,6,0,0
2,150.0,250,181.3429854668015,2.842170943040401e-14,414,134.4593188156105,0.0,414,0,36,378,0,0,431,0,50,381,0,0
3,200.0,136,218.25988232814936,0.0,386,194.3499750345303,17.635076261061815,386,0,42,344,0,0,552,0,186,366,0,0
4,250.0,81,247.32879632779216,2.842170943040401e-14,134,256.3820251440587,11.192009541830092,134,0,11,123,0,0,169,0,24,145,0,0
5,300.0,53,270.2180918255229,1.1368683772161603e-13,39,296.67548135712804,10.264702139292858,39,0,12,27,0,0,65,0,12,53,0,0
6,350.0,42,299.43446656639037,14.20835264998407,3,335.30127428679924,8.43591561137521,3,0,0,3,0,0,4,0,0,4,0,0
Totals,7,1480,NA,NA,1480,NA,NA,1480,0,149,1331,0,0,1221,0,356,1565,0,0
