Age,Class,N_Initial_Age,AgeSize_Mean,AgeSize_Std,N_Initial_Class,ClassSize_Mean,ClassSize_Std,N_GrowthBack_Class,Capture_Back,PackingDeaths_Emigration_Class,N_AfterEmigration_Class,Deaths_AfterEmiMort_Age,Deaths_AfterEmiMort_Size,N_GrowthOut_Class,Capture_Out,PackingDeaths_Immigration_Class,N_Immigration_Class,Deaths_AfterImmiMort_Age,Deaths_AfterImmiMort_Size
0,50.0,362,49.227337373843305,10.224264852747524,358,48.886164504757865,9.750558863028546,0,0,0,0,0,0,0,0,0,470,0,0
1,100.0,380,134.4593188156105,0.0,4,79.76230915698929,2.9325273449671085,362,0,0,362,0,0,0,0,0,0,0,0
2,150.0,288,181.3429854668015,2.842170943040401e-14,380,134.4593188156105,0.0,380,0,18,362,0,0,343,0,6,337,0,0
3,200.0,146,218.25988232814936,0.0,434,193.7620337196973,17.44247585523635,434,0,53,381,0,0,559,0,98,461,0,0
4,250.0,81,247.32879632779216,2.842170943040401e-14,110,253.36324695901197,10.0851241560939,110,0,7,103,0,0,187,0,14,173,0,0
5,300.0,29,270.2180918255227,5.684341886080802e-14,43,298.6598889788963,11.651510577071493,43,0,6,37,0,0,57,0,5,52,0,0
6,350.0,47,301.9308424510062,15.639123528514775,4,337.0935922761883,7.937928916093032,4,0,1,3,0,0,5,0,0,5,0,0
Totals,7,1333,NA,NA,1333,NA,NA,1333,0,85,1248,0,0,1151,0,123,1498,0,0
