Age,Class,N_Initial_Age,AgeSize_Mean,AgeSize_Std,N_Initial_Class,ClassSize_Mean,ClassSize_Std,N_GrowthBack_Class,Capture_Back,PackingDeaths_Emigration_Class,N_AfterEmigration_Class,Deaths_AfterEmiMort_Age,Deaths_AfterEmiMort_Size,N_GrowthOut_Class,Capture_Out,PackingDeaths_Immigration_Class,N_Immigration_Class,Deaths_AfterImmiMort_Age,Deaths_AfterImmiMort_Size
0,50.0,593,50.584326654533626,10.400539402231836,584,50.13793285611986,9.822902206627193,0,0,0,0,0,0,0,0,0,504,0,0
1,100.0,387,134.4593188156105,0.0,9,79.550324240493,3.7725017117982533,593,0,62,531,0,0,0,0,0,4,0,0
2,150.0,221,181.34298546680157,8.526512829121202e-14,387,134.4593188156105,0.0,387,0,19,368,0,0,514,0,20,494,0,0
3,200.0,118,218.25988232814922,1.4210854715202004e-13,339,194.19311475777218,17.585820279278618,339,0,21,318,0,0,524,0,98,426,0,0
4,250.0,89,247.32879632779216,2.842170943040401e-14,145,256.16880010622606,11.144316573164222,145,0,19,126,0,0,169,0,31,138,0,0
5,300.0,56,270.2180918255228,0.0,44,296.34757884199627,10.173342843419217,44,0,6,38,0,0,76,0,19,57,0,0
6,350.0,47,298.7767965948185,13.58147973235562,3,334.4053236362116,3.9904819852490356,3,0,0,3,0,0,4,0,0,4,0,0
Totals,7,1511,NA,NA,1511,NA,NA,1511,0,127,1384,0,0,1287,0,168,1627,0,0
