Age,Class,N_Initial_Age,AgeSize_Mean,AgeSize_Std,N_Initial_Class,ClassSize_Mean,ClassSize_Std,N_GrowthBack_Class,Capture_Back,PackingDeaths_Emigration_Class,N_AfterEmigration_Class,Deaths_AfterEmiMort_Age,Deaths_AfterEmiMort_Size,N_GrowthOut_Class,Capture_Out,PackingDeaths_Immigration_Class,N_Immigration_Class,Deaths_AfterImmiMort_Age,Deaths_AfterImmiMort_Size
0,50.0,714,49.35642694895752,9.896909815370693,713,49.32004986454742,9.85603210436411,0,0,0,0,0,0,0,0,88,766,0,0
1,100.0,556,134.4593188156105,0.0,1,75.29328813336971,0.0,714,0,52,662,0,0,0,0,0,8,0,0
2,150.0,247,181.34298546680157,8.526512829121202e-14,556,134.4593188156105,0.0,556,0,57,499,0,0,629,0,114,515,0,0
3,200.0,132,218.25988232814936,0.0,379,194.20058542906511,17.588201013797725,379,0,70,309,0,0,634,0,184,450,0,0
4,250.0,76,247.3287963277921,8.526512829121202e-14,120,255.72153801029336,11.030223545227793,120,0,20,100,0,0,151,0,33,118,0,0
5,300.0,44,270.21809182552283,5.684341886080802e-14,59,299.48526038260894,11.87370006571248,59,0,25,34,0,0,59,0,11,48,0,0
6,350.0,63,301.55375522350425,13.98628610959638,4,332.0640541267116,2.7278729742332075,4,0,1,3,0,0,7,0,2,5,0,0
Totals,7,1832,NA,NA,1832,NA,NA,1832,0,225,1607,0,0,1480,0,432,1910,0,0
