Age,Class,N_Initial_Age,AgeSize_Mean,AgeSize_Std,N_Initial_Class,ClassSize_Mean,ClassSize_Std,N_GrowthBack_Class,Capture_Back,PackingDeaths_Emigration_Class,N_AfterEmigration_Class,Deaths_AfterEmiMort_Age,Deaths_AfterEmiMort_Size,N_GrowthOut_Class,Capture_Out,PackingDeaths_Immigration_Class,N_Immigration_Class,Deaths_AfterImmiMort_Age,Deaths_AfterImmiMort_Size
0,50.0,638,50.02171687802426,9.916625543468921,633,49.79553544025094,9.619369526129987,0,0,0,0,0,0,0,0,0,644,0,0
1,100.0,578,134.45931881561046,2.842170943040401e-14,5,78.65628690012736,2.6673530112110693,638,0,16,622,0,0,0,0,0,2,0,0
2,150.0,226,181.34298546680154,5.684341886080802e-14,578,134.45931881561046,2.842170943040401e-14,578,0,19,559,0,0,580,0,54,526,0,0
3,200.0,112,218.2598823281493,5.684341886080802e-14,338,193.57580336168598,17.376876672742295,338,0,21,317,0,0,705,0,254,451,0,0
4,250.0,73,247.32879632779216,2.842170943040401e-14,116,255.81362138298536,11.055288857267875,116,0,4,112,0,0,158,0,25,133,0,0
5,300.0,43,270.21809182552283,5.684341886080802e-14,50,297.24882175538727,11.284102244861705,50,0,11,39,0,0,69,0,9,60,0,0
6,350.0,53,299.16802598443894,13.486550197735108,3,331.1547631353005,2.571863304394423,3,0,0,3,0,0,5,0,0,5,0,0
Totals,7,1723,NA,NA,1723,NA,NA,1723,0,71,1652,0,0,1517,0,342,1821,0,0
