Age,Class,N_Initial_Age,AgeSize_Mean,AgeSize_Std,N_Initial_Class,ClassSize_Mean,ClassSize_Std,N_GrowthBack_Class,Capture_Back,PackingDeaths_Emigration_Class,N_AfterEmigration_Class,Deaths_AfterEmiMort_Age,Deaths_AfterEmiMort_Size,N_GrowthOut_Class,Capture_Out,PackingDeaths_Immigration_Class,N_Immigration_Class,Deaths_AfterImmiMort_Age,Deaths_AfterImmiMort_Size
0,50.0,523,50.18654310777828,9.525167639442635,520,50.016978790718,9.285550105822818,0,0,0,0,0,0,0,0,3,564,0,0
1,100.0,444,134.4593188156105,0.0,3,79.57769139822588,1.7844741454234727,523,0,53,461,0,0,0,0,0,3,0,0
2,150.0,278,181.34298546680148,0.0,444,134.4593188156105,0.0,444,0,14,427,0,0,439,0,26,413,0,0
3,200.0,135,218.2598823281494,2.842170943040401e-14,413,193.41025199532925,17.31667151508997,413,0,79,334,0,0,599,0,161,438,0,0
4,250.0,99,247.32879632779213,5.684341886080802e-14,149,255.0097679713259,10.808085134276276,149,0,26,123,0,0,168,0,39,129,0,0
5,300.0,50,270.21809182552283,5.684341886080802e-14,43,293.64171653616927,8.200853261219363,43,0,7,36,0,0,70,0,17,53,0,0
6,350.0,50,299.1198587222288,15.658054251589219,7,332.7713035794513,4.620473251226427,7,0,0,7,0,0,7,0,4,3,0,0
Totals,7,1579,NA,NA,1579,NA,NA,1579,0,179,1388,0,0,1283,0,250,1603,0,0
