Age,Class,N_Initial_Age,AgeSize_Mean,AgeSize_Std,N_Initial_Class,ClassSize_Mean,ClassSize_Std,N_GrowthBack_Class,Capture_Back,PackingDeaths_Emigration_Class,N_AfterEmigration_Class,Deaths_AfterEmiMort_Age,Deaths_AfterEmiMort_Size,N_GrowthOut_Class,Capture_Out,PackingDeaths_Immigration_Class,N_Immigration_Class,Deaths_AfterImmiMort_Age,Deaths_AfterImmiMort_Size
0,50.0,582,50.61650971468593,9.682848600181204,578,50.44276811727228,9.48742363088988,0,0,0,0,0,0,0,0,53,616,0,0
1,100.0,533,134.4593188156105,0.0,4,75.72217054096069,0.6700812951849474,582,0,0,582,0,0,0,0,0,7,0,0
2,150.0,312,181.34298546680154,5.684341886080802e-14,533,134.4593188156105,0.0,533,0,21,512,0,0,542,0,61,481,0,0
3,200.0,144,218.25988232814936,0.0,456,193.00095289670085,17.160063421384923,456,0,68,388,0,0,697,0,176,521,0,0
4,250.0,93,247.3287963277921,8.526512829121202e-14,144,255.43542181657176,10.947034734885046,144,0,31,113,0,0,175,0,40,135,0,0
5,300.0,51,270.21809182552283,5.684341886080802e-14,47,298.5929500128875,10.70451243281069,47,0,7,40,0,0,73,0,16,57,0,0
6,350.0,54,303.17383512982946,15.625847160223243,7,333.93120662929636,5.224538276707549,7,0,5,2,0,0,1,0,0,1,0,0
Totals,7,1769,NA,NA,1769,NA,NA,1769,0,132,1637,0,0,1488,0,346,1818,0,0
