Age,Class,N_Initial_Age,AgeSize_Mean,AgeSize_Std,N_Initial_Class,ClassSize_Mean,ClassSize_Std,N_GrowthBack_Class,Capture_Back,PackingDeaths_Emigration_Class,N_AfterEmigration_Class,Deaths_AfterEmiMort_Age,Deaths_AfterEmiMort_Size,N_GrowthOut_Class,Capture_Out,PackingDeaths_Immigration_Class,N_Immigration_Class,Deaths_AfterImmiMort_Age,Deaths_AfterImmiMort_Size
0,50.0,554,49.8283073646245,10.01732665646025,551,49.66830806889177,9.805969683880756,0,0,0,0,0,0,0,0,20,579,0,0
1,100.0,418,134.4593188156105,0.0,3,79.21484468087107,1.2655216788294021,554,0,0,554,0,0,0,0,0,2,0,0
2,150.0,247,181.34298546680157,8.526512829121202e-14,418,134.4593188156105,0.0,418,0,14,404,0,0,533,0,67,466,0,0
3,200.0,132,218.25988232814936,0.0,379,194.2005854290651,17.588201013797722,379,0,23,356,0,0,583,0,118,465,0,0
4,250.0,90,247.32879632779213,5.684341886080802e-14,134,254.84468440167382,10.749177155104949,134,0,13,121,0,0,185,0,18,167,0,0
5,300.0,44,270.21809182552283,5.684341886080802e-14,47,298.9673872559289,11.357187872832418,47,0,2,45,0,0,77,0,8,69,0,0
6,350.0,50,301.31557284776653,14.570768200955646,3,338.10381378655546,8.827131705130665,3,0,0,3,0,0,6,0,2,4,0,0
Totals,7,1535,NA,NA,1535,NA,NA,1535,0,52,1483,0,0,1384,0,233,1752,0,0
