Age,Class,N_Initial_Age,AgeSize_Mean,AgeSize_Std,N_Initial_Class,ClassSize_Mean,ClassSize_Std,N_GrowthBack_Class,Capture_Back,PackingDeaths_Emigration_Class,N_AfterEmigration_Class,Deaths_AfterEmiMort_Age,Deaths_AfterEmiMort_Size,N_GrowthOut_Class,Capture_Out,PackingDeaths_Immigration_Class,N_Immigration_Class,Deaths_AfterImmiMort_Age,Deaths_AfterImmiMort_Size
0,50.0,601,50.99945217465997,9.717324137593055,597,50.819127104959854,9.495082096700989,0,0,0,0,0,0,0,0,4,710,0,0
1,100.0,450,134.4593188156105,0.0,4,77.91296882740187,1.582444477990698,601,0,11,590,0,0,0,0,0,6,0,0
2,150.0,221,181.34298546680157,8.526512829121202e-14,450,134.4593188156105,0.0,450,0,9,441,0,0,540,0,71,469,0,0
3,200.0,134,218.25988232814936,0.0,355,195.2778141412258,17.895563214627163,355,0,29,326,0,0,599,0,159,440,0,0
4,250.0,76,247.3287963277921,8.526512829121202e-14,132,257.0394065389506,11.312518548644723,132,0,29,103,0,0,169,0,24,145,0,0
5,300.0,56,270.2180918255228,0.0,51,297.9020882097351,12.137688718025561,51,0,9,42,0,0,76,0,17,59,0,0
6,350.0,53,299.2941576018562,13.826766394943034,2,334.7919271009448,0.0,2,0,0,2,0,0,4,0,1,3,0,0
Totals,7,1591,NA,NA,1591,NA,NA,1591,0,87,1504,0,0,1388,0,276,1832,0,0
