Age,Class,N_Initial_Age,AgeSize_Mean,AgeSize_Std,N_Initial_Class,ClassSize_Mean,ClassSize_Std,N_GrowthBack_Class,Capture_Back,PackingDeaths_Emigration_Class,N_AfterEmigration_Class,Deaths_AfterEmiMort_Age,Deaths_AfterEmiMort_Size,N_GrowthOut_Class,Capture_Out,PackingDeaths_Immigration_Class,N_Immigration_Class,Deaths_AfterImmiMort_Age,Deaths_AfterImmiMort_Size
0,50.0,447,49.660867758431905,10.420683141041295,442,49.33131430456239,9.996891476805672,0,0,0,0,0,0,0,0,78,612,0,0
1,100.0,468,134.4593188156105,0.0,5,78.79339308049634,3.8978478533697243,447,0,5,442,0,0,0,0,0,2,0,0
2,150.0,229,181.34298546680154,5.684341886080802e-14,468,134.4593188156105,0.0,468,0,37,431,0,0,403,0,31,372,0,0
3,200.0,121,218.25988232814927,8.526512829121202e-14,350,194.10568409601035,17.55769781796462,350,0,26,324,0,0,582,0,152,430,0,0
4,250.0,97,247.32879632779216,2.842170943040401e-14,126,252.59696751377768,9.634889691314863,126,0,14,112,0,0,185,0,35,150,0,0
5,300.0,29,270.2180918255227,5.684341886080802e-14,61,296.4667553778449,11.032192413084458,61,0,7,54,0,0,73,0,13,60,0,0
6,350.0,65,298.5734238247219,13.499748316307228,4,330.70011763959496,2.362407293982971,4,0,1,3,0,0,6,0,0,6,0,0
Totals,7,1456,NA,NA,1456,NA,NA,1456,0,90,1366,0,0,1249,0,309,1632,0,0
