Age,Class,N_Initial_Age,AgeSize_Mean,AgeSize_Std,N_Initial_Class,ClassSize_Mean,ClassSize_Std,N_GrowthBack_Class,Capture_Back,PackingDeaths_Emigration_Class,N_AfterEmigration_Class,Deaths_AfterEmiMort_Age,Deaths_AfterEmiMort_Size,N_GrowthOut_Class,Capture_Out,PackingDeaths_Immigration_Class,N_Immigration_Class,Deaths_AfterImmiMort_Age,Deaths_AfterImmiMort_Size
0,50.0,8847,50.0037350797078,10.000484894849015,8790,49.820747623567776,9.767414838072293,0,0,0,0,0,0,0,0,0,10069,0,0
1,100.0,9475,113.44465676002008,1.4210854715202004e-14,9532,113.23403225348345,2.725518955196965,8847,0,0,8847,0,0,8847,0,0,8899,0,0
2,150.0,2383,164.79572781619692,2.842170943040401e-14,2383,164.79572781619692,2.842170943040401e-14,9475,0,6397,3078,0,0,3078,0,0,3078,0,0
3,200.0,1154,205.23032539160798,2.842170943040401e-14,1154,205.23032539160798,2.842170943040401e-14,3537,0,644,2893,0,0,1945,0,0,1945,0,0
4,250.0,570,237.06912928523727,0.0,1307,251.20596669365014,12.432427834441448,1307,0,29,1278,0,0,1507,0,295,1212,0,0
5,300.0,737,262.13947730802647,0.0,734,291.9017035136901,12.243862121954653,734,0,0,734,0,0,1411,0,1078,333,0,0
6,350.0,1045,307.1301529020767,25.959058137429643,311,343.0712521016773,8.449682937692483,311,0,0,311,0,0,353,0,36,317,0,0
Totals,7,24211,NA,NA,24211,NA,NA,24211,0,7070,17141,0,0,17141,0,1409,25853,0,0
