Age,Class,N_Initial_Age,AgeSize_Mean,AgeSize_Std,N_Initial_Class,ClassSize_Mean,ClassSize_Std,N_GrowthBack_Class,Capture_Back,PackingDeaths_Emigration_Class,N_AfterEmigration_Class,Deaths_AfterEmiMort_Age,Deaths_AfterEmiMort_Size,N_GrowthOut_Class,Capture_Out,PackingDeaths_Immigration_Class,N_Immigration_Class,Deaths_AfterImmiMort_Age,Deaths_AfterImmiMort_Size
0,50.0,9267,50.075497856094515,9.981372649584427,9221,49.935500633870284,9.805343260708383,0,0,0,0,0,0,0,0,0,9970,0,0
1,100.0,9802,113.44465676002007,0.0,9848,113.27974338436502,2.413471371014404,9267,0,0,9267,0,0,9267,0,0,9332,0,0
2,150.0,2562,164.79572781619694,0.0,2562,164.79572781619694,0.0,9802,0,7375,2427,0,0,2427,0,0,2427,0,0
3,200.0,1742,205.23032539160798,2.842170943040401e-14,1742,205.23032539160798,2.842170943040401e-14,4304,0,1900,2404,0,0,1430,0,0,1430,0,0
4,250.0,751,237.06912928523724,2.842170943040401e-14,1260,247.19675400237986,12.301800432932142,1260,0,0,1260,0,0,1725,0,662,1063,0,0
5,300.0,509,262.13947730802647,0.0,682,290.35561565657923,11.07707587750979,682,0,24,658,0,0,1150,0,598,552,0,0
6,350.0,1005,304.733010706741,23.00598566867871,323,335.0902349303024,5.451492009852163,323,0,13,310,0,0,327,0,0,327,0,0
Totals,7,25638,NA,NA,25638,NA,NA,25638,0,9312,16326,0,0,16326,0,1260,25101,0,0
