Age,Class,N_Initial_Age,AgeSize_Mean,AgeSize_Std,N_Initial_Class,ClassSize_Mean,ClassSize_Std,N_GrowthBack_Class,Capture_Back,PackingDeaths_Emigration_Class,N_AfterEmigration_Class,Deaths_AfterEmiMort_Age,Deaths_AfterEmiMort_Size,N_GrowthOut_Class,Capture_Out,PackingDeaths_Immigration_Class,N_Immigration_Class,Deaths_AfterImmiMort_Age,Deaths_AfterImmiMort_Size
0,50.0,9057,50.02020735270141,10.051050973013043,8999,49.83380939426102,9.805180284464479,0,0,0,0,0,0,0,0,0,8854,0,0
1,100.0,10121,113.44465676002007,0.0,10179,113.24805367154188,2.6153617856655798,9057,0,0,9057,0,0,9057,0,0,9115,0,0
2,150.0,3095,164.79572781619692,2.842170943040401e-14,3095,164.79572781619692,2.842170943040401e-14,10121,0,7861,2260,0,0,2260,0,0,2260,0,0
3,200.0,1389,205.23032539160795,5.684341886080802e-14,1389,205.23032539160795,5.684341886080802e-14,4484,0,1839,2645,0,0,1817,0,0,1817,0,0
4,250.0,619,237.0691292852373,2.842170943040401e-14,1151,248.65681403599646,12.499314045055563,1151,0,0,1151,0,0,1447,0,291,1156,0,0
5,300.0,532,262.13947730802647,0.0,724,290.99468188120727,12.19285558782412,724,0,38,686,0,0,1172,0,703,469,0,0
6,350.0,1061,308.0314317270107,27.319724116805176,337,344.63263911087336,8.199773707424061,337,0,13,324,0,0,370,0,83,287,0,0
Totals,7,25874,NA,NA,25874,NA,NA,25874,0,9751,16123,0,0,16123,0,1077,23958,0,0
