Age,Class,N_Initial_Age,AgeSize_Mean,AgeSize_Std,N_Initial_Class,ClassSize_Mean,ClassSize_Std,N_GrowthBack_Class,Capture_Back,PackingDeaths_Emigration_Class,N_AfterEmigration_Class,Deaths_AfterEmiMort_Age,Deaths_AfterEmiMort_Size,N_GrowthOut_Class,Capture_Out,PackingDeaths_Immigration_Class,N_Immigration_Class,Deaths_AfterImmiMort_Age,Deaths_AfterImmiMort_Size
0,50.0,8782,49.85358553864579,10.008289593074307,8725,49.66302714999814,9.753910393741014,0,0,0,0,0,0,0,0,0,9770,0,0
1,100.0,10199,113.44465676002007,0.0,10256,113.25334736857431,2.5734304675252724,8782,0,0,8782,0,0,8782,0,0,8853,0,0
2,150.0,3142,164.79572781619692,2.842170943040401e-14,3142,164.79572781619692,2.842170943040401e-14,10199,0,7879,2320,0,0,2320,0,0,2320,0,0
3,200.0,1397,205.230325391608,0.0,1397,205.230325391608,0.0,4539,0,2442,2097,0,0,1438,0,0,1438,0,0
4,250.0,588,237.06912928523727,0.0,1257,250.4120591398482,12.509121391756196,1257,0,0,1257,0,0,1247,0,0,1247,0,0
5,300.0,669,262.13947730802647,0.0,595,292.17123433968305,12.182266997795544,595,0,0,595,0,0,1227,0,830,397,0,0
6,350.0,902,309.63759622312443,26.74695408131038,307,343.489339938589,8.779825477555487,307,0,5,302,0,0,339,0,58,281,0,0
Totals,7,25679,NA,NA,25679,NA,NA,25679,0,10326,15353,0,0,15353,0,888,24306,0,0
