Age,Class,N_Initial_Age,AgeSize_Mean,AgeSize_Std,N_Initial_Class,ClassSize_Mean,ClassSize_Std,N_GrowthBack_Class,Capture_Back,PackingDeaths_Emigration_Class,N_AfterEmigration_Class,Deaths_AfterEmiMort_Age,Deaths_AfterEmiMort_Size,N_GrowthOut_Class,Capture_Out,PackingDeaths_Immigration_Class,N_Immigration_Class,Deaths_AfterImmiMort_Age,Deaths_AfterImmiMort_Size
0,50.0,10121,49.837036644532986,9.779611476473047,10069,49.69054859612494,9.583357966552171,0,0,0,0,0,0,0,0,0,8999,0,0
1,100.0,8847,113.44465676002007,0.0,8899,113.23872260038586,2.710720871540562,10121,0,0,10121,0,0,10121,0,0,10179,0,0
2,150.0,3078,164.7957278161969,5.684341886080802e-14,3078,164.7957278161969,5.684341886080802e-14,8847,0,5752,3095,0,0,3095,0,0,3095,0,0
3,200.0,1945,205.23032539160798,2.842170943040401e-14,1945,205.23032539160798,2.842170943040401e-14,5023,0,2774,2249,0,0,1389,0,0,1389,0,0
4,250.0,765,237.06912928523727,0.0,1212,246.315371501563,12.09601236537594,1212,0,0,1212,0,0,1625,0,474,1151,0,0
5,300.0,447,262.1394773080264,5.684341886080802e-14,333,292.41979757347343,12.639164781067294,333,0,0,333,0,0,756,0,32,724,0,0
6,350.0,650,317.3345425565641,27.75738898079662,317,343.5068141003156,8.657870686624634,317,0,2,315,0,0,339,0,2,337,0,0
Totals,7,25853,NA,NA,25853,NA,NA,25853,0,8528,17325,0,0,17325,0,508,25874,0,0
