Age,Class,N_Initial_Age,AgeSize_Mean,AgeSize_Std,N_Initial_Class,ClassSize_Mean,ClassSize_Std,N_GrowthBack_Class,Capture_Back,PackingDeaths_Emigration_Class,N_AfterEmigration_Class,Deaths_AfterEmiMort_Age,Deaths_AfterEmiMort_Size,N_GrowthOut_Class,Capture_Out,PackingDeaths_Immigration_Class,N_Immigration_Class,Deaths_AfterImmiMort_Age,Deaths_AfterImmiMort_Size
0,50.0,9802,49.85069902454444,9.983095296545414,9736,49.66180751931605,9.746776150508301,0,0,0,0,0,0,0,0,0,9221,0,0
1,100.0,9863,113.44465676002005,1.4210854715202004e-14,9929,113.20715514700387,2.909948761202917,9802,0,0,9802,0,0,9802,0,0,9848,0,0
2,150.0,3873,164.79572781619694,0.0,3873,164.79572781619694,0.0,9863,0,7301,2562,0,0,2562,0,0,2562,0,0
3,200.0,1721,205.23032539160798,2.842170943040401e-14,1721,205.23032539160798,2.842170943040401e-14,5594,0,3101,2493,0,0,1742,0,0,1742,0,0
4,250.0,509,237.0691292852372,5.684341886080802e-14,919,248.2539417872433,12.462227380765631,919,0,0,919,0,0,1260,0,0,1260,0,0
5,300.0,410,262.13947730802647,0.0,331,291.91508744883504,13.102907204384037,331,0,0,331,0,0,701,0,19,682,0,0
6,350.0,648,311.1428978164464,22.191118994388184,317,331.2198859289997,6.1846110501717435,317,0,20,297,0,0,337,0,14,323,0,0
Totals,7,26826,NA,NA,26826,NA,NA,26826,0,10422,16404,0,0,16404,0,33,25638,0,0
