Age,Class,N_Initial_Age,AgeSize_Mean,AgeSize_Std,N_Initial_Class,ClassSize_Mean,ClassSize_Std,N_GrowthBack_Class,Capture_Back,PackingDeaths_Emigration_Class,N_AfterEmigration_Class,Deaths_AfterEmiMort_Age,Deaths_AfterEmiMort_Size,N_GrowthOut_Class,Capture_Out,PackingDeaths_Immigration_Class,N_Immigration_Class,Deaths_AfterImmiMort_Age,Deaths_AfterImmiMort_Size
0,50.0,10562,49.89093967605191,10.049337875709087,10510,49.750613857234924,9.871773072757502,0,0,0,0,0,0,0,0,0,8348,0,0
1,100.0,7863,113.44465676002005,1.4210854715202004e-14,7915,113.21345411534541,2.8517606511168756,10562,0,12,10550,0,0,10550,0,0,10601,0,0
2,150.0,2822,164.79572781619692,2.842170943040401e-14,2822,164.79572781619692,2.842170943040401e-14,7863,0,4255,3608,0,0,3608,0,0,3608,0,0
3,200.0,1157,205.23032539160795,5.684341886080802e-14,1157,205.23032539160795,5.684341886080802e-14,3979,0,1012,2967,0,0,2099,0,0,2099,0,0
4,250.0,512,237.06912928523718,8.526512829121202e-14,1177,251.23376941705956,12.4288144108085,1177,0,0,1177,0,0,1380,0,24,1356,0,0
5,300.0,665,262.13947730802647,0.0,552,296.8258967949675,14.266446063284405,552,0,0,552,0,0,1129,0,562,567,0,0
6,350.0,821,310.7266212335508,23.671774393125396,269,339.25152788819014,9.07629919136045,269,0,0,269,0,0,357,0,47,310,0,0
Totals,7,24402,NA,NA,24402,NA,NA,24402,0,5279,19123,0,0,19123,0,633,26889,0,0
