Age,Class,N_Initial_Age,AgeSize_Mean,AgeSize_Std,N_Initial_Class,ClassSize_Mean,ClassSize_Std,N_GrowthBack_Class,Capture_Back,PackingDeaths_Emigration_Class,N_AfterEmigration_Class,Deaths_AfterEmiMort_Age,Deaths_AfterEmiMort_Size,N_GrowthOut_Class,Capture_Out,PackingDeaths_Immigration_Class,N_Immigration_Class,Deaths_AfterImmiMort_Age,Deaths_AfterImmiMort_Size
0,50.0,4211,50.065951889288215,10.04508998152138,4184,49.880858578352814,9.804305913676492,0,0,0,0,0,0,0,0,0,8081,0,0
1,100.0,7353,113.44465676002005,1.4210854715202004e-14,7380,113.31771981983633,2.106566933720004,4211,0,0,4211,0,0,4211,0,0,4271,0,0
2,150.0,4963,164.79572781619692,2.842170943040401e-14,4963,164.79572781619692,2.842170943040401e-14,7353,0,3748,3605,0,0,3605,0,0,3605,0,0
3,200.0,1162,205.23032539160795,5.684341886080802e-14,1162,205.23032539160795,5.684341886080802e-14,6125,0,3895,2230,0,0,1804,0,0,1804,0,0
4,250.0,93,237.06912928523732,5.684341886080802e-14,662,258.61750998760436,8.711641214016462,662,0,0,662,0,0,519,0,0,519,0,0
5,300.0,569,262.13947730802647,0.0,870,287.32959405247937,10.378205950401464,870,0,6,864,0,0,1405,0,846,559,0,0
6,350.0,900,288.6482993371873,12.431711279368182,30,326.89075259371907,5.684341886080802e-14,30,0,0,30,0,0,58,0,0,58,0,0
Totals,7,19251,NA,NA,19251,NA,NA,19251,0,7649,11602,0,0,11602,0,846,18897,0,0
