Age,Class,N_Initial_Age,AgeSize_Mean,AgeSize_Std,N_Initial_Class,ClassSize_Mean,ClassSize_Std,N_GrowthBack_Class,Capture_Back,PackingDeaths_Emigration_Class,N_AfterEmigration_Class,Deaths_AfterEmiMort_Age,Deaths_AfterEmiMort_Size,N_GrowthOut_Class,Capture_Out,PackingDeaths_Immigration_Class,N_Immigration_Class,Deaths_AfterImmiMort_Age,Deaths_AfterImmiMort_Size
0,50.0,10282,50.03353711169292,9.956646253494053,10225,49.876705299530755,9.757782812430985,0,0,0,0,0,0,0,0,0,6390,0,0
1,100.0,9781,113.44465676002005,1.4210854715202004e-14,9838,113.24026272255345,2.6844929191167486,10282,0,262,10020,0,0,10020,0,0,10063,0,0
2,150.0,2655,164.79572781619694,0.0,2655,164.79572781619694,0.0,9781,0,6824,2957,0,0,2957,0,0,2957,0,0
3,200.0,1382,205.230325391608,0.0,1382,205.230325391608,0.0,4037,0,1214,2823,0,0,1863,0,0,1863,0,0
4,250.0,666,237.06912928523724,2.842170943040401e-14,1149,247.60783955069178,12.375165453725833,1149,0,0,1149,0,0,1626,0,539,1087,0,0
5,300.0,483,262.13947730802647,0.0,505,292.8064095179406,13.176310863713164,505,0,0,505,0,0,949,0,313,636,0,0
6,350.0,813,311.4544874855441,26.774650697428665,308,342.0300698674914,10.128457370537282,308,0,14,294,0,0,333,0,15,318,0,0
Totals,7,26062,NA,NA,26062,NA,NA,26062,0,8314,17748,0,0,17748,0,867,23314,0,0
