Age,Class,N_Initial_Age,AgeSize_Mean,AgeSize_Std,N_Initial_Class,ClassSize_Mean,ClassSize_Std,N_GrowthBack_Class,Capture_Back,PackingDeaths_Emigration_Class,N_AfterEmigration_Class,Deaths_AfterEmiMort_Age,Deaths_AfterEmiMort_Size,N_GrowthOut_Class,Capture_Out,PackingDeaths_Immigration_Class,N_Immigration_Class,Deaths_AfterImmiMort_Age,Deaths_AfterImmiMort_Size
0,50.0,10016,49.959867484593644,10.098440186804165,9956,49.79236083448343,9.893380574900926,0,0,0,0,0,0,0,0,0,11358,0,0
1,100.0,9932,113.44465676002005,1.4210854715202004e-14,9992,113.23034619676663,2.762764819571535,10016,0,123,9893,0,0,9893,0,0,9960,0,0
2,150.0,3302,164.79572781619692,2.842170943040401e-14,3302,164.79572781619692,2.842170943040401e-14,9932,0,7340,2592,0,0,2592,0,0,2592,0,0
3,200.0,2205,205.23032539160798,2.842170943040401e-14,2205,205.23032539160798,2.842170943040401e-14,5507,0,2776,2731,0,0,1656,0,0,1656,0,0
4,250.0,574,237.0691292852373,2.842170943040401e-14,824,244.67542419506407,11.525482128660435,824,0,0,824,0,0,1649,0,516,1133,0,0
5,300.0,250,262.13947730802647,0.0,674,296.38076470930775,13.502178082551689,674,0,13,661,0,0,839,0,228,611,0,0
6,350.0,990,310.350822035991,23.75822772603822,316,340.1477164606255,8.684161134204723,316,0,0,316,0,0,388,0,115,273,0,0
Totals,7,27269,NA,NA,27269,NA,NA,27269,0,10252,17017,0,0,17017,0,859,27583,0,0
