Age,Class,N_Initial_Age,AgeSize_Mean,AgeSize_Std,N_Initial_Class,ClassSize_Mean,ClassSize_Std,N_GrowthBack_Class,Capture_Back,PackingDeaths_Emigration_Class,N_AfterEmigration_Class,Deaths_AfterEmiMort_Age,Deaths_AfterEmiMort_Size,N_GrowthOut_Class,Capture_Out,PackingDeaths_Immigration_Class,N_Immigration_Class,Deaths_AfterImmiMort_Age,Deaths_AfterImmiMort_Size
0,50.0,9841,49.95362597968629,10.055820269164204,9770,49.74976157684581,9.800159123262711,0,0,0,0,0,0,0,0,0,8110,0,0
1,100.0,8782,113.44465676002007,0.0,8853,113.1604471170005,3.1697073144118066,9841,0,0,9841,0,0,9841,0,0,9888,0,0
2,150.0,2320,164.79572781619692,2.842170943040401e-14,2320,164.79572781619692,2.842170943040401e-14,8782,0,5607,3175,0,0,3175,0,0,3175,0,0
3,200.0,1438,205.23032539160798,2.842170943040401e-14,1438,205.23032539160798,2.842170943040401e-14,3758,0,1014,2744,0,0,1680,0,0,1680,0,0
4,250.0,659,237.06912928523724,2.842170943040401e-14,1247,248.89059250688925,12.51483936790831,1247,0,0,1247,0,0,1723,0,792,931,0,0
5,300.0,588,262.1394773080264,5.684341886080802e-14,397,293.19176133366096,12.543192865909882,397,0,0,397,0,0,961,0,157,804,0,0
6,350.0,678,314.14827133634896,27.304830089122966,281,343.75586731879446,8.917339762348668,281,0,0,281,0,0,305,0,0,305,0,0
Totals,7,24306,NA,NA,24306,NA,NA,24306,0,6621,17685,0,0,17685,0,949,24893,0,0
