Age,Class,N_Initial_Age,AgeSize_Mean,AgeSize_Std,N_Initial_Class,ClassSize_Mean,ClassSize_Std,N_GrowthBack_Class,Capture_Back,PackingDeaths_Emigration_Class,N_AfterEmigration_Class,Deaths_AfterEmiMort_Age,Deaths_AfterEmiMort_Size,N_GrowthOut_Class,Capture_Out,PackingDeaths_Immigration_Class,N_Immigration_Class,Deaths_AfterImmiMort_Age,Deaths_AfterImmiMort_Size
0,50.0,9903,49.98140077649656,9.990909419341458,9852,49.83624532609227,9.808115375137255,0,0,0,0,0,0,0,0,0,10683,0,0
1,100.0,10066,113.44465676002005,1.4210854715202004e-14,10117,113.26609052914367,2.517296206547219,9903,0,188,9715,0,0,9715,0,0,9800,0,0
2,150.0,3433,164.79572781619692,2.842170943040401e-14,3433,164.79572781619692,2.842170943040401e-14,10066,0,7767,2299,0,0,2299,0,0,2299,0,0
3,200.0,1813,205.23032539160798,2.842170943040401e-14,1813,205.23032539160798,2.842170943040401e-14,5246,0,3558,1688,0,0,1108,0,0,1108,0,0
4,250.0,817,237.06912928523724,2.842170943040401e-14,1290,246.2615902269266,12.081260564591947,1290,0,0,1290,0,0,1397,0,110,1287,0,0
5,300.0,473,262.13947730802647,0.0,434,292.6488644926605,13.192430792597957,434,0,0,434,0,0,869,0,141,728,0,0
6,350.0,715,311.7794491798699,26.416459952613568,281,341.3263308675883,8.279247184391396,281,0,0,281,0,0,319,0,3,316,0,0
Totals,7,27220,NA,NA,27220,NA,NA,27220,0,11513,15707,0,0,15707,0,254,26221,0,0
