Age,Class,N_Initial_Age,AgeSize_Mean,AgeSize_Std,N_Initial_Class,ClassSize_Mean,ClassSize_Std,N_GrowthBack_Class,Capture_Back,PackingDeaths_Emigration_Class,N_AfterEmigration_Class,Deaths_AfterEmiMort_Age,Deaths_AfterEmiMort_Size,N_GrowthOut_Class,Capture_Out,PackingDeaths_Immigration_Class,N_Immigration_Class,Deaths_AfterImmiMort_Age,Deaths_AfterImmiMort_Size
0,50.0,9031,50.037857373259484,10.135744572305558,8972,49.851594954995676,9.901825068663765,0,0,0,0,0,0,0,0,0,9127,0,0
1,100.0,8657,113.44465676002007,0.0,8716,113.20717916167723,2.885942433977968,9031,0,0,9031,0,0,9031,0,0,9084,0,0
2,150.0,2909,164.7957278161969,5.684341886080802e-14,2909,164.7957278161969,5.684341886080802e-14,8657,0,5679,2978,0,0,2978,0,0,2978,0,0
3,200.0,1352,205.23032539160798,2.842170943040401e-14,1352,205.23032539160798,2.842170943040401e-14,4261,0,1767,2494,0,0,1687,0,0,1687,0,0
4,250.0,665,237.06912928523724,2.842170943040401e-14,1184,248.0585808256322,12.439506804475382,1184,0,0,1184,0,0,1472,0,126,1346,0,0
5,300.0,519,262.13947730802647,0.0,657,291.2431345267609,13.19786193872294,657,0,0,657,0,0,1108,0,595,513,0,0
6,350.0,962,307.09506037554604,26.215415775036252,305,341.24166785965036,9.228166321574184,305,0,0,305,0,0,373,0,91,282,0,0
Totals,7,24095,NA,NA,24095,NA,NA,24095,0,7446,16649,0,0,16649,0,812,25017,0,0
