Age,Class,N_Initial_Age,AgeSize_Mean,AgeSize_Std,N_Initial_Class,ClassSize_Mean,ClassSize_Std,N_GrowthBack_Class,Capture_Back,PackingDeaths_Emigration_Class,N_AfterEmigration_Class,Deaths_AfterEmiMort_Age,Deaths_AfterEmiMort_Size,N_GrowthOut_Class,Capture_Out,PackingDeaths_Immigration_Class,N_Immigration_Class,Deaths_AfterImmiMort_Age,Deaths_AfterImmiMort_Size
0,50.0,9425,50.05675946432109,9.956813479445813,9362,49.86952662402202,9.721820776805393,0,0,0,0,0,0,0,0,0,7808,0,0
1,100.0,8188,113.44465676002007,0.0,8251,113.17310619902754,3.1043684702667145,9425,0,140,9285,0,0,9285,0,0,9340,0,0
2,150.0,2941,164.79572781619692,2.842170943040401e-14,2941,164.79572781619692,2.842170943040401e-14,8188,0,4774,3414,0,0,3414,0,0,3414,0,0
3,200.0,1715,205.230325391608,0.0,1715,205.230325391608,0.0,4656,0,1349,3307,0,0,2096,0,0,2096,0,0
4,250.0,543,237.06912928523727,0.0,786,244.81988573503085,11.58619592843944,786,0,0,786,0,0,1754,0,530,1224,0,0
5,300.0,243,262.13947730802647,0.0,500,295.29784970369235,12.899605682908893,500,0,0,500,0,0,702,0,44,658,0,0
6,350.0,816,312.0503725715604,24.010828656624504,316,338.5575290080604,8.874286513996452,316,0,11,305,0,0,346,0,30,316,0,0
Totals,7,23871,NA,NA,23871,NA,NA,23871,0,6274,17597,0,0,17597,0,604,24856,0,0
