Age,Class,N_Initial_Age,AgeSize_Mean,AgeSize_Std,N_Initial_Class,ClassSize_Mean,ClassSize_Std,N_GrowthBack_Class,Capture_Back,PackingDeaths_Emigration_Class,N_AfterEmigration_Class,Deaths_AfterEmiMort_Age,Deaths_AfterEmiMort_Size,N_GrowthOut_Class,Capture_Out,PackingDeaths_Immigration_Class,N_Immigration_Class,Deaths_AfterImmiMort_Age,Deaths_AfterImmiMort_Size
0,50.0,10199,49.97949194609498,10.103669533784794,10137,49.80022066482778,9.865276365619287,0,0,0,0,0,0,0,0,0,8725,0,0
1,100.0,8582,113.44465676002007,0.0,8644,113.19968137359508,2.9020666837155558,10199,0,0,10199,0,0,10199,0,0,10256,0,0
2,150.0,3056,164.79572781619692,2.842170943040401e-14,3056,164.79572781619692,2.842170943040401e-14,8582,0,5440,3142,0,0,3142,0,0,3142,0,0
3,200.0,1320,205.23032539160798,2.842170943040401e-14,1320,205.23032539160798,2.842170943040401e-14,4376,0,2361,2015,0,0,1397,0,0,1397,0,0
4,250.0,698,237.06912928523724,2.842170943040401e-14,1362,249.29138412160438,12.531267656779292,1362,0,0,1362,0,0,1316,0,59,1257,0,0
5,300.0,664,262.13947730802647,0.0,572,291.2895596414181,12.01821857528916,572,0,0,572,0,0,1202,0,607,595,0,0
6,350.0,882,309.55794210710104,27.137617623401944,310,343.26605426958696,8.762403786173927,310,0,37,273,0,0,307,0,0,307,0,0
Totals,7,25401,NA,NA,25401,NA,NA,25401,0,7838,17563,0,0,17563,0,666,25679,0,0
