Age,Class,N_Initial_Age,AgeSize_Mean,AgeSize_Std,N_Initial_Class,ClassSize_Mean,ClassSize_Std,N_GrowthBack_Class,Capture_Back,PackingDeaths_Emigration_Class,N_AfterEmigration_Class,Deaths_AfterEmiMort_Age,Deaths_AfterEmiMort_Size,N_GrowthOut_Class,Capture_Out,PackingDeaths_Immigration_Class,N_Immigration_Class,Deaths_AfterImmiMort_Age,Deaths_AfterImmiMort_Size
0,50.0,8188,50.196882052082486,10.007053504977678,8130,50.00089605238834,9.766926673936188,0,0,0,0,0,0,0,0,0,9362,0,0
1,100.0,9742,113.44465676002008,1.4210854715202004e-14,9800,113.23292158088262,2.750185597705251,8188,0,0,8188,0,0,8188,0,0,8251,0,0
2,150.0,1963,164.79572781619692,2.842170943040401e-14,1963,164.79572781619692,2.842170943040401e-14,9742,0,6801,2941,0,0,2941,0,0,2941,0,0
3,200.0,1818,205.23032539160798,2.842170943040401e-14,1818,205.23032539160798,2.842170943040401e-14,3781,0,475,3306,0,0,1715,0,0,1715,0,0
4,250.0,691,237.06912928523724,2.842170943040401e-14,1079,246.08423126192136,12.030780538534986,1079,0,0,1079,0,0,2282,0,1496,786,0,0
5,300.0,388,262.13947730802647,0.0,620,294.459081402231,13.632399406093521,620,0,0,620,0,0,925,0,425,500,0,0
6,350.0,907,308.54260206099036,24.104214150467776,287,338.96693240395484,8.976119145499686,287,0,0,287,0,0,370,0,54,316,0,0
Totals,7,23697,NA,NA,23697,NA,NA,23697,0,7276,16421,0,0,16421,0,1975,23871,0,0
