Age,Class,N_Initial_Age,AgeSize_Mean,AgeSize_Std,N_Initial_Class,ClassSize_Mean,ClassSize_Std,N_GrowthBack_Class,Capture_Back,PackingDeaths_Emigration_Class,N_AfterEmigration_Class,Deaths_AfterEmiMort_Age,Deaths_AfterEmiMort_Size,N_GrowthOut_Class,Capture_Out,PackingDeaths_Immigration_Class,N_Immigration_Class,Deaths_AfterImmiMort_Age,Deaths_AfterImmiMort_Size
0,50.0,8631,50.180294738328506,10.014024978074227,8569,49.975795917237264,9.752152113168009,0,0,0,0,0,0,0,0,0,9870,0,0
1,100.0,9944,113.44465676002007,0.0,10006,113.22778287960692,2.7590341752663994,8631,0,0,8631,0,0,8631,0,0,8693,0,0
2,150.0,2847,164.79572781619692,2.842170943040401e-14,2847,164.79572781619692,2.842170943040401e-14,9944,0,7623,2321,0,0,2321,0,0,2321,0,0
3,200.0,2243,205.23032539160798,2.842170943040401e-14,2243,205.23032539160798,2.842170943040401e-14,5090,0,2423,2667,0,0,1474,0,0,1474,0,0
4,250.0,655,237.06912928523727,0.0,961,245.05198724046457,11.679340992569083,961,0,0,961,0,0,1848,0,887,961,0,0
5,300.0,306,262.13947730802647,0.0,604,294.36851057570107,13.540342126099858,604,0,0,604,0,0,849,0,268,581,0,0
6,350.0,890,309.15006398498355,24.44858078800244,286,340.36705090528665,6.078429985567929,286,0,1,285,0,0,346,0,64,282,0,0
Totals,7,25516,NA,NA,25516,NA,NA,25516,0,10047,15469,0,0,15469,0,1219,24182,0,0
