Age,Class,N_Initial_Age,AgeSize_Mean,AgeSize_Std,N_Initial_Class,ClassSize_Mean,ClassSize_Std,N_GrowthBack_Class,Capture_Back,PackingDeaths_Emigration_Class,N_AfterEmigration_Class,Deaths_AfterEmiMort_Age,Deaths_AfterEmiMort_Size,N_GrowthOut_Class,Capture_Out,PackingDeaths_Immigration_Class,N_Immigration_Class,Deaths_AfterImmiMort_Age,Deaths_AfterImmiMort_Size
0,50.0,1252,49.745105828941696,9.720164400753001,1249,49.67713825462042,9.632037346451016,0,0,0,0,0,0,0,0,17,1358,0,0
1,100.0,738,134.45931881561046,2.842170943040401e-14,3,78.04227260470377,1.3657954011802194,1252,0,115,1137,0,0,0,0,0,6,0,0
2,150.0,442,181.34298546680154,5.684341886080802e-14,738,134.45931881561046,2.842170943040401e-14,738,0,76,649,0,0,1102,0,279,823,0,0
3,200.0,176,218.25988232814933,2.842170943040401e-14,618,191.85653538200737,16.661119591634964,618,0,112,499,0,0,928,0,371,557,0,0
4,250.0,107,247.32879632779213,5.684341886080802e-14,169,255.72605266423773,11.03147169126213,169,0,31,136,0,0,219,0,37,182,0,0
5,300.0,62,270.21809182552283,5.684341886080802e-14,74,301.38641267852114,11.621868697113744,74,0,4,68,0,0,104,0,27,77,0,0
6,350.0,77,302.74371759828136,13.244170678137507,3,336.22390561903376,2.025123441308352,3,0,1,2,0,0,6,0,1,5,0,0
Totals,7,2854,NA,NA,2854,NA,NA,2854,0,339,2491,0,0,2359,0,732,3008,0,0
