Age,Class,N_Initial_Age,AgeSize_Mean,AgeSize_Std,N_Initial_Class,ClassSize_Mean,ClassSize_Std,N_GrowthBack_Class,Capture_Back,PackingDeaths_Emigration_Class,N_AfterEmigration_Class,Deaths_AfterEmiMort_Age,Deaths_AfterEmiMort_Size,N_GrowthOut_Class,Capture_Out,PackingDeaths_Immigration_Class,N_Immigration_Class,Deaths_AfterImmiMort_Age,Deaths_AfterImmiMort_Size
0,50.0,1494,50.076798663040634,9.944453534879992,1486,49.92405639817487,9.749150889263252,0,0,0,0,0,0,0,0,40,1301,0,0
1,100.0,847,134.4593188156105,0.0,8,78.44867436185521,2.0073151562399003,1494,0,19,1475,0,0,0,0,0,4,0,0
2,150.0,374,181.34298546680154,5.684341886080802e-14,847,134.4593188156105,0.0,847,0,43,804,0,0,1426,0,378,1048,0,0
3,200.0,171,218.2598823281493,5.684341886080802e-14,545,192.92608521595835,17.130204288782156,545,0,30,515,0,0,1065,0,449,616,0,0
4,250.0,115,247.32879632779213,5.684341886080802e-14,184,255.91228213944115,11.081232533641371,184,0,33,151,0,0,228,0,17,211,0,0
5,300.0,69,270.2180918255227,5.684341886080802e-14,64,297.3234911600908,11.890791860918016,64,0,9,55,0,0,102,0,17,85,0,0
6,350.0,71,300.7707024748284,15.408332804195375,7,332.2880630667164,3.6572896285545373,7,0,1,6,0,0,9,0,0,9,0,0
Totals,7,3141,NA,NA,3141,NA,NA,3141,0,135,3006,0,0,2830,0,901,3274,0,0
