Age,Class,N_Initial_Age,AgeSize_Mean,AgeSize_Std,N_Initial_Class,ClassSize_Mean,ClassSize_Std,N_GrowthBack_Class,Capture_Back,PackingDeaths_Emigration_Class,N_AfterEmigration_Class,Deaths_AfterEmiMort_Age,Deaths_AfterEmiMort_Size,N_GrowthOut_Class,Capture_Out,PackingDeaths_Immigration_Class,N_Immigration_Class,Deaths_AfterImmiMort_Age,Deaths_AfterImmiMort_Size
0,50.0,1444,50.22818323297796,9.85370829802287,1434,50.025405366948895,9.577114855567812,0,0,0,0,0,0,0,0,7,1483,0,0
1,100.0,922,134.45931881561046,2.842170943040401e-14,10,79.3065292215467,4.042692686597168,1444,0,33,1411,0,0,0,0,0,12,0,0
2,150.0,379,181.34298546680154,5.684341886080802e-14,922,134.45931881561046,2.842170943040401e-14,922,0,49,873,0,0,1366,0,351,1015,0,0
3,200.0,199,218.25988232814927,8.526512829121202e-14,578,194.0531281578192,17.540561552906006,578,0,36,542,0,0,1147,0,374,773,0,0
4,250.0,111,247.32879632779208,1.1368683772161603e-13,178,255.94443002637618,11.089483378359803,178,0,7,171,0,0,268,0,42,226,0,0
5,300.0,67,270.2180918255227,5.684341886080802e-14,83,302.1128446891538,12.145387253520063,83,0,8,75,0,0,116,0,26,90,0,0
6,350.0,90,304.6433288816422,14.637747035231708,7,334.6476414497194,5.438909384080631,7,0,0,7,0,0,16,0,4,12,0,0
Totals,7,3212,NA,NA,3212,NA,NA,3212,0,133,3079,0,0,2913,0,804,3611,0,0
