Age,Class,N_Initial_Age,AgeSize_Mean,AgeSize_Std,N_Initial_Class,ClassSize_Mean,ClassSize_Std,N_GrowthBack_Class,Capture_Back,PackingDeaths_Emigration_Class,N_AfterEmigration_Class,Deaths_AfterEmiMort_Age,Deaths_AfterEmiMort_Size,N_GrowthOut_Class,Capture_Out,PackingDeaths_Immigration_Class,N_Immigration_Class,Deaths_AfterImmiMort_Age,Deaths_AfterImmiMort_Size
0,50.0,1336,49.6976099546737,10.342851388959996,1322,49.395427246122125,9.964813168239045,0,0,0,0,0,0,0,0,4,1790,0,0
1,100.0,774,134.4593188156105,0.0,14,78.23229143361483,3.009802664551676,1336,0,140,1196,0,0,0,0,0,5,0,0
2,150.0,449,181.34298546680154,5.684341886080802e-14,774,134.4593188156105,0.0,774,0,110,664,0,0,1153,0,250,903,0,0
3,200.0,233,218.25988232814927,8.526512829121202e-14,682,193.95535638864027,17.50821796267516,682,0,104,578,0,0,953,0,400,553,0,0
4,250.0,134,247.32879632779213,5.684341886080802e-14,214,255.88554230825216,11.074293903976415,214,0,18,196,0,0,298,0,115,183,0,0
5,300.0,80,270.2180918255227,5.684341886080802e-14,76,296.52395889207,10.355744613797352,76,0,20,56,0,0,115,0,34,81,0,0
6,350.0,85,300.7075859872205,15.789921009183091,9,336.03599256849134,7.2946846390491125,9,0,2,7,0,0,10,0,3,7,0,0
Totals,7,3091,NA,NA,3091,NA,NA,3091,0,394,2697,0,0,2529,0,806,3522,0,0
