Age,Class,N_Initial_Age,AgeSize_Mean,AgeSize_Std,N_Initial_Class,ClassSize_Mean,ClassSize_Std,N_GrowthBack_Class,Capture_Back,PackingDeaths_Emigration_Class,N_AfterEmigration_Class,Deaths_AfterEmiMort_Age,Deaths_AfterEmiMort_Size,N_GrowthOut_Class,Capture_Out,PackingDeaths_Immigration_Class,N_Immigration_Class,Deaths_AfterImmiMort_Age,Deaths_AfterImmiMort_Size
0,50.0,1484,49.31441359470118,9.884115013554668,1480,49.239086222712984,9.790092294565948,0,0,0,0,0,0,0,0,0,1588,0,0
1,100.0,789,134.4593188156105,0.0,4,77.1855412303346,1.7974501916451004,1484,0,91,1393,0,0,0,0,0,14,0,0
2,150.0,462,181.34298546680154,5.684341886080802e-14,789,134.4593188156105,0.0,789,0,63,726,0,0,1339,0,278,1061,0,0
3,200.0,174,218.25988232814925,1.1368683772161603e-13,636,191.44289121188726,16.457493206471305,636,0,53,583,0,0,1045,0,352,693,0,0
4,250.0,122,247.32879632779213,5.684341886080802e-14,188,255.3644000663571,10.925126133434024,188,0,19,169,0,0,255,0,30,225,0,0
5,300.0,66,270.2180918255227,5.684341886080802e-14,77,298.87265275690487,11.785159543743983,77,0,2,75,0,0,114,0,28,86,0,0
6,350.0,87,302.8253949223732,15.670449927245134,10,333.2615095964794,4.503557439705457,10,0,0,10,0,0,14,0,4,10,0,0
Totals,7,3184,NA,NA,3184,NA,NA,3184,0,228,2956,0,0,2767,0,692,3677,0,0
