Age,Class,N_Initial_Age,AgeSize_Mean,AgeSize_Std,N_Initial_Class,ClassSize_Mean,ClassSize_Std,N_GrowthBack_Class,Capture_Back,PackingDeaths_Emigration_Class,N_AfterEmigration_Class,Deaths_AfterEmiMort_Age,Deaths_AfterEmiMort_Size,N_GrowthOut_Class,Capture_Out,PackingDeaths_Immigration_Class,N_Immigration_Class,Deaths_AfterImmiMort_Age,Deaths_AfterImmiMort_Size
0,50.0,1143,49.71993305982295,9.988494273428442,1135,49.52940792791103,9.76131815669298,0,0,0,0,0,0,0,0,62,1139,0,0
1,100.0,749,134.4593188156105,0.0,8,76.75068614982621,0.7119693068915917,1143,0,105,1038,0,0,0,0,0,9,0,0
2,150.0,350,181.34298546680154,5.684341886080802e-14,749,134.4593188156105,0.0,749,0,88,661,0,0,1002,0,245,757,0,0
3,200.0,178,218.2598823281493,5.684341886080802e-14,528,193.78845448445287,17.45160156107215,528,0,70,458,0,0,906,0,341,565,0,0
4,250.0,89,247.32879632779216,2.842170943040401e-14,162,257.6431084965226,11.38869191662891,162,0,18,144,0,0,210,0,44,166,0,0
5,300.0,73,270.2180918255227,5.684341886080802e-14,58,296.7814487420564,10.760400503388695,58,0,15,43,0,0,100,0,35,65,0,0
6,350.0,66,301.7926594077537,16.983605934905437,8,338.12393673405916,6.1788508443521,8,0,0,8,0,0,9,0,5,4,0,0
Totals,7,2648,NA,NA,2648,NA,NA,2648,0,296,2352,0,0,2227,0,732,2705,0,0
