Age,Class,N_Initial_Age,AgeSize_Mean,AgeSize_Std,N_Initial_Class,ClassSize_Mean,ClassSize_Std,N_GrowthBack_Class,Capture_Back,PackingDeaths_Emigration_Class,N_AfterEmigration_Class,Deaths_AfterEmiMort_Age,Deaths_AfterEmiMort_Size,N_GrowthOut_Class,Capture_Out,PackingDeaths_Immigration_Class,N_Immigration_Class,Deaths_AfterImmiMort_Age,Deaths_AfterImmiMort_Size
0,50.0,1413,50.096637148756834,9.933132116066993,1403,49.90588025378859,9.706441417257816,0,0,0,0,0,0,0,0,31,1291,0,0
1,100.0,826,134.45931881561046,2.842170943040401e-14,10,76.85982951280195,1.3871654702429508,1413,0,240,1173,0,0,0,0,0,10,0,0
2,150.0,386,181.3429854668015,2.842170943040401e-14,826,134.45931881561046,2.842170943040401e-14,826,0,93,733,0,0,1135,0,269,866,0,0
3,200.0,167,218.2598823281493,5.684341886080802e-14,553,192.4914877739355,16.949306951577473,553,0,50,503,0,0,1004,0,409,595,0,0
4,250.0,118,247.3287963277921,8.526512829121202e-14,169,254.2362168626103,10.506832600918177,169,0,4,165,0,0,248,0,58,190,0,0
5,300.0,51,270.21809182552283,5.684341886080802e-14,80,296.96083923025054,11.652345598132868,80,0,10,70,0,0,106,0,31,75,0,0
6,350.0,88,300.22611795662436,15.241143936893394,8,332.878905220363,4.961915605166115,8,0,2,6,0,0,12,0,1,11,0,0
Totals,7,3049,NA,NA,3049,NA,NA,3049,0,399,2650,0,0,2505,0,799,3038,0,0
