Age,Class,N_Initial_Age,AgeSize_Mean,AgeSize_Std,N_Initial_Class,ClassSize_Mean,ClassSize_Std,N_GrowthBack_Class,Capture_Back,PackingDeaths_Emigration_Class,N_AfterEmigration_Class,Deaths_AfterEmiMort_Age,Deaths_AfterEmiMort_Size,N_GrowthOut_Class,Capture_Out,PackingDeaths_Immigration_Class,N_Immigration_Class,Deaths_AfterImmiMort_Age,Deaths_AfterImmiMort_Size
0,50.0,1134,49.89992740166222,9.850002248890906,1126,49.69159076559316,9.565281094954383,0,0,0,0,0,0,0,0,14,1483,0,0
1,100.0,837,134.4593188156105,0.0,8,79.22330892838202,3.0183645832423798,1134,0,62,1072,0,0,0,0,0,7,0,0
2,150.0,401,181.34298546680154,5.684341886080802e-14,837,134.4593188156105,0.0,837,0,68,769,0,0,1009,0,246,763,0,0
3,200.0,203,218.25988232814927,8.526512829121202e-14,604,193.7504855708638,17.438473064363315,604,0,103,501,0,0,1014,0,439,575,0,0
4,250.0,107,247.32879632779213,5.684341886080802e-14,182,256.76119831861513,11.26635828938741,182,0,14,168,0,0,244,0,40,204,0,0
5,300.0,75,270.2180918255227,5.684341886080802e-14,54,300.9723532483726,12.161104137734752,54,0,13,41,0,0,96,0,20,76,0,0
6,350.0,61,304.87071521179473,15.824010597459129,7,334.9437932153369,4.420490256060474,7,0,0,7,0,0,11,0,1,10,0,0
Totals,7,2818,NA,NA,2818,NA,NA,2818,0,260,2558,0,0,2374,0,760,3118,0,0
