Age,Class,N_Initial_Age,AgeSize_Mean,AgeSize_Std,N_Initial_Class,ClassSize_Mean,ClassSize_Std,N_GrowthBack_Class,Capture_Back,PackingDeaths_Emigration_Class,N_AfterEmigration_Class,Deaths_AfterEmiMort_Age,Deaths_AfterEmiMort_Size,N_GrowthOut_Class,Capture_Out,PackingDeaths_Immigration_Class,N_Immigration_Class,Deaths_AfterImmiMort_Age,Deaths_AfterImmiMort_Size
0,50.0,1001,50.39613983124268,10.138688666508761,992,50.14668948571233,9.833912722398143,0,0,0,0,0,0,0,0,5,1447,0,0
1,100.0,931,134.45931881561046,2.842170943040401e-14,9,77.89111124969945,3.301841526206311,1001,0,43,944,0,0,0,0,0,10,0,0
2,150.0,394,181.34298546680154,5.684341886080802e-14,931,134.45931881561046,2.842170943040401e-14,931,0,127,768,0,0,907,0,150,757,0,0
3,200.0,231,218.25988232814927,8.526512829121202e-14,625,194.98747054675567,17.819654186481177,625,0,75,532,0,0,1017,0,373,644,0,0
4,250.0,100,247.3287963277921,8.526512829121202e-14,213,259.4719437045224,11.42331214514774,213,0,31,179,0,0,251,0,25,226,0,0
5,300.0,113,270.2180918255227,5.684341886080802e-14,53,299.70390805299684,11.1619247346444,53,0,11,41,0,0,121,0,30,91,0,0
6,350.0,61,304.72816650724576,16.611409158744543,8,338.013878766645,1.8601946615079672,8,0,1,7,0,0,8,0,0,8,0,0
Totals,7,2831,NA,NA,2831,NA,NA,2831,0,288,2471,0,0,2304,0,583,3183,0,0
