Age,Class,N_Initial_Age,AgeSize_Mean,AgeSize_Std,N_Initial_Class,ClassSize_Mean,ClassSize_Std,N_GrowthBack_Class,Capture_Back,PackingDeaths_Emigration_Class,N_AfterEmigration_Class,Deaths_AfterEmiMort_Age,Deaths_AfterEmiMort_Size,N_GrowthOut_Class,Capture_Out,PackingDeaths_Immigration_Class,N_Immigration_Class,Deaths_AfterImmiMort_Age,Deaths_AfterImmiMort_Size
0,50.0,1340,49.72053102944785,9.86351791531482,1336,49.6314131912233,9.741817010294186,0,0,0,0,0,0,0,0,35,1174,0,0
1,100.0,744,134.4593188156105,0.0,4,79.48588899645246,2.362093485590767,1340,0,184,1156,0,0,0,0,0,9,0,0
2,150.0,406,181.34298546680154,5.684341886080802e-14,744,134.4593188156105,0.0,744,0,94,650,0,0,1088,0,265,823,0,0
3,200.0,153,218.25988232814933,2.842170943040401e-14,559,191.4472524073851,16.45970747305313,559,0,89,470,0,0,934,0,369,565,0,0
4,250.0,116,247.3287963277921,8.526512829121202e-14,172,254.78112509449514,10.725733132997197,172,0,18,154,0,0,214,0,37,177,0,0
5,300.0,56,270.2180918255228,0.0,65,299.43635653900355,11.947395072415766,65,0,21,44,0,0,86,0,22,64,0,0
6,350.0,74,303.62392069466364,16.0459758881848,9,333.8674395966531,6.692094304446285,9,0,2,7,0,0,11,0,2,9,0,0
Totals,7,2889,NA,NA,2889,NA,NA,2889,0,408,2481,0,0,2333,0,730,2821,0,0
