Age,Class,N_Initial_Age,AgeSize_Mean,AgeSize_Std,N_Initial_Class,ClassSize_Mean,ClassSize_Std,N_GrowthBack_Class,Capture_Back,PackingDeaths_Emigration_Class,N_AfterEmigration_Class,Deaths_AfterEmiMort_Age,Deaths_AfterEmiMort_Size,N_GrowthOut_Class,Capture_Out,PackingDeaths_Immigration_Class,N_Immigration_Class,Deaths_AfterImmiMort_Age,Deaths_AfterImmiMort_Size
0,50.0,1502,49.57713637693075,9.630521029670406,1495,49.44266454562939,9.445993445962836,0,0,0,0,0,0,0,0,83,1201,0,0
1,100.0,754,134.45931881561046,2.842170943040401e-14,7,78.29647749057892,3.9857789948495035,1502,0,131,1371,0,0,0,0,0,12,0,0
2,150.0,340,181.3429854668015,2.842170943040401e-14,754,134.45931881561046,2.842170943040401e-14,754,0,103,651,0,0,1323,0,456,867,0,0
3,200.0,168,218.25988232814936,0.0,508,193.55172301149923,17.368230546303778,508,0,26,482,0,0,884,0,363,521,0,0
4,250.0,105,247.32879632779216,2.842170943040401e-14,180,256.86600278517983,11.284574861959749,180,0,20,160,0,0,242,0,55,187,0,0
5,300.0,75,270.2180918255227,5.684341886080802e-14,86,298.1252111534696,11.390629131784292,86,0,11,75,0,0,124,0,42,82,0,0
6,350.0,90,299.69422357393006,13.310021278525678,4,333.42799061382823,2.362407293982971,4,0,2,2,0,0,6,0,0,6,0,0
Totals,7,3034,NA,NA,3034,NA,NA,3034,0,293,2741,0,0,2579,0,999,2876,0,0
