Age,Class,N_Initial_Age,AgeSize_Mean,AgeSize_Std,N_Initial_Class,ClassSize_Mean,ClassSize_Std,N_GrowthBack_Class,Capture_Back,PackingDeaths_Emigration_Class,N_AfterEmigration_Class,Deaths_AfterEmiMort_Age,Deaths_AfterEmiMort_Size,N_GrowthOut_Class,Capture_Out,PackingDeaths_Immigration_Class,N_Immigration_Class,Deaths_AfterImmiMort_Age,Deaths_AfterImmiMort_Size
0,50.0,1343,49.92366508573284,10.430845317523504,1332,49.68347335000054,10.129142886582162,0,0,0,0,0,0,0,0,45,1192,0,0
1,100.0,754,134.45931881561046,2.842170943040401e-14,11,79.00870072167992,2.6465012423445753,1343,0,148,1195,0,0,0,0,0,17,0,0
2,150.0,399,181.34298546680157,8.526512829121202e-14,754,134.45931881561046,2.842170943040401e-14,754,0,64,690,0,0,1170,0,285,885,0,0
3,200.0,170,218.2598823281493,5.684341886080802e-14,569,192.372638307626,16.89755350789228,569,0,52,517,0,0,976,0,289,687,0,0
4,250.0,114,247.32879632779213,5.684341886080802e-14,182,255.88084079947166,11.07306680086514,182,0,29,153,0,0,229,0,30,199,0,0
5,300.0,68,270.2180918255227,5.684341886080802e-14,64,300.08795941609617,12.505874096245883,64,0,9,55,0,0,89,0,19,70,0,0
6,350.0,77,305.76979033428114,17.17531596757922,13,333.74188100842304,5.994394732060274,13,0,4,9,0,0,12,0,5,7,0,0
Totals,7,2925,NA,NA,2925,NA,NA,2925,0,306,2619,0,0,2476,0,673,3057,0,0
