Age,Class,N_Initial_Age,AgeSize_Mean,AgeSize_Std,N_Initial_Class,ClassSize_Mean,ClassSize_Std,N_GrowthBack_Class,Capture_Back,PackingDeaths_Emigration_Class,N_AfterEmigration_Class,Deaths_AfterEmiMort_Age,Deaths_AfterEmiMort_Size,N_GrowthOut_Class,Capture_Out,PackingDeaths_Immigration_Class,N_Immigration_Class,Deaths_AfterImmiMort_Age,Deaths_AfterImmiMort_Size
0,50.0,1203,50.4019208835451,9.6005538781386,1194,50.19441850546584,9.332150917069074,0,0,0,0,0,0,0,0,12,1396,0,0
1,100.0,768,134.4593188156105,0.0,9,77.93056970872755,1.670332179565934,1203,0,94,1084,0,0,0,0,0,9,0,0
2,150.0,353,181.3429854668015,2.842170943040401e-14,768,134.4593188156105,0.0,768,0,102,654,0,0,1028,0,265,763,0,0
3,200.0,181,218.2598823281493,5.684341886080802e-14,534,193.85601605089133,17.474733906339413,534,0,87,446,0,0,888,0,284,604,0,0
4,250.0,101,247.3287963277921,8.526512829121202e-14,163,256.03515412447496,11.112233359382973,163,0,16,146,0,0,226,0,48,178,0,0
5,300.0,62,270.21809182552283,5.684341886080802e-14,67,297.04610550522915,10.456086045216226,67,0,2,65,0,0,105,0,33,72,0,0
6,350.0,81,303.24338052954226,16.657372219602053,14,332.90176814589734,4.325371558973514,14,0,2,12,0,0,14,0,2,12,0,0
Totals,7,2749,NA,NA,2749,NA,NA,2749,0,303,2407,0,0,2261,0,644,3034,0,0
