Age,Class,N_Initial_Age,AgeSize_Mean,AgeSize_Std,N_Initial_Class,ClassSize_Mean,ClassSize_Std,N_GrowthBack_Class,Capture_Back,PackingDeaths_Emigration_Class,N_AfterEmigration_Class,Deaths_AfterEmiMort_Age,Deaths_AfterEmiMort_Size,N_GrowthOut_Class,Capture_Out,PackingDeaths_Immigration_Class,N_Immigration_Class,Deaths_AfterImmiMort_Age,Deaths_AfterImmiMort_Size
0,50.0,1405,48.97096274126831,10.15953639147634,1398,48.82469222261122,9.971558954390133,0,0,0,0,0,0,0,0,66,1605,0,0
1,100.0,820,134.4593188156105,0.0,7,78.18327489592646,1.1581201829767445,1405,0,27,1378,0,0,0,0,0,13,0,0
2,150.0,406,181.34298546680154,5.684341886080802e-14,820,134.4593188156105,0.0,820,0,64,756,0,0,1333,0,416,917,0,0
3,200.0,223,218.25988232814925,1.1368683772161603e-13,629,194.43116988664343,17.659971203878328,629,0,118,511,0,0,1001,0,420,581,0,0
4,250.0,121,247.32879632779216,2.842170943040401e-14,195,256.0149905166745,11.107245205406468,195,0,22,173,0,0,256,0,55,201,0,0
5,300.0,74,270.2180918255227,5.684341886080802e-14,87,297.4166096019942,10.732079243723412,87,0,13,74,0,0,127,0,41,86,0,0
6,350.0,95,300.68273868675107,14.94849624091591,8,336.20189248348186,4.835522201201862,8,0,2,6,0,0,8,0,1,7,0,0
Totals,7,3144,NA,NA,3144,NA,NA,3144,0,246,2898,0,0,2725,0,999,3410,0,0
