Age,Class,N_Initial_Age,AgeSize_Mean,AgeSize_Std,N_Initial_Class,ClassSize_Mean,ClassSize_Std,N_GrowthBack_Class,Capture_Back,PackingDeaths_Emigration_Class,N_AfterEmigration_Class,Deaths_AfterEmiMort_Age,Deaths_AfterEmiMort_Size,N_GrowthOut_Class,Capture_Out,PackingDeaths_Immigration_Class,N_Immigration_Class,Deaths_AfterImmiMort_Age,Deaths_AfterImmiMort_Size
0,50.0,1235,50.07359044916048,9.942944387349264,1225,49.845170263889834,9.653083930414544,0,0,0,0,0,0,0,0,90,1379,0,0
1,100.0,791,134.4593188156105,0.0,10,78.05506314481502,2.3068867930249124,1235,0,73,1162,0,0,0,0,0,4,0,0
2,150.0,378,181.34298546680154,5.684341886080802e-14,791,134.4593188156105,0.0,791,0,41,750,0,0,1113,0,185,928,0,0
3,200.0,183,218.25988232814925,1.1368683772161603e-13,561,193.38539567290965,17.30747734271981,561,0,58,503,0,0,991,0,293,698,0,0
4,250.0,89,247.32879632779216,2.842170943040401e-14,167,258.01960500337884,11.41979372612334,167,0,17,150,0,0,231,0,49,182,0,0
5,300.0,78,270.21809182552266,1.1368683772161603e-13,70,299.85676268756754,10.652207773890268,70,0,2,68,0,0,126,0,27,99,0,0
6,350.0,80,304.0656507436872,15.050491761186255,10,333.5278671365243,5.081962156529717,10,0,0,10,0,0,14,0,1,13,0,0
Totals,7,2834,NA,NA,2834,NA,NA,2834,0,191,2643,0,0,2475,0,645,3303,0,0
