Age,Class,N_Initial_Age,AgeSize_Mean,AgeSize_Std,N_Initial_Class,ClassSize_Mean,ClassSize_Std,N_GrowthBack_Class,Capture_Back,PackingDeaths_Emigration_Class,N_AfterEmigration_Class,Deaths_AfterEmiMort_Age,Deaths_AfterEmiMort_Size,N_GrowthOut_Class,Capture_Out,PackingDeaths_Immigration_Class,N_Immigration_Class,Deaths_AfterImmiMort_Age,Deaths_AfterImmiMort_Size
0,50.0,1317,49.17323043417224,10.377561789577456,1307,48.952889272732286,10.102610415780491,0,0,0,0,0,0,0,0,43,1412,0,0
1,100.0,821,134.4593188156105,0.0,10,77.97182023437492,2.8227519161598114,1317,0,89,1194,0,0,0,0,0,9,0,0
2,150.0,354,181.3429854668015,2.842170943040401e-14,821,134.4593188156105,0.0,821,0,95,726,0,0,1123,0,318,805,0,0
3,200.0,155,218.25988232814933,2.842170943040401e-14,509,192.58486957978562,16.989276556595794,509,0,41,468,0,0,985,0,403,582,0,0
4,250.0,103,247.32879632779208,1.1368683772161603e-13,165,255.92962251481816,11.085695333177148,165,0,16,149,0,0,218,0,52,166,0,0
5,300.0,62,270.21809182552283,5.684341886080802e-14,72,299.03392213048926,12.546977035892702,72,0,13,59,0,0,93,0,27,66,0,0
6,350.0,81,302.8927385339342,16.211930916796856,9,333.7632697614936,5.823561108935793,9,0,2,7,0,0,14,0,3,11,0,0
Totals,7,2893,NA,NA,2893,NA,NA,2893,0,256,2603,0,0,2433,0,846,3051,0,0
