Age,Class,N_Initial_Age,AgeSize_Mean,AgeSize_Std,N_Initial_Class,ClassSize_Mean,ClassSize_Std,N_GrowthBack_Class,Capture_Back,PackingDeaths_Emigration_Class,N_AfterEmigration_Class,Deaths_AfterEmiMort_Age,Deaths_AfterEmiMort_Size,N_GrowthOut_Class,Capture_Out,PackingDeaths_Immigration_Class,N_Immigration_Class,Deaths_AfterImmiMort_Age,Deaths_AfterImmiMort_Size
0,50.0,1238,49.99875455389797,9.847867016299883,1230,49.81797928373111,9.619759509584442,0,0,0,0,0,0,0,0,0,1148,0,0
1,100.0,910,134.4593188156105,0.0,8,77.79295234205165,1.482559206017182,1238,0,47,1132,0,0,0,0,0,2,0,0
2,150.0,410,181.34298546680154,5.684341886080802e-14,910,134.4593188156105,0.0,910,0,107,783,0,0,1095,0,416,679,0,0
3,200.0,169,218.25988232814933,2.842170943040401e-14,579,192.11838368712586,16.783475740534087,579,0,70,499,0,0,1050,0,521,529,0,0
4,250.0,113,247.32879632779216,2.842170943040401e-14,170,255.00344246526652,10.805880341078986,170,0,18,150,0,0,230,0,66,164,0,0
5,300.0,57,270.21809182552283,5.684341886080802e-14,82,297.77402719402096,10.9173412979926,82,0,21,59,0,0,99,0,23,76,0,0
6,350.0,87,300.16221546952977,14.40134126600801,5,339.3285031878736,5.149059242985689,5,0,0,5,0,0,6,0,3,3,0,0
Totals,7,2984,NA,NA,2984,NA,NA,2984,0,263,2628,0,0,2480,0,1029,2601,0,0
