Age,Class,N_Initial_Age,AgeSize_Mean,AgeSize_Std,N_Initial_Class,ClassSize_Mean,ClassSize_Std,N_GrowthBack_Class,Capture_Back,PackingDeaths_Emigration_Class,N_AfterEmigration_Class,Deaths_AfterEmiMort_Age,Deaths_AfterEmiMort_Size,N_GrowthOut_Class,Capture_Out,PackingDeaths_Immigration_Class,N_Immigration_Class,Deaths_AfterImmiMort_Age,Deaths_AfterImmiMort_Size
0,50.0,1145,50.14421356069418,10.321563450356656,1128,49.71355215980835,9.773062471798587,0,0,0,0,0,0,0,0,34,1266,0,0
1,100.0,786,134.45931881561046,2.842170943040401e-14,17,78.71986416064846,2.999562644416228,1145,0,70,1075,0,0,0,0,0,8,0,0
2,150.0,410,181.34298546680154,5.684341886080802e-14,786,134.45931881561046,2.842170943040401e-14,786,0,66,720,0,0,1014,0,151,863,0,0
3,200.0,224,218.2598823281493,5.684341886080802e-14,634,194.38617931055848,17.646227251929066,634,0,64,570,0,0,1004,0,337,667,0,0
4,250.0,113,247.32879632779216,2.842170943040401e-14,180,255.84870076305856,11.064621034864496,180,0,33,147,0,0,269,0,30,239,0,0
5,300.0,67,270.2180918255227,5.684341886080802e-14,62,299.5089008816484,12.70078644057173,62,0,7,55,0,0,97,0,24,73,0,0
6,350.0,69,303.1123031914593,16.23711753535365,7,335.02815222121217,6.033561555915073,7,0,1,6,0,0,15,0,3,12,0,0
Totals,7,2814,NA,NA,2814,NA,NA,2814,0,241,2573,0,0,2399,0,579,3128,0,0
