Age,Class,N_Initial_Age,AgeSize_Mean,AgeSize_Std,N_Initial_Class,ClassSize_Mean,ClassSize_Std,N_GrowthBack_Class,Capture_Back,PackingDeaths_Emigration_Class,N_AfterEmigration_Class,Deaths_AfterEmiMort_Age,Deaths_AfterEmiMort_Size,N_GrowthOut_Class,Capture_Out,PackingDeaths_Immigration_Class,N_Immigration_Class,Deaths_AfterImmiMort_Age,Deaths_AfterImmiMort_Size
0,50.0,1402,50.18075168938505,9.849995440201932,1395,50.03554612113786,9.656809229392449,0,0,0,0,0,0,0,0,0,1658,0,0
1,100.0,846,134.4593188156105,0.0,7,79.11814707578695,2.5387155005312154,1402,0,27,1367,0,0,0,0,0,10,0,0
2,150.0,362,181.34298546680154,5.684341886080802e-14,846,134.4593188156105,0.0,846,0,82,758,0,0,1329,0,313,1016,0,0
3,200.0,217,218.25988232814927,8.526512829121202e-14,579,195.1788518207091,17.870256109284153,579,0,70,506,0,0,999,0,344,655,0,0
4,250.0,132,247.32879632779213,5.684341886080802e-14,200,255.11115679702056,10.842860045994195,200,0,26,172,0,0,285,0,54,231,0,0
5,300.0,68,270.2180918255227,5.684341886080802e-14,78,300.26606398551,11.59957516395163,78,0,10,68,0,0,109,0,25,84,0,0
6,350.0,89,304.57931526230044,15.96404923875345,11,335.16418795226826,6.366921368481891,11,0,2,9,0,0,14,0,1,13,0,0
Totals,7,3116,NA,NA,3116,NA,NA,3116,0,217,2880,0,0,2736,0,737,3667,0,0
