Age,Class,N_Initial_Age,AgeSize_Mean,AgeSize_Std,N_Initial_Class,ClassSize_Mean,ClassSize_Std,N_GrowthBack_Class,Capture_Back,PackingDeaths_Emigration_Class,N_AfterEmigration_Class,Deaths_AfterEmiMort_Age,Deaths_AfterEmiMort_Size,N_GrowthOut_Class,Capture_Out,PackingDeaths_Immigration_Class,N_Immigration_Class,Deaths_AfterImmiMort_Age,Deaths_AfterImmiMort_Size
0,50.0,1190,49.863943561032876,10.144733754748772,1181,49.63217265793025,9.822289385144735,0,0,0,0,0,0,0,0,0,1265,0,0
1,100.0,804,134.4593188156105,0.0,9,80.27743651261201,3.9658704783500447,1190,0,99,1091,0,0,0,0,0,7,0,0
2,150.0,387,181.34298546680157,8.526512829121202e-14,804,134.4593188156105,0.0,804,0,54,745,0,0,1045,0,228,817,0,0
3,200.0,183,218.25988232814925,1.1368683772161603e-13,570,193.19525235386584,17.23579658387511,570,0,62,503,0,0,999,0,361,638,0,0
4,250.0,107,247.32879632779213,5.684341886080802e-14,172,255.9788207891438,11.098199979117966,172,0,10,162,0,0,232,0,28,204,0,0
5,300.0,65,270.2180918255228,0.0,72,298.5958838660606,11.490790725042993,72,0,8,64,0,0,106,0,21,85,0,0
6,350.0,77,300.8603599677717,14.078513671536285,5,333.4688158324116,3.721082446015745,5,0,0,5,0,0,10,0,1,9,0,0
Totals,7,2813,NA,NA,2813,NA,NA,2813,0,233,2570,0,0,2392,0,639,3025,0,0
