Age,Class,N_Initial_Age,AgeSize_Mean,AgeSize_Std,N_Initial_Class,ClassSize_Mean,ClassSize_Std,N_GrowthBack_Class,Capture_Back,PackingDeaths_Emigration_Class,N_AfterEmigration_Class,Deaths_AfterEmiMort_Age,Deaths_AfterEmiMort_Size,N_GrowthOut_Class,Capture_Out,PackingDeaths_Immigration_Class,N_Immigration_Class,Deaths_AfterImmiMort_Age,Deaths_AfterImmiMort_Size
0,50.0,1379,50.37342824316983,10.097342823783144,1365,50.0844875136353,9.72947833051829,0,0,0,0,0,0,0,0,56,1469,0,0
1,100.0,742,134.4593188156105,0.0,14,78.54514937278691,3.360787994831429,1379,0,38,1341,0,0,0,0,0,7,0,0
2,150.0,436,181.34298546680154,5.684341886080802e-14,742,134.4593188156105,0.0,742,0,28,714,0,0,1276,0,356,920,0,0
3,200.0,199,218.25988232814927,8.526512829121202e-14,635,192.91221771153886,17.12463193214029,635,0,57,578,0,0,1018,0,390,628,0,0
4,250.0,126,247.3287963277921,8.526512829121202e-14,178,254.01555681027526,10.4087689404658,178,0,19,159,0,0,271,0,52,219,0,0
5,300.0,52,270.21809182552283,5.684341886080802e-14,78,299.6174038313234,12.772502445396048,78,0,13,65,0,0,99,0,18,81,0,0
6,350.0,86,303.1113580481255,16.431034961909315,8,337.1774116619468,5.671689223136714,8,0,0,8,0,0,17,0,5,12,0,0
Totals,7,3020,NA,NA,3020,NA,NA,3020,0,155,2865,0,0,2681,0,877,3336,0,0
