Age,Class,N_Initial_Age,AgeSize_Mean,AgeSize_Std,N_Initial_Class,ClassSize_Mean,ClassSize_Std,N_GrowthBack_Class,Capture_Back,PackingDeaths_Emigration_Class,N_AfterEmigration_Class,Deaths_AfterEmiMort_Age,Deaths_AfterEmiMort_Size,N_GrowthOut_Class,Capture_Out,PackingDeaths_Immigration_Class,N_Immigration_Class,Deaths_AfterImmiMort_Age,Deaths_AfterImmiMort_Size
0,50.0,1362,49.817081690358364,9.652861578410652,1353,49.6392028366502,9.434200795931785,0,0,0,0,0,0,0,0,164,1298,0,0
1,100.0,748,134.4593188156105,0.0,9,76.5582026978189,0.8737850968426069,1362,0,129,1233,0,0,0,0,0,7,0,0
2,150.0,350,181.34298546680154,5.684341886080802e-14,748,134.4593188156105,0.0,748,0,99,649,0,0,1176,0,242,934,0,0
3,200.0,187,218.2598823281493,5.684341886080802e-14,537,194.1985901466377,17.587565504399635,537,0,79,458,0,0,852,0,234,618,0,0
4,250.0,101,247.3287963277921,8.526512829121202e-14,167,256.37486520713475,11.190477268744475,167,0,25,142,0,0,226,0,38,188,0,0
5,300.0,66,270.2180918255227,5.684341886080802e-14,69,296.86905206399535,10.115690689965826,69,0,19,50,0,0,98,0,28,70,0,0
6,350.0,76,300.24762451868827,14.395416197776306,7,333.5506958578036,4.4315766062514665,7,0,2,5,0,0,6,0,1,5,0,0
Totals,7,2890,NA,NA,2890,NA,NA,2890,0,353,2537,0,0,2358,0,707,3120,0,0
