Age,Class,N_Initial_Age,AgeSize_Mean,AgeSize_Std,N_Initial_Class,ClassSize_Mean,ClassSize_Std,N_GrowthBack_Class,Capture_Back,PackingDeaths_Emigration_Class,N_AfterEmigration_Class,Deaths_AfterEmiMort_Age,Deaths_AfterEmiMort_Size,N_GrowthOut_Class,Capture_Out,PackingDeaths_Immigration_Class,N_Immigration_Class,Deaths_AfterImmiMort_Age,Deaths_AfterImmiMort_Size
0,50.0,1511,49.61337595769823,10.186402817618415,1499,49.38803159774365,9.907152389143045,0,0,0,0,0,0,0,0,36,1620,0,0
1,100.0,847,134.4593188156105,0.0,12,77.76264225535719,2.441817768114173,1511,0,89,1376,0,0,0,0,1,7,0,0
2,150.0,386,181.3429854668015,2.842170943040401e-14,847,134.4593188156105,0.0,847,0,59,787,0,0,1314,0,342,972,0,0
3,200.0,168,218.25988232814936,0.0,554,192.53800112150628,16.969291758256325,554,0,86,468,0,0,1030,0,404,626,0,0
4,250.0,113,247.32879632779216,2.842170943040401e-14,186,256.31222950700896,11.176868297414872,186,0,21,165,0,0,216,0,33,183,0,0
5,300.0,73,270.2180918255227,5.684341886080802e-14,78,299.40323051624927,11.684311644993846,78,0,13,65,0,0,112,0,37,75,0,0
6,350.0,83,301.79439380497126,14.825520081285983,5,339.09654110903364,6.181235891774383,5,0,2,3,0,0,8,0,1,7,0,0
Totals,7,3181,NA,NA,3181,NA,NA,3181,0,270,2864,0,0,2680,0,854,3490,0,0
