Age,Class,N_Initial_Age,AgeSize_Mean,AgeSize_Std,N_Initial_Class,ClassSize_Mean,ClassSize_Std,N_GrowthBack_Class,Capture_Back,PackingDeaths_Emigration_Class,N_AfterEmigration_Class,Deaths_AfterEmiMort_Age,Deaths_AfterEmiMort_Size,N_GrowthOut_Class,Capture_Out,PackingDeaths_Immigration_Class,N_Immigration_Class,Deaths_AfterImmiMort_Age,Deaths_AfterImmiMort_Size
0,50.0,1379,50.08677274324414,9.9849460698526,1370,49.910677470167805,9.776931074307406,0,0,0,0,0,0,0,0,0,1281,0,0
1,100.0,797,134.4593188156105,0.0,9,76.89238653375281,1.479165531664882,1379,0,73,1217,0,0,0,0,0,10,0,0
2,150.0,422,181.34298546680154,5.684341886080802e-14,797,134.4593188156105,0.0,797,0,50,733,0,0,1142,0,312,830,0,0
3,200.0,168,218.25988232814936,0.0,590,191.85491542054123,16.660347012100093,590,0,47,531,0,0,1029,0,461,568,0,0
4,250.0,122,247.32879632779213,5.684341886080802e-14,189,255.4429910280458,10.94933991556574,189,0,20,166,0,0,232,0,50,182,0,0
5,300.0,67,270.2180918255227,5.684341886080802e-14,68,299.6301361219828,13.410343182913165,68,0,6,62,0,0,101,0,26,75,0,0
6,350.0,78,303.8434068348232,16.702092569202552,10,332.49364768213826,3.3831937379990076,10,0,1,9,0,0,16,0,0,16,0,0
Totals,7,3033,NA,NA,3033,NA,NA,3033,0,197,2718,0,0,2520,0,849,2962,0,0
