Age,Class,N_Initial_Age,AgeSize_Mean,AgeSize_Std,N_Initial_Class,ClassSize_Mean,ClassSize_Std,N_GrowthBack_Class,Capture_Back,PackingDeaths_Emigration_Class,N_AfterEmigration_Class,Deaths_AfterEmiMort_Age,Deaths_AfterEmiMort_Size,N_GrowthOut_Class,Capture_Out,PackingDeaths_Immigration_Class,N_Immigration_Class,Deaths_AfterImmiMort_Age,Deaths_AfterImmiMort_Size
0,50.0,1438,50.38776734370104,10.065116790015384,1429,50.210944013566184,9.845156394116973,0,0,0,0,0,0,0,0,6,1372,0,0
1,100.0,951,134.4593188156105,0.0,9,78.46338276177958,1.8613798984695975,1438,0,245,1193,0,0,0,0,0,7,0,0
2,150.0,386,181.3429854668015,2.842170943040401e-14,951,134.4593188156105,0.0,951,0,129,822,0,0,1129,0,244,885,0,0
3,200.0,192,218.2598823281493,5.684341886080802e-14,578,193.60603771140148,17.387679102325002,578,0,94,484,0,0,1082,0,392,690,0,0
4,250.0,97,247.32879632779216,2.842170943040401e-14,153,255.70657768643866,11.026073310120593,153,0,14,139,0,0,224,0,40,184,0,0
5,300.0,56,270.2180918255228,0.0,84,296.27492278074396,10.663828275297915,84,0,16,68,0,0,107,0,38,69,0,0
6,350.0,91,299.1422899405178,14.322777996425817,7,333.5506958578036,4.4315766062514665,7,0,2,5,0,0,10,0,3,7,0,0
Totals,7,3211,NA,NA,3211,NA,NA,3211,0,500,2711,0,0,2552,0,723,3214,0,0
