Age,Class,N_Initial_Age,AgeSize_Mean,AgeSize_Std,N_Initial_Class,ClassSize_Mean,ClassSize_Std,N_GrowthBack_Class,Capture_Back,PackingDeaths_Emigration_Class,N_AfterEmigration_Class,Deaths_AfterEmiMort_Age,Deaths_AfterEmiMort_Size,N_GrowthOut_Class,Capture_Out,PackingDeaths_Immigration_Class,N_Immigration_Class,Deaths_AfterImmiMort_Age,Deaths_AfterImmiMort_Size
0,50.0,1179,49.978101375293555,9.691853847234205,1177,49.932304204435816,9.635861599406107,0,0,0,0,0,0,0,0,0,1434,0,0
1,100.0,694,134.4593188156105,0.0,2,76.92973642507383,1.7841257706864724,1179,0,0,1179,0,0,0,0,0,12,0,0
2,150.0,353,181.3429854668015,2.842170943040401e-14,694,134.4593188156105,0.0,694,0,13,681,0,0,1119,0,226,893,0,0
3,200.0,175,218.25988232814927,8.526512829121202e-14,528,193.57869938864974,17.377913962858695,528,0,12,516,0,0,944,0,267,677,0,0
4,250.0,113,247.32879632779216,2.842170943040401e-14,178,255.687246930896,11.02067825830613,178,0,15,163,0,0,250,0,37,213,0,0
5,300.0,65,270.2180918255228,0.0,73,298.17508544823323,10.4487729772464,73,0,8,65,0,0,108,0,25,83,0,0
6,350.0,78,300.5793156360979,13.740284176261733,5,335.6810763789225,5.890666845355968,5,0,0,5,0,0,6,0,0,6,0,0
Totals,7,2657,NA,NA,2657,NA,NA,2657,0,48,2609,0,0,2427,0,555,3318,0,0
