Age,Class,N_Initial_Age,AgeSize_Mean,AgeSize_Std,N_Initial_Class,ClassSize_Mean,ClassSize_Std,N_GrowthBack_Class,Capture_Back,PackingDeaths_Emigration_Class,N_AfterEmigration_Class,Deaths_AfterEmiMort_Age,Deaths_AfterEmiMort_Size,N_GrowthOut_Class,Capture_Out,PackingDeaths_Immigration_Class,N_Immigration_Class,Deaths_AfterImmiMort_Age,Deaths_AfterImmiMort_Size
0,50.0,29633,49.94062182946869,9.98637068229378,29456,49.770950333291474,9.770360006987632,0,0,0,0,0,0,0,0,62,1633,0,0
1,100.0,1316,134.45931881561046,2.842170943040401e-14,177,78.17702630063323,2.8033403077636816,29633,0,19874,9759,0,0,0,0,0,6,0,0
2,150.0,823,181.34298546680154,5.684341886080802e-14,1316,134.45931881561046,2.842170943040401e-14,1316,0,152,1164,0,0,9565,0,7188,2377,0,0
3,200.0,85,218.25988232814925,1.1368683772161603e-13,908,184.79886237562812,10.753472285717992,908,0,143,765,0,0,1758,0,994,764,0,0
4,250.0,208,247.32879632779216,2.842170943040401e-14,290,253.8009419512884,10.307967050238744,290,0,71,219,0,0,215,0,49,166,0,0
5,300.0,82,270.2180918255227,5.684341886080802e-14,152,295.33739938839847,7.095935640936489,152,0,42,110,0,0,165,0,64,101,0,0
6,350.0,152,295.33739938839847,7.095935640936489,0,nan,nan,0,0,0,0,0,0,0,0,0,0,0,0
Totals,7,32299,NA,NA,32299,NA,NA,32299,0,20282,12017,0,0,11703,0,8357,5047,0,0
