Age,Class,N_Initial_Age,AgeSize_Mean,AgeSize_Std,N_Initial_Class,ClassSize_Mean,ClassSize_Std,N_GrowthBack_Class,Capture_Back,PackingDeaths_Emigration_Class,N_AfterEmigration_Class,Deaths_AfterEmiMort_Age,Deaths_AfterEmiMort_Size,N_GrowthOut_Class,Capture_Out,PackingDeaths_Immigration_Class,N_Immigration_Class,Deaths_AfterImmiMort_Age,Deaths_AfterImmiMort_Size
0,50.0,1560,50.38872409798074,10.112516246221103,1548,50.17613486191101,9.856148754149572,0,0,0,0,0,0,0,0,0,1783,0,0
1,100.0,955,134.45931881561046,2.842170943040401e-14,12,77.8127355509759,2.179075043720171,1560,0,0,1560,0,0,0,0,0,8,0,0
2,150.0,363,181.34298546680157,8.526512829121202e-14,955,134.45931881561046,2.842170943040401e-14,955,0,71,884,0,0,1496,0,494,1002,0,0
3,200.0,210,218.25988232814927,8.526512829121202e-14,573,194.87273824321173,17.78826235514563,573,0,47,526,0,0,1117,0,446,671,0,0
4,250.0,131,247.32879632779216,2.842170943040401e-14,210,255.93953130074792,11.088232522550395,210,0,29,181,0,0,282,0,62,220,0,0
5,300.0,79,270.21809182552266,1.1368683772161603e-13,88,299.19517903935866,11.530113368740661,88,0,16,72,0,0,120,0,22,98,0,0
6,350.0,99,302.9499018641005,15.262930754390357,11,332.9876844620359,4.244225633234623,11,0,3,8,0,0,13,0,2,11,0,0
Totals,7,3397,NA,NA,3397,NA,NA,3397,0,166,3231,0,0,3028,0,1026,3793,0,0
