Age,Class,N_Initial_Age,AgeSize_Mean,AgeSize_Std,N_Initial_Class,ClassSize_Mean,ClassSize_Std,N_GrowthBack_Class,Capture_Back,PackingDeaths_Emigration_Class,N_AfterEmigration_Class,Deaths_AfterEmiMort_Age,Deaths_AfterEmiMort_Size,N_GrowthOut_Class,Capture_Out,PackingDeaths_Immigration_Class,N_Immigration_Class,Deaths_AfterImmiMort_Age,Deaths_AfterImmiMort_Size
0,50.0,1349,50.05470890527236,9.78183791036137,1340,49.87079637728357,9.552153594960046,0,0,0,0,0,0,0,0,19,1413,0,0
1,100.0,841,134.45931881561046,2.842170943040401e-14,9,77.43724085026976,1.4206933545724214,1349,0,62,1245,0,0,0,0,0,14,0,0
2,150.0,406,181.34298546680154,5.684341886080802e-14,841,134.45931881561046,2.842170943040401e-14,841,0,86,755,0,0,1196,0,397,799,0,0
3,200.0,151,218.25988232814936,0.0,557,191.35097725506637,16.410487530924048,557,0,70,487,0,0,1044,0,425,619,0,0
4,250.0,147,247.32879632779216,2.842170943040401e-14,218,254.7835668798053,10.726641694847782,218,0,41,177,0,0,233,0,51,182,0,0
5,300.0,71,270.21809182552266,1.1368683772161603e-13,77,298.8777137765836,12.365209330822012,77,0,8,69,0,0,107,0,33,74,0,0
6,350.0,84,301.8832203964797,15.528973993326801,7,334.9437932153369,4.420490256060474,7,0,3,4,0,0,10,0,1,9,0,0
Totals,7,3049,NA,NA,3049,NA,NA,3049,0,270,2737,0,0,2590,0,926,3110,0,0
