Age,Class,N_Initial_Age,AgeSize_Mean,AgeSize_Std,N_Initial_Class,ClassSize_Mean,ClassSize_Std,N_GrowthBack_Class,Capture_Back,PackingDeaths_Emigration_Class,N_AfterEmigration_Class,Deaths_AfterEmiMort_Age,Deaths_AfterEmiMort_Size,N_GrowthOut_Class,Capture_Out,PackingDeaths_Immigration_Class,N_Immigration_Class,Deaths_AfterImmiMort_Age,Deaths_AfterImmiMort_Size
0,50.0,1731,49.95445958941564,10.033588219064804,1726,49.87140393976967,9.92833250597843,0,0,0,0,0,0,0,0,93,1490,0,0
1,100.0,1234,113.44465676002008,1.4210854715202004e-14,1239,113.30414268853977,2.2088997572672437,1731,0,229,1502,0,0,1468,0,132,1345,0,0
2,150.0,734,164.79572781619692,2.842170943040401e-14,734,164.79572781619692,2.842170943040401e-14,1234,0,231,1003,0,0,973,0,142,831,0,0
3,200.0,402,205.23032539160795,5.684341886080802e-14,402,205.23032539160795,5.684341886080802e-14,1136,0,380,756,0,0,477,0,81,396,0,0
4,250.0,158,237.06912928523732,5.684341886080802e-14,272,247.57655455949455,12.370077710143153,272,0,51,221,0,0,378,0,96,282,0,0
5,300.0,114,262.1394773080264,5.684341886080802e-14,118,294.5066059762451,13.223251095944274,118,0,24,94,0,0,174,0,49,125,0,0
6,350.0,134,299.79898139720433,19.176664589351688,16,338.8302501267792,7.7653622678829075,16,0,0,16,0,0,23,0,4,19,0,0
Totals,7,4507,NA,NA,4507,NA,NA,4507,0,915,3592,0,0,3493,0,597,4488,0,0
