Age,Class,N_Initial_Age,AgeSize_Mean,AgeSize_Std,N_Initial_Class,ClassSize_Mean,ClassSize_Std,N_GrowthBack_Class,Capture_Back,PackingDeaths_Emigration_Class,N_AfterEmigration_Class,Deaths_AfterEmiMort_Age,Deaths_AfterEmiMort_Size,N_GrowthOut_Class,Capture_Out,PackingDeaths_Immigration_Class,N_Immigration_Class,Deaths_AfterImmiMort_Age,Deaths_AfterImmiMort_Size
0,50.0,1441,50.51701238520573,9.911236093637985,1430,50.305447482571225,9.649171819671343,0,0,0,0,0,0,0,0,30,1725,0,0
1,100.0,1131,113.44465676002007,0.0,1142,113.10344285690657,3.4631765806698755,1441,0,176,1265,0,0,1220,0,91,1140,0,0
2,150.0,827,164.79572781619692,2.842170943040401e-14,827,164.79572781619692,2.842170943040401e-14,1131,0,262,869,0,0,838,0,161,677,0,0
3,200.0,438,205.23032539160798,2.842170943040401e-14,438,205.23032539160798,2.842170943040401e-14,1265,0,504,761,0,0,498,0,123,375,0,0
4,250.0,206,237.06912928523727,0.0,289,244.26926383849508,11.343189210978805,289,0,62,227,0,0,418,0,143,275,0,0
5,300.0,83,262.1394773080264,5.684341886080802e-14,99,294.5774541618466,13.620177892023321,99,0,26,73,0,0,116,0,34,82,0,0
6,350.0,113,299.66361413239616,18.82932444005412,14,335.63003106699733,8.564036748456811,14,0,2,12,0,0,23,0,5,18,0,0
Totals,7,4239,NA,NA,4239,NA,NA,4239,0,1032,3207,0,0,3113,0,587,4292,0,0
