Age,Class,N_Initial_Age,AgeSize_Mean,AgeSize_Std,N_Initial_Class,ClassSize_Mean,ClassSize_Std,N_GrowthBack_Class,Capture_Back,PackingDeaths_Emigration_Class,N_AfterEmigration_Class,Deaths_AfterEmiMort_Age,Deaths_AfterEmiMort_Size,N_GrowthOut_Class,Capture_Out,PackingDeaths_Immigration_Class,N_Immigration_Class,Deaths_AfterImmiMort_Age,Deaths_AfterImmiMort_Size
0,50.0,1529,50.05597590772889,10.191216040269902,1514,49.77216784057024,9.829981372045152,0,0,0,0,0,0,0,0,85,1383,0,0
1,100.0,1398,113.44465676002008,1.4210854715202004e-14,1413,113.07583524614452,3.56826305867075,1529,0,158,1371,0,0,1339,0,141,1206,0,0
2,150.0,822,164.79572781619694,0.0,822,164.79572781619694,0.0,1398,0,321,1077,0,0,1035,0,150,885,0,0
3,200.0,385,205.230325391608,0.0,385,205.230325391608,0.0,1207,0,429,778,0,0,518,0,101,417,0,0
4,250.0,168,237.06912928523724,2.842170943040401e-14,256,245.68706141807098,11.907384413077123,256,0,35,221,0,0,380,0,123,257,0,0
5,300.0,88,262.13947730802647,0.0,102,293.07367673436863,12.578873885370765,102,0,11,91,0,0,147,0,41,106,0,0
6,350.0,123,300.35415302931506,19.92533313146719,21,335.7164664619121,6.993739290858452,21,0,3,18,0,0,23,0,7,16,0,0
Totals,7,4513,NA,NA,4513,NA,NA,4513,0,957,3556,0,0,3442,0,648,4270,0,0
