Age,Class,N_Initial_Age,AgeSize_Mean,AgeSize_Std,N_Initial_Class,ClassSize_Mean,ClassSize_Std,N_GrowthBack_Class,Capture_Back,PackingDeaths_Emigration_Class,N_AfterEmigration_Class,Deaths_AfterEmiMort_Age,Deaths_AfterEmiMort_Size,N_GrowthOut_Class,Capture_Out,PackingDeaths_Immigration_Class,N_Immigration_Class,Deaths_AfterImmiMort_Age,Deaths_AfterImmiMort_Size
0,50.0,1818,49.90047786872699,10.12839663077611,1808,49.74660833685737,9.940309686357432,0,0,0,0,0,0,0,0,110,2069,0,0
1,100.0,1242,113.44465676002007,0.0,1252,113.15931676377994,3.1885414790930158,1818,0,200,1618,0,0,1575,0,202,1389,0,0
2,150.0,894,164.79572781619692,2.842170943040401e-14,894,164.79572781619692,2.842170943040401e-14,1242,0,297,945,0,0,905,0,156,749,0,0
3,200.0,458,205.23032539160798,2.842170943040401e-14,458,205.23032539160798,2.842170943040401e-14,1352,0,584,768,0,0,499,0,142,357,0,0
4,250.0,173,237.06912928523732,5.684341886080802e-14,266,245.83432615034772,11.95482579598876,266,0,41,225,0,0,401,0,154,247,0,0
5,300.0,93,262.13947730802636,1.1368683772161603e-13,115,295.64830431223703,13.797869750666013,115,0,22,93,0,0,149,0,57,92,0,0
6,350.0,135,301.74276334478355,19.664679535989354,20,336.7859027819262,8.598830656103413,20,0,3,17,0,0,28,0,6,22,0,0
Totals,7,4813,NA,NA,4813,NA,NA,4813,0,1147,3666,0,0,3557,0,827,4925,0,0
