Age,Class,N_Initial_Age,AgeSize_Mean,AgeSize_Std,N_Initial_Class,ClassSize_Mean,ClassSize_Std,N_GrowthBack_Class,Capture_Back,PackingDeaths_Emigration_Class,N_AfterEmigration_Class,Deaths_AfterEmiMort_Age,Deaths_AfterEmiMort_Size,N_GrowthOut_Class,Capture_Out,PackingDeaths_Immigration_Class,N_Immigration_Class,Deaths_AfterImmiMort_Age,Deaths_AfterImmiMort_Size
0,50.0,1630,50.29148684319439,10.067587085616896,1619,50.109993048383075,9.85616523529924,0,0,0,0,0,0,0,0,26,1959,0,0
1,100.0,1296,113.44465676002007,0.0,1307,113.1379647819898,3.3326519477940555,1630,0,41,1589,0,0,1549,0,154,1406,0,0
2,150.0,880,164.79572781619692,2.842170943040401e-14,880,164.79572781619692,2.842170943040401e-14,1296,0,210,1086,0,0,1044,0,116,928,0,0
3,200.0,431,205.230325391608,0.0,431,205.230325391608,0.0,1311,0,425,886,0,0,580,0,103,477,0,0
4,250.0,175,237.0691292852373,2.842170943040401e-14,271,245.95013817891908,11.990732454209523,271,0,23,248,0,0,440,0,160,280,0,0
5,300.0,96,262.13947730802647,0.0,127,292.39004418781036,13.013112011141443,127,0,15,112,0,0,187,0,42,145,0,0
6,350.0,148,298.22298145509177,18.87567047552751,21,333.4983639762696,6.064710592174872,21,0,1,20,0,0,27,0,2,25,0,0
Totals,7,4656,NA,NA,4656,NA,NA,4656,0,715,3941,0,0,3827,0,603,5220,0,0
