Age,Class,N_Initial_Age,AgeSize_Mean,AgeSize_Std,N_Initial_Class,ClassSize_Mean,ClassSize_Std,N_GrowthBack_Class,Capture_Back,PackingDeaths_Emigration_Class,N_AfterEmigration_Class,Deaths_AfterEmiMort_Age,Deaths_AfterEmiMort_Size,N_GrowthOut_Class,Capture_Out,PackingDeaths_Immigration_Class,N_Immigration_Class,Deaths_AfterImmiMort_Age,Deaths_AfterImmiMort_Size
0,50.0,1480,49.86320501861219,10.001055985582497,1467,49.612480660676816,9.678916269598554,0,0,0,0,0,0,0,0,8,1775,0,0
1,100.0,969,113.44465676002007,0.0,982,112.97750172993138,4.0460411579339635,1480,0,67,1413,0,0,1382,0,72,1318,0,0
2,150.0,785,164.79572781619692,2.842170943040401e-14,785,164.79572781619692,2.842170943040401e-14,969,0,108,861,0,0,839,0,82,757,0,0
3,200.0,368,205.23032539160798,2.842170943040401e-14,368,205.23032539160798,2.842170943040401e-14,1153,0,427,726,0,0,491,0,76,415,0,0
4,250.0,174,237.0691292852373,2.842170943040401e-14,263,245.5530113157629,11.86244581786106,263,0,27,236,0,0,364,0,81,283,0,0
5,300.0,89,262.13947730802647,0.0,99,293.21817005952755,12.282848388237344,99,0,9,90,0,0,159,0,37,122,0,0
6,350.0,119,300.2841871087354,19.588348333226055,20,335.2609715023145,8.1064645339074,20,0,0,20,0,0,23,0,7,16,0,0
Totals,7,3984,NA,NA,3984,NA,NA,3984,0,638,3346,0,0,3258,0,363,4686,0,0
