Age,Class,N_Initial_Age,AgeSize_Mean,AgeSize_Std,N_Initial_Class,ClassSize_Mean,ClassSize_Std,N_GrowthBack_Class,Capture_Back,PackingDeaths_Emigration_Class,N_AfterEmigration_Class,Deaths_AfterEmiMort_Age,Deaths_AfterEmiMort_Size,N_GrowthOut_Class,Capture_Out,PackingDeaths_Immigration_Class,N_Immigration_Class,Deaths_AfterImmiMort_Age,Deaths_AfterImmiMort_Size
0,50.0,1654,50.03329746274665,10.32447792111852,1643,49.83517480781933,10.06738835218833,0,0,0,0,0,0,0,0,2,1968,0,1
1,100.0,1409,113.44465676002008,1.4210854715202004e-14,1420,113.18267828803106,2.9755247580085236,1654,0,200,1454,0,5,1413,0,101,1323,0,2
2,150.0,910,164.79572781619692,2.842170943040401e-14,910,164.79572781619692,2.842170943040401e-14,1409,0,338,1071,0,3,1022,0,89,933,0,0
3,200.0,519,205.230325391608,0.0,519,205.230325391608,0.0,1429,0,624,805,0,0,496,0,78,418,0,0
4,250.0,211,237.0691292852372,5.684341886080802e-14,303,244.68124815684322,11.52797100909537,303,0,39,264,0,0,468,0,176,292,0,0
5,300.0,92,262.1394773080264,5.684341886080802e-14,122,293.9674749996433,12.766653375309021,122,0,29,93,0,0,155,0,45,110,0,0
6,350.0,146,300.7770263026123,19.516422649147245,24,335.39224542603785,7.3917812601856445,24,0,4,20,0,0,28,0,5,23,0,0
Totals,7,4941,NA,NA,4941,NA,NA,4941,0,1234,3707,0,8,3582,0,496,5067,0,3
