Age,Class,N_Initial_Age,AgeSize_Mean,AgeSize_Std,N_Initial_Class,ClassSize_Mean,ClassSize_Std,N_GrowthBack_Class,Capture_Back,PackingDeaths_Emigration_Class,N_AfterEmigration_Class,Deaths_AfterEmiMort_Age,Deaths_AfterEmiMort_Size,N_GrowthOut_Class,Capture_Out,PackingDeaths_Immigration_Class,N_Immigration_Class,Deaths_AfterImmiMort_Age,Deaths_AfterImmiMort_Size
0,50.0,1823,49.64298650869651,10.122239816416178,1811,49.45768816008893,9.893200885123981,0,0,0,0,0,0,0,0,34,1216,0,2
1,100.0,973,113.44465676002007,0.0,985,113.00806312175857,3.9423616714655743,1823,0,252,1571,0,1,1532,0,147,1391,0,1
2,150.0,760,164.79572781619692,2.842170943040401e-14,760,164.79572781619692,2.842170943040401e-14,973,0,175,798,0,0,772,0,92,680,0,0
3,200.0,395,205.23032539160798,2.842170943040401e-14,395,205.23032539160798,2.842170943040401e-14,1155,0,371,784,0,0,496,0,96,400,0,0
4,250.0,167,237.0691292852373,2.842170943040401e-14,268,246.5172828311391,12.149110755177594,268,0,40,228,0,0,393,0,133,260,0,0
5,300.0,101,262.13947730802636,1.1368683772161603e-13,99,291.6579317118472,11.932562882967284,99,0,21,78,0,0,155,0,43,112,0,0
6,350.0,117,298.4137798749715,19.569820240466157,18,335.5709447721554,8.63421895223534,18,0,0,18,0,0,22,0,4,18,0,0
Totals,7,4336,NA,NA,4336,NA,NA,4336,0,859,3477,0,1,3370,0,549,4077,0,3
