Age,Class,N_Initial_Age,AgeSize_Mean,AgeSize_Std,N_Initial_Class,ClassSize_Mean,ClassSize_Std,N_GrowthBack_Class,Capture_Back,PackingDeaths_Emigration_Class,N_AfterEmigration_Class,Deaths_AfterEmiMort_Age,Deaths_AfterEmiMort_Size,N_GrowthOut_Class,Capture_Out,PackingDeaths_Immigration_Class,N_Immigration_Class,Deaths_AfterImmiMort_Age,Deaths_AfterImmiMort_Size
0,50.0,1496,49.539017274833,9.991313467060174,1485,49.327604892482384,9.717850852683737,0,0,0,0,0,0,0,0,11,1222,0,0
1,100.0,1201,113.44465676002005,1.4210854715202004e-14,1212,113.12368757970127,3.3630454456668635,1496,0,97,1399,0,0,1357,0,108,1263,0,0
2,150.0,739,164.79572781619692,2.842170943040401e-14,739,164.79572781619692,2.842170943040401e-14,1201,0,132,1069,0,0,1020,0,144,876,0,0
3,200.0,387,205.23032539160798,2.842170943040401e-14,387,205.23032539160798,2.842170943040401e-14,1126,0,309,817,0,0,510,0,102,408,0,0
4,250.0,143,237.06912928523732,5.684341886080802e-14,226,246.27638099272176,12.085343215444093,226,0,22,204,0,0,410,0,130,280,0,0
5,300.0,83,262.1394773080264,5.684341886080802e-14,82,292.3263406257115,12.600706036086109,82,0,16,66,0,0,135,0,38,97,0,0
6,350.0,100,300.0506601142543,20.292837764646784,18,335.2392266731715,7.3762924136507,18,0,0,18,0,0,22,0,5,17,0,0
Totals,7,4149,NA,NA,4149,NA,NA,4149,0,576,3573,0,0,3454,0,538,4163,0,0
