Age,Class,N_Initial_Age,AgeSize_Mean,AgeSize_Std,N_Initial_Class,ClassSize_Mean,ClassSize_Std,N_GrowthBack_Class,Capture_Back,PackingDeaths_Emigration_Class,N_AfterEmigration_Class,Deaths_AfterEmiMort_Age,Deaths_AfterEmiMort_Size,N_GrowthOut_Class,Capture_Out,PackingDeaths_Immigration_Class,N_Immigration_Class,Deaths_AfterImmiMort_Age,Deaths_AfterImmiMort_Size
0,50.0,1685,50.22683209114429,9.965875848469485,1674,50.035632992617806,9.711307420351318,0,0,0,0,0,0,0,0,10,1548,0,0
1,100.0,1080,113.44465676002007,0.0,1091,113.1006340465239,3.4227204756820577,1685,0,94,1591,0,0,1560,0,87,1491,0,0
2,150.0,646,164.79572781619694,0.0,646,164.79572781619694,0.0,1080,0,112,968,0,0,928,0,68,860,0,0
3,200.0,356,205.23032539160798,2.842170943040401e-14,356,205.23032539160798,2.842170943040401e-14,1002,0,231,771,0,0,470,0,64,406,0,0
4,250.0,166,237.0691292852373,2.842170943040401e-14,267,246.5526691740077,12.158047403986323,267,0,34,233,0,0,404,0,133,271,0,0
5,300.0,101,262.13947730802636,1.1368683772161603e-13,78,293.71248427808683,13.555783731726054,78,0,6,72,0,0,149,0,42,107,0,0
6,350.0,96,301.27029932305214,20.163671722130115,18,334.02083118456864,7.209913882764193,18,0,0,18,0,0,26,0,5,21,0,0
Totals,7,4130,NA,NA,4130,NA,NA,4130,0,477,3653,0,0,3537,0,409,4704,0,0
