Age,Class,N_Initial_Age,AgeSize_Mean,AgeSize_Std,N_Initial_Class,ClassSize_Mean,ClassSize_Std,N_GrowthBack_Class,Capture_Back,PackingDeaths_Emigration_Class,N_AfterEmigration_Class,Deaths_AfterEmiMort_Age,Deaths_AfterEmiMort_Size,N_GrowthOut_Class,Capture_Out,PackingDeaths_Immigration_Class,N_Immigration_Class,Deaths_AfterImmiMort_Age,Deaths_AfterImmiMort_Size
0,50.0,1202,50.255918596776155,10.213878737174012,1189,49.93936885864963,9.802377627872483,0,0,0,0,0,0,0,0,14,1873,0,1
1,100.0,1181,113.44465676002008,1.4210854715202004e-14,1194,113.07189632661158,3.5686101821961937,1202,0,71,1131,0,0,1104,0,79,1037,0,0
2,150.0,829,164.79572781619692,2.842170943040401e-14,829,164.79572781619692,2.842170943040401e-14,1181,0,222,959,0,0,929,0,139,790,0,0
3,200.0,393,205.230325391608,0.0,393,205.230325391608,0.0,1222,0,416,806,0,0,534,0,125,409,0,0
4,250.0,182,237.0691292852373,2.842170943040401e-14,269,245.17738310673414,11.727444953109716,269,0,36,233,0,0,409,0,129,280,0,0
5,300.0,87,262.1394773080263,1.7053025658242404e-13,96,292.33063520606606,12.861094167189362,96,0,15,81,0,0,138,0,36,102,0,0
6,350.0,112,298.65068229554345,19.748399601589355,16,336.5709648324075,7.7422703226922485,16,0,2,14,0,0,22,0,3,19,0,0
Totals,7,3986,NA,NA,3986,NA,NA,3986,0,762,3224,0,0,3136,0,525,4510,0,1
