Age,Class,N_Initial_Age,AgeSize_Mean,AgeSize_Std,N_Initial_Class,ClassSize_Mean,ClassSize_Std,N_GrowthBack_Class,Capture_Back,PackingDeaths_Emigration_Class,N_AfterEmigration_Class,Deaths_AfterEmiMort_Age,Deaths_AfterEmiMort_Size,N_GrowthOut_Class,Capture_Out,PackingDeaths_Immigration_Class,N_Immigration_Class,Deaths_AfterImmiMort_Age,Deaths_AfterImmiMort_Size
0,50.0,1752,49.996875999401844,10.258516217662955,1738,49.77244062684898,9.985834619800723,0,0,0,0,0,0,0,0,11,1391,0,0
1,100.0,1296,113.44465676002007,0.0,1310,113.06435122326302,3.670724952111224,1752,0,33,1719,0,0,1704,0,152,1558,0,0
2,150.0,727,164.79572781619692,2.842170943040401e-14,727,164.79572781619692,2.842170943040401e-14,1296,0,199,1097,0,0,1057,0,158,899,0,0
3,200.0,363,205.23032539160798,2.842170943040401e-14,363,205.23032539160798,2.842170943040401e-14,1090,0,271,819,0,0,544,0,77,467,0,0
4,250.0,130,237.06912928523727,0.0,207,246.39481429854527,12.117333364528026,207,0,9,198,0,0,373,0,121,252,0,0
5,300.0,77,262.13947730802636,1.1368683772161603e-13,116,294.6897593246738,13.419798022614565,116,0,18,98,0,0,153,0,37,116,0,0
6,350.0,132,300.01587662512156,19.247434903971673,16,338.6302270533679,7.343958352516306,16,0,2,14,0,0,24,0,4,20,0,0
Totals,7,4477,NA,NA,4477,NA,NA,4477,0,532,3945,0,0,3855,0,560,4703,0,0
