Age,Class,N_Initial_Age,AgeSize_Mean,AgeSize_Std,N_Initial_Class,ClassSize_Mean,ClassSize_Std,N_GrowthBack_Class,Capture_Back,PackingDeaths_Emigration_Class,N_AfterEmigration_Class,Deaths_AfterEmiMort_Age,Deaths_AfterEmiMort_Size,N_GrowthOut_Class,Capture_Out,PackingDeaths_Immigration_Class,N_Immigration_Class,Deaths_AfterImmiMort_Age,Deaths_AfterImmiMort_Size
0,50.0,1728,50.04677025691561,9.964002758710146,1718,49.887792513545314,9.768540785979,0,0,0,0,0,0,0,0,55,1927,0,0
1,100.0,1054,113.44465676002007,0.0,1064,113.10550722813953,3.4974817815206523,1728,0,32,1696,0,0,1646,0,159,1489,0,0
2,150.0,916,164.79572781619692,2.842170943040401e-14,916,164.79572781619692,2.842170943040401e-14,1054,0,174,880,0,0,853,0,87,766,0,0
3,200.0,438,205.23032539160798,2.842170943040401e-14,438,205.23032539160798,2.842170943040401e-14,1354,0,674,680,0,0,449,0,61,388,0,0
4,250.0,192,237.0691292852372,5.684341886080802e-14,304,246.30557329363327,12.093343948770316,304,0,42,262,0,0,381,0,141,240,0,0
5,300.0,112,262.13947730802647,0.0,112,294.9914949805979,13.47511236050465,112,0,17,95,0,0,179,0,48,131,0,0
6,350.0,132,300.57543179219437,18.27204708393688,20,331.8454779371349,5.853259383828647,20,0,3,17,0,0,27,0,7,20,0,0
Totals,7,4572,NA,NA,4572,NA,NA,4572,0,942,3630,0,0,3535,0,558,4961,0,0
