Age,Class,N_Initial_Age,AgeSize_Mean,AgeSize_Std,N_Initial_Class,ClassSize_Mean,ClassSize_Std,N_GrowthBack_Class,Capture_Back,PackingDeaths_Emigration_Class,N_AfterEmigration_Class,Deaths_AfterEmiMort_Age,Deaths_AfterEmiMort_Size,N_GrowthOut_Class,Capture_Out,PackingDeaths_Immigration_Class,N_Immigration_Class,Deaths_AfterImmiMort_Age,Deaths_AfterImmiMort_Size
0,50.0,1927,50.226680009374995,9.771835408237207,1917,50.0809601127571,9.58208644086392,0,0,0,0,0,0,0,0,64,1542,0,0
1,100.0,1245,113.44465676002007,0.0,1255,113.163513552299,3.1560753854976413,1927,0,433,1494,0,2,1453,0,176,1289,0,3
2,150.0,876,164.79572781619694,0.0,876,164.79572781619694,0.0,1245,0,287,958,0,0,930,0,158,772,0,2
3,200.0,398,205.23032539160798,2.842170943040401e-14,398,205.23032539160798,2.842170943040401e-14,1274,0,507,767,0,0,514,0,110,404,0,0
4,250.0,181,237.0691292852373,2.842170943040401e-14,283,246.10508510970544,12.036862530419878,283,0,58,225,0,0,368,0,141,227,0,0
5,300.0,102,262.13947730802636,1.1368683772161603e-13,106,293.8013073446373,13.276757168369555,106,0,19,87,0,0,152,0,68,84,0,0
6,350.0,129,301.21559089085173,20.223287229645127,23,335.3857672342746,7.779349396141376,23,0,6,17,0,0,28,0,10,18,0,0
Totals,7,4858,NA,NA,4858,NA,NA,4858,0,1310,3548,0,2,3445,0,727,4336,0,5
