Age,Class,N_Initial_Age,AgeSize_Mean,AgeSize_Std,N_Initial_Class,ClassSize_Mean,ClassSize_Std,N_GrowthBack_Class,Capture_Back,PackingDeaths_Emigration_Class,N_AfterEmigration_Class,Deaths_AfterEmiMort_Age,Deaths_AfterEmiMort_Size,N_GrowthOut_Class,Capture_Out,PackingDeaths_Immigration_Class,N_Immigration_Class,Deaths_AfterImmiMort_Age,Deaths_AfterImmiMort_Size
0,50.0,1748,50.08218488379565,10.126458504779952,1732,49.8211956796668,9.79615411816881,0,0,0,0,0,0,0,0,58,1674,0,0
1,100.0,1270,113.44465676002008,1.4210854715202004e-14,1286,113.00782452948475,3.9067445331971506,1748,0,87,1661,0,0,1619,0,143,1492,0,0
2,150.0,782,164.79572781619692,2.842170943040401e-14,782,164.79572781619692,2.842170943040401e-14,1270,0,296,974,0,0,940,0,133,807,0,0
3,200.0,413,205.23032539160798,2.842170943040401e-14,413,205.23032539160798,2.842170943040401e-14,1195,0,386,809,0,0,527,0,103,424,0,0
4,250.0,169,237.06912928523727,0.0,278,246.89887005676255,12.239739314240017,278,0,31,247,0,0,406,0,153,253,0,0
5,300.0,109,262.1394773080264,5.684341886080802e-14,100,294.04873422574883,12.416981689449118,100,0,17,83,0,0,165,0,43,122,0,0
6,350.0,115,299.519010683602,18.432919901487193,15,335.98752040262326,6.899385256880626,15,0,0,15,0,0,21,0,5,16,0,0
Totals,7,4606,NA,NA,4606,NA,NA,4606,0,817,3789,0,0,3678,0,638,4788,0,0
