Age,Class,N_Initial_Age,AgeSize_Mean,AgeSize_Std,N_Initial_Class,ClassSize_Mean,ClassSize_Std,N_GrowthBack_Class,Capture_Back,PackingDeaths_Emigration_Class,N_AfterEmigration_Class,Deaths_AfterEmiMort_Age,Deaths_AfterEmiMort_Size,N_GrowthOut_Class,Capture_Out,PackingDeaths_Immigration_Class,N_Immigration_Class,Deaths_AfterImmiMort_Age,Deaths_AfterImmiMort_Size
0,50.0,1405,50.2262248909504,10.211244746166358,1393,49.98179384951617,9.902906316863149,0,0,0,0,0,0,0,0,65,1672,0,7
1,100.0,1278,113.4446567600201,2.842170943040401e-14,1290,113.1205259524922,3.361877289222061,1405,0,71,1334,0,6,1295,0,81,1224,0,3
2,150.0,843,164.7957278161969,5.684341886080802e-14,843,164.7957278161969,5.684341886080802e-14,1278,0,290,988,0,0,945,0,129,816,0,0
3,200.0,460,205.23032539160795,5.684341886080802e-14,460,205.23032539160795,5.684341886080802e-14,1303,0,417,886,0,0,553,0,131,422,0,0
4,250.0,180,237.06912928523727,0.0,265,245.11056166990548,11.70200297761752,265,0,40,225,0,0,451,0,169,282,0,0
5,300.0,85,262.13947730802636,1.1368683772161603e-13,111,293.8752006576994,13.373481666235675,111,0,14,97,0,0,158,0,32,126,0,0
6,350.0,136,300.7056795196348,18.985384318858397,25,331.0330056666283,6.311012940121296,25,0,3,22,0,0,27,0,2,25,0,0
Totals,7,4387,NA,NA,4387,NA,NA,4387,0,835,3552,0,6,3429,0,609,4567,0,10
