Age,Class,N_Initial_Age,AgeSize_Mean,AgeSize_Std,N_Initial_Class,ClassSize_Mean,ClassSize_Std,N_GrowthBack_Class,Capture_Back,PackingDeaths_Emigration_Class,N_AfterEmigration_Class,Deaths_AfterEmiMort_Age,Deaths_AfterEmiMort_Size,N_GrowthOut_Class,Capture_Out,PackingDeaths_Immigration_Class,N_Immigration_Class,Deaths_AfterImmiMort_Age,Deaths_AfterImmiMort_Size
0,50.0,1813,49.517289419128915,9.929029842350694,1805,49.389534064765186,9.761771390078646,0,0,0,0,0,0,0,0,53,1800,0,0
1,100.0,1212,113.44465676002005,1.4210854715202004e-14,1220,113.21447600256057,2.8414143326684034,1813,0,277,1447,0,0,1405,0,63,1358,0,0
2,150.0,752,164.79572781619692,2.842170943040401e-14,752,164.79572781619692,2.842170943040401e-14,1212,0,255,938,0,0,901,0,70,831,0,0
3,200.0,393,205.230325391608,0.0,393,205.230325391608,0.0,1145,0,386,747,0,0,495,0,65,430,0,0
4,250.0,191,237.06912928523727,0.0,275,244.72698104492562,11.547394301267866,275,0,39,235,0,0,388,0,94,294,0,0
5,300.0,84,262.13947730802636,1.1368683772161603e-13,96,293.1988816070671,13.062546366319282,96,0,18,78,0,0,144,0,40,104,0,0
6,350.0,114,299.6627906789364,19.344244390686743,18,334.1369723955724,6.971193245650588,18,0,0,18,0,0,23,0,8,15,0,0
Totals,7,4559,NA,NA,4559,NA,NA,4559,0,975,3463,0,0,3356,0,393,4832,0,0
