Age,Class,N_Initial_Age,AgeSize_Mean,AgeSize_Std,N_Initial_Class,ClassSize_Mean,ClassSize_Std,N_GrowthBack_Class,Capture_Back,PackingDeaths_Emigration_Class,N_AfterEmigration_Class,Deaths_AfterEmiMort_Age,Deaths_AfterEmiMort_Size,N_GrowthOut_Class,Capture_Out,PackingDeaths_Immigration_Class,N_Immigration_Class,Deaths_AfterImmiMort_Age,Deaths_AfterImmiMort_Size
0,50.0,1376,49.8833938423334,9.89694755880894,1369,49.72818283313244,9.674818355635951,0,0,0,0,0,0,0,0,0,1776,0,0
1,100.0,1296,113.44465676002007,0.0,1303,113.26626461203259,2.451623601465461,1376,0,218,1158,0,0,1132,0,26,1116,0,0
2,150.0,841,164.79572781619692,2.842170943040401e-14,841,164.79572781619692,2.842170943040401e-14,1296,0,166,1130,0,0,1073,0,101,972,0,0
3,200.0,449,205.230325391608,0.0,449,205.230325391608,0.0,1290,0,429,861,0,0,531,0,65,466,0,0
4,250.0,203,237.0691292852372,5.684341886080802e-14,291,244.65054037116667,11.514808742407705,291,0,32,259,0,0,470,0,152,318,0,0
5,300.0,88,262.13947730802647,0.0,121,294.72311093690286,13.030887308043198,121,0,16,105,0,0,163,0,43,120,0,0
6,350.0,135,298.75316354626244,17.332805425044704,14,333.5843325271548,8.705899700822696,14,0,3,11,0,0,20,0,0,20,0,0
Totals,7,4388,NA,NA,4388,NA,NA,4388,0,864,3524,0,0,3389,0,387,4788,0,0
