Age,Class,N_Initial_Age,AgeSize_Mean,AgeSize_Std,N_Initial_Class,ClassSize_Mean,ClassSize_Std,N_GrowthBack_Class,Capture_Back,PackingDeaths_Emigration_Class,N_AfterEmigration_Class,Deaths_AfterEmiMort_Age,Deaths_AfterEmiMort_Size,N_GrowthOut_Class,Capture_Out,PackingDeaths_Immigration_Class,N_Immigration_Class,Deaths_AfterImmiMort_Age,Deaths_AfterImmiMort_Size
0,50.0,1719,50.14062622440323,10.045827390752322,1707,49.94970371943049,9.81749766256717,0,0,0,0,0,0,0,0,1,1335,0,0
1,100.0,905,134.45931881561046,2.842170943040401e-14,12,77.29935255677506,1.8154634303353518,1719,0,55,1664,0,0,0,0,0,9,0,0
2,150.0,422,181.34298546680154,5.684341886080802e-14,905,134.45931881561046,2.842170943040401e-14,905,0,82,823,0,0,1612,0,552,1060,0,0
3,200.0,196,218.25988232814927,8.526512829121202e-14,618,193.05125696328076,17.179913556968653,618,0,57,561,0,0,1105,0,459,646,0,0
4,250.0,100,247.3287963277921,8.526512829121202e-14,168,256.5935111721117,11.235117027752139,168,0,10,158,0,0,265,0,40,225,0,0
5,300.0,68,270.2180918255227,5.684341886080802e-14,74,296.98222746026204,11.626947844066882,74,0,6,68,0,0,112,0,26,86,0,0
6,350.0,83,301.19839891418286,16.3907330724315,9,335.86469753530906,4.262226581306965,9,0,0,9,0,0,12,0,3,9,0,0
Totals,7,3493,NA,NA,3493,NA,NA,3493,0,210,3283,0,0,3106,0,1081,3370,0,0
