Age,Class,N_Initial_Age,AgeSize_Mean,AgeSize_Std,N_Initial_Class,ClassSize_Mean,ClassSize_Std,N_GrowthBack_Class,Capture_Back,PackingDeaths_Emigration_Class,N_AfterEmigration_Class,Deaths_AfterEmiMort_Age,Deaths_AfterEmiMort_Size,N_GrowthOut_Class,Capture_Out,PackingDeaths_Immigration_Class,N_Immigration_Class,Deaths_AfterImmiMort_Age,Deaths_AfterImmiMort_Size
0,50.0,1243,50.00335775918555,10.291198472521476,1236,49.84078497959443,10.08878673401806,0,0,0,0,0,0,0,0,40,1253,0,0
1,100.0,752,134.4593188156105,0.0,7,78.70906569841702,2.3680473255795293,1243,0,169,1074,0,0,0,0,0,5,0,0
2,150.0,358,181.34298546680154,5.684341886080802e-14,752,134.4593188156105,0.0,752,0,82,670,0,0,1029,0,273,756,0,0
3,200.0,172,218.25988232814933,2.842170943040401e-14,530,193.32356331614457,17.284429733126213,530,0,68,462,0,0,908,0,373,535,0,0
4,250.0,126,247.3287963277921,8.526512829121202e-14,185,254.62862570274407,10.667729034001448,185,0,42,143,0,0,238,0,64,174,0,0
5,300.0,59,270.21809182552283,5.684341886080802e-14,63,300.1606835031683,11.235895604245835,63,0,20,43,0,0,77,0,22,55,0,0
6,350.0,70,303.86169836518,15.586784973023128,7,337.17083212328555,7.777822117543609,7,0,2,5,0,0,7,0,3,4,0,0
Totals,7,2780,NA,NA,2780,NA,NA,2780,0,383,2397,0,0,2259,0,775,2782,0,0
