Age,Class,N_Initial_Age,AgeSize_Mean,AgeSize_Std,N_Initial_Class,ClassSize_Mean,ClassSize_Std,N_GrowthBack_Class,Capture_Back,PackingDeaths_Emigration_Class,N_AfterEmigration_Class,Deaths_AfterEmiMort_Age,Deaths_AfterEmiMort_Size,N_GrowthOut_Class,Capture_Out,PackingDeaths_Immigration_Class,N_Immigration_Class,Deaths_AfterImmiMort_Age,Deaths_AfterImmiMort_Size
0,50.0,1157,50.07301843970496,9.805438739193875,1150,49.91499074171892,9.622899375699076,0,0,0,0,0,0,0,0,45,1527,0,0
1,100.0,788,134.4593188156105,0.0,7,76.03471168026923,0.8144295609742235,1157,0,96,1061,0,0,0,0,0,8,0,0
2,150.0,411,181.34298546680154,5.684341886080802e-14,788,134.4593188156105,0.0,788,0,36,752,0,0,1015,0,152,863,0,0
3,200.0,171,218.2598823281493,5.684341886080802e-14,582,192.1897025858573,16.815940797576015,582,0,76,506,0,0,1040,0,358,682,0,0
4,250.0,97,247.32879632779216,2.842170943040401e-14,164,256.679910951865,11.251536835072988,164,0,23,141,0,0,220,0,31,189,0,0
5,300.0,67,270.2180918255227,5.684341886080802e-14,89,299.71149141784076,12.401075901136522,89,0,24,65,0,0,102,0,22,80,0,0
6,350.0,96,302.0652720343283,14.649456969621363,7,331.99191130109887,4.673731942079269,7,0,1,6,0,0,10,0,1,9,0,0
Totals,7,2787,NA,NA,2787,NA,NA,2787,0,256,2531,0,0,2387,0,609,3358,0,0
