Age,Class,N_Initial_Age,AgeSize_Mean,AgeSize_Std,N_Initial_Class,ClassSize_Mean,ClassSize_Std,N_GrowthBack_Class,Capture_Back,PackingDeaths_Emigration_Class,N_AfterEmigration_Class,Deaths_AfterEmiMort_Age,Deaths_AfterEmiMort_Size,N_GrowthOut_Class,Capture_Out,PackingDeaths_Immigration_Class,N_Immigration_Class,Deaths_AfterImmiMort_Age,Deaths_AfterImmiMort_Size
0,50.0,1265,50.41746852482985,10.13496029437401,1258,50.26163528539851,9.940359863567458,0,0,0,0,0,0,0,0,32,1100,0,0
1,100.0,809,134.45931881561046,2.842170943040401e-14,7,78.42292783977557,4.016362564001078,1265,0,44,1221,0,0,0,0,0,3,0,0
2,150.0,378,181.34298546680154,5.684341886080802e-14,809,134.45931881561046,2.842170943040401e-14,809,0,63,746,0,0,1191,0,282,909,0,0
3,200.0,166,218.25988232814927,8.526512829121202e-14,544,192.60806796493338,16.999111889401537,544,0,89,455,0,0,980,0,375,605,0,0
4,250.0,118,247.3287963277921,8.526512829121202e-14,172,254.5149704956843,10.622869897337596,172,0,16,156,0,0,210,0,33,177,0,0
5,300.0,54,270.2180918255229,1.1368683772161603e-13,58,297.60414776360926,11.286967335089422,58,0,10,48,0,0,90,0,16,74,0,0
6,350.0,62,300.14193790002656,14.589712580087644,4,336.93989487807823,2.1479677771334593,4,0,0,4,0,0,4,0,0,4,0,0
Totals,7,2852,NA,NA,2852,NA,NA,2852,0,222,2630,0,0,2475,0,738,2872,0,0
