Age,Class,N_Initial_Age,AgeSize_Mean,AgeSize_Std,N_Initial_Class,ClassSize_Mean,ClassSize_Std,N_GrowthBack_Class,Capture_Back,PackingDeaths_Emigration_Class,N_AfterEmigration_Class,Deaths_AfterEmiMort_Age,Deaths_AfterEmiMort_Size,N_GrowthOut_Class,Capture_Out,PackingDeaths_Immigration_Class,N_Immigration_Class,Deaths_AfterImmiMort_Age,Deaths_AfterImmiMort_Size
0,50.0,1308,50.30093207691967,9.84410596006582,1297,50.06815923902911,9.551827578378248,0,0,0,0,0,0,0,0,53,1391,0,0
1,100.0,825,134.45931881561046,2.842170943040401e-14,11,77.74696578092662,2.379290643152499,1308,0,120,1160,0,0,0,0,0,12,0,0
2,150.0,367,181.34298546680154,5.684341886080802e-14,825,134.45931881561046,2.842170943040401e-14,825,0,31,785,0,0,1106,0,267,839,0,0
3,200.0,186,218.25988232814933,2.842170943040401e-14,553,193.75988025199266,17.44173007521338,553,0,56,493,0,0,1020,0,394,626,0,0
4,250.0,109,247.3287963277921,8.526512829121202e-14,180,256.3573517741192,11.186709081817712,180,0,21,158,0,0,242,0,48,194,0,0
5,300.0,71,270.21809182552266,1.1368683772161603e-13,72,302.3537030776637,12.48353029937249,72,0,11,61,0,0,97,0,22,75,0,0
6,350.0,80,305.8564784380148,15.919345994559317,8,337.381456681174,5.240213742716637,8,0,1,7,0,0,16,0,1,15,0,0
Totals,7,2946,NA,NA,2946,NA,NA,2946,0,240,2664,0,0,2481,0,785,3152,0,0
