Age,Class,N_Initial_Age,AgeSize_Mean,AgeSize_Std,N_Initial_Class,ClassSize_Mean,ClassSize_Std,N_GrowthBack_Class,Capture_Back,PackingDeaths_Emigration_Class,N_AfterEmigration_Class,Deaths_AfterEmiMort_Age,Deaths_AfterEmiMort_Size,N_GrowthOut_Class,Capture_Out,PackingDeaths_Immigration_Class,N_Immigration_Class,Deaths_AfterImmiMort_Age,Deaths_AfterImmiMort_Size
0,50.0,1530,50.100199604752554,10.120064353233579,1517,49.86038462127565,9.821328961327538,0,0,0,0,0,0,0,0,0,1479,0,0
1,100.0,958,134.4593188156105,0.0,13,78.08476344586549,2.7799605426059273,1530,0,150,1380,0,0,0,0,0,9,0,0
2,150.0,405,181.34298546680157,8.526512829121202e-14,958,134.4593188156105,0.0,958,0,109,849,0,0,1320,0,448,872,0,0
3,200.0,239,218.25988232814925,1.1368683772161603e-13,644,195.04351085478618,17.83469895422112,644,0,98,546,0,0,1113,0,466,647,0,0
4,250.0,124,247.3287963277921,8.526512829121202e-14,199,255.955415233972,11.092279997250362,199,0,27,172,0,0,286,0,86,200,0,0
5,300.0,75,270.2180918255227,5.684341886080802e-14,79,301.1202711338244,12.037115057452601,79,0,14,65,0,0,114,0,33,81,0,0
6,350.0,89,304.74854247801323,15.362932368236187,10,333.41188609710434,5.5083297283144015,10,0,1,9,0,0,16,0,3,13,0,0
Totals,7,3420,NA,NA,3420,NA,NA,3420,0,399,3021,0,0,2849,0,1036,3301,0,0
