Age,Class,N_Initial_Age,AgeSize_Mean,AgeSize_Std,N_Initial_Class,ClassSize_Mean,ClassSize_Std,N_GrowthBack_Class,Capture_Back,PackingDeaths_Emigration_Class,N_AfterEmigration_Class,Deaths_AfterEmiMort_Age,Deaths_AfterEmiMort_Size,N_GrowthOut_Class,Capture_Out,PackingDeaths_Immigration_Class,N_Immigration_Class,Deaths_AfterImmiMort_Age,Deaths_AfterImmiMort_Size
0,50.0,1356,50.01850482045055,10.332840188522514,1342,49.73441025716372,10.00158970920745,0,0,0,0,0,0,0,0,45,1457,0,0
1,100.0,751,134.4593188156105,0.0,14,77.25099795837583,1.7595031588846162,1356,0,123,1233,0,0,0,0,0,10,0,0
2,150.0,386,181.3429854668015,2.842170943040401e-14,751,134.4593188156105,0.0,751,0,74,677,0,0,1189,0,286,903,0,0
3,200.0,192,218.2598823281493,5.684341886080802e-14,578,193.60603771140148,17.387679102325002,578,0,89,489,0,0,927,0,313,614,0,0
4,250.0,87,247.32879632779208,1.1368683772161603e-13,168,258.36470665705514,11.437346537437092,168,0,25,143,0,0,228,0,46,182,0,0
5,300.0,81,270.2180918255227,5.684341886080802e-14,68,299.5743070388014,12.356219226665164,68,0,17,51,0,0,105,0,8,97,0,0
6,350.0,76,303.20836581452807,15.863057123859912,8,334.09786540820465,5.13661122327477,8,0,4,4,0,0,11,0,1,10,0,0
Totals,7,2929,NA,NA,2929,NA,NA,2929,0,332,2597,0,0,2460,0,699,3273,0,0
