Age,Class,N_Initial_Age,AgeSize_Mean,AgeSize_Std,N_Initial_Class,ClassSize_Mean,ClassSize_Std,N_GrowthBack_Class,Capture_Back,PackingDeaths_Emigration_Class,N_AfterEmigration_Class,Deaths_AfterEmiMort_Age,Deaths_AfterEmiMort_Size,N_GrowthOut_Class,Capture_Out,PackingDeaths_Immigration_Class,N_Immigration_Class,Deaths_AfterImmiMort_Age,Deaths_AfterImmiMort_Size
0,50.0,1027,49.94207402085935,10.386727468335001,1020,49.744554872301826,10.142518804910429,0,0,0,0,0,0,0,0,0,1525,0,0
1,100.0,873,134.45931881561046,2.842170943040401e-14,7,78.7234356678134,2.087904068211173,1027,0,70,957,0,0,0,0,0,8,0,0
2,150.0,458,181.34298546680154,5.684341886080802e-14,873,134.45931881561046,2.842170943040401e-14,873,0,106,751,0,0,921,0,173,748,0,0
3,200.0,236,218.25988232814927,8.526512829121202e-14,694,193.89685817469504,17.48857638579542,694,0,110,570,0,0,1041,0,403,638,0,0
4,250.0,120,247.32879632779216,2.842170943040401e-14,193,255.98640550569027,11.100107121084399,193,0,33,160,0,0,278,0,65,213,0,0
5,300.0,73,270.2180918255227,5.684341886080802e-14,81,298.4404526187723,12.07653429525053,81,0,17,64,0,0,107,0,26,81,0,0
6,350.0,90,301.8449342781772,15.42353165287453,9,332.48526921282024,4.808802135963098,9,0,4,5,0,0,8,0,1,7,0,0
Totals,7,2877,NA,NA,2877,NA,NA,2877,0,340,2507,0,0,2355,0,668,3220,0,0
