Age,Class,N_Initial_Age,AgeSize_Mean,AgeSize_Std,N_Initial_Class,ClassSize_Mean,ClassSize_Std,N_GrowthBack_Class,Capture_Back,PackingDeaths_Emigration_Class,N_AfterEmigration_Class,Deaths_AfterEmiMort_Age,Deaths_AfterEmiMort_Size,N_GrowthOut_Class,Capture_Out,PackingDeaths_Immigration_Class,N_Immigration_Class,Deaths_AfterImmiMort_Age,Deaths_AfterImmiMort_Size
0,50.0,1335,50.734906757686595,10.237899965016432,1326,50.53848870688321,9.985821891784921,0,0,0,0,0,0,0,0,15,1327,0,0
1,100.0,740,134.4593188156105,0.0,9,79.67383290938564,3.5732332315027024,1335,0,100,1235,0,0,0,0,0,8,0,0
2,150.0,390,181.34298546680157,8.526512829121202e-14,740,134.4593188156105,0.0,740,0,68,672,0,0,1174,0,343,831,0,0
3,200.0,168,218.25988232814936,0.0,558,192.45775011322883,16.9347166183802,558,0,57,501,0,0,940,0,393,547,0,0
4,250.0,94,247.32879632779208,1.1368683772161603e-13,153,256.1553874020804,11.141173248105877,153,0,15,138,0,0,220,0,40,180,0,0
5,300.0,59,270.21809182552283,5.684341886080802e-14,60,298.478908680993,9.955014918537861,60,0,13,47,0,0,93,0,25,68,0,0
6,350.0,70,303.60223985892935,15.756642685253103,10,334.3422269265473,6.391451301160735,10,0,2,8,0,0,9,0,1,8,0,0
Totals,7,2856,NA,NA,2856,NA,NA,2856,0,255,2601,0,0,2436,0,817,2969,0,0
