Age,Class,N_Initial_Age,AgeSize_Mean,AgeSize_Std,N_Initial_Class,ClassSize_Mean,ClassSize_Std,N_GrowthBack_Class,Capture_Back,PackingDeaths_Emigration_Class,N_AfterEmigration_Class,Deaths_AfterEmiMort_Age,Deaths_AfterEmiMort_Size,N_GrowthOut_Class,Capture_Out,PackingDeaths_Immigration_Class,N_Immigration_Class,Deaths_AfterImmiMort_Age,Deaths_AfterImmiMort_Size
0,50.0,1287,49.48061865952035,9.944727653686623,1283,49.39495065425431,9.840728719064963,0,0,0,0,0,0,0,0,20,1436,0,0
1,100.0,890,134.45931881561046,2.842170943040401e-14,4,76.95863134860204,1.2243091206825127,1287,0,40,1247,0,0,0,0,0,4,0,0
2,150.0,358,181.34298546680154,5.684341886080802e-14,890,134.45931881561046,2.842170943040401e-14,890,0,125,755,0,0,1188,0,374,814,0,0
3,200.0,185,218.2598823281493,5.684341886080802e-14,543,193.92056542877083,17.496562648750334,543,0,95,448,0,0,981,0,371,610,0,0
4,250.0,111,247.32879632779208,1.1368683772161603e-13,171,255.36012808138182,10.923792199232054,171,0,36,135,0,0,226,0,38,188,0,0
5,300.0,60,270.21809182552283,5.684341886080802e-14,75,298.9754777158146,11.773148099950244,75,0,8,66,0,0,92,0,23,69,0,0
6,350.0,82,302.25694008161014,15.66344234712511,7,337.4154654294193,6.120011142853195,7,0,3,4,0,0,10,0,1,9,0,0
Totals,7,2973,NA,NA,2973,NA,NA,2973,0,307,2655,0,0,2497,0,827,3130,0,0
