Age,Class,N_Initial_Age,AgeSize_Mean,AgeSize_Std,N_Initial_Class,ClassSize_Mean,ClassSize_Std,N_GrowthBack_Class,Capture_Back,PackingDeaths_Emigration_Class,N_AfterEmigration_Class,Deaths_AfterEmiMort_Age,Deaths_AfterEmiMort_Size,N_GrowthOut_Class,Capture_Out,PackingDeaths_Immigration_Class,N_Immigration_Class,Deaths_AfterImmiMort_Age,Deaths_AfterImmiMort_Size
0,50.0,1172,49.414140171656875,9.739638525789962,1167,49.29404292980676,9.584331538130016,0,0,0,0,0,0,0,0,69,1131,0,0
1,100.0,688,134.4593188156105,0.0,5,77.44483641947366,2.4984119759346655,1172,0,115,1057,0,0,0,0,0,6,0,0
2,150.0,346,181.3429854668015,2.842170943040401e-14,688,134.4593188156105,0.0,688,0,55,633,0,0,1002,0,208,794,0,0
3,200.0,160,218.25988232814933,2.842170943040401e-14,506,193.01631253758345,17.166142449583322,506,0,40,466,0,0,884,0,293,591,0,0
4,250.0,97,247.32879632779216,2.842170943040401e-14,164,256.679910951865,11.251536835072988,164,0,19,145,0,0,218,0,39,179,0,0
5,300.0,67,270.2180918255227,5.684341886080802e-14,50,298.71048785914735,11.9283040027662,50,0,7,43,0,0,90,0,19,71,0,0
6,350.0,54,301.79341744826627,15.953843162038472,4,340.3300373122533,7.325079942266082,4,0,1,3,0,0,6,0,0,6,0,0
Totals,7,2584,NA,NA,2584,NA,NA,2584,0,237,2347,0,0,2200,0,628,2778,0,0
