Age,Class,N_Initial_Age,AgeSize_Mean,AgeSize_Std,N_Initial_Class,ClassSize_Mean,ClassSize_Std,N_GrowthBack_Class,Capture_Back,PackingDeaths_Emigration_Class,N_AfterEmigration_Class,Deaths_AfterEmiMort_Age,Deaths_AfterEmiMort_Size,N_GrowthOut_Class,Capture_Out,PackingDeaths_Immigration_Class,N_Immigration_Class,Deaths_AfterImmiMort_Age,Deaths_AfterImmiMort_Size
0,50.0,1694,50.213024611255065,9.964765715039011,1691,50.1630365510231,9.902559529540335,0,0,0,0,0,0,0,0,22,1279,0,0
1,100.0,816,134.4593188156105,0.0,3,78.389627895341,0.7655753118104348,1694,0,87,1581,0,0,0,0,0,8,0,0
2,150.0,327,181.3429854668015,2.842170943040401e-14,816,134.4593188156105,0.0,816,0,36,774,0,0,1504,0,503,1001,0,0
3,200.0,196,218.25988232814927,8.526512829121202e-14,523,195.17799843969667,17.870035339517475,523,0,38,480,0,0,989,0,348,641,0,0
4,250.0,108,247.3287963277921,8.526512829121202e-14,170,255.67665703872916,11.017707208731178,170,0,18,151,0,0,251,0,68,183,0,0
5,300.0,62,270.21809182552283,5.684341886080802e-14,69,295.17424555100905,9.647915280145773,69,0,9,60,0,0,104,0,14,90,0,0
6,350.0,74,297.87176513624206,13.787655074615813,5,335.09753541245743,6.5391947221904525,5,0,0,5,0,0,5,0,0,5,0,0
Totals,7,3277,NA,NA,3277,NA,NA,3277,0,188,3051,0,0,2853,0,955,3207,0,0
