Age,Class,N_Initial_Age,AgeSize_Mean,AgeSize_Std,N_Initial_Class,ClassSize_Mean,ClassSize_Std,N_GrowthBack_Class,Capture_Back,PackingDeaths_Emigration_Class,N_AfterEmigration_Class,Deaths_AfterEmiMort_Age,Deaths_AfterEmiMort_Size,N_GrowthOut_Class,Capture_Out,PackingDeaths_Immigration_Class,N_Immigration_Class,Deaths_AfterImmiMort_Age,Deaths_AfterImmiMort_Size
0,50.0,1510,50.06670652836623,10.113786607879291,1498,49.83261477327083,9.800881499138352,0,0,0,0,0,0,0,0,63,1493,0,0
1,100.0,695,134.4593188156105,0.0,12,79.28916062277499,4.4025819106785455,1510,0,75,1435,0,0,0,0,0,9,0,0
2,150.0,363,181.34298546680157,8.526512829121202e-14,695,134.4593188156105,0.0,695,0,72,623,0,0,1379,0,493,886,0,0
3,200.0,193,218.25988232814927,8.526512829121202e-14,556,194.1576636938521,17.57447513744131,556,0,90,466,0,0,842,0,242,600,0,0
4,250.0,121,247.32879632779216,2.842170943040401e-14,170,253.9262991477263,10.36750443132503,170,0,34,136,0,0,240,0,47,193,0,0
5,300.0,49,270.21809182552283,5.684341886080802e-14,78,299.28219666506095,11.598760572567867,78,0,14,64,0,0,90,0,15,75,0,0
6,350.0,87,302.9612925198957,15.537422668727315,9,334.846789928464,5.806230449241224,9,0,1,8,0,0,14,0,2,12,0,0
Totals,7,3018,NA,NA,3018,NA,NA,3018,0,286,2732,0,0,2565,0,862,3268,0,0
