Age,Class,N_Initial_Age,AgeSize_Mean,AgeSize_Std,N_Initial_Class,ClassSize_Mean,ClassSize_Std,N_GrowthBack_Class,Capture_Back,PackingDeaths_Emigration_Class,N_AfterEmigration_Class,Deaths_AfterEmiMort_Age,Deaths_AfterEmiMort_Size,N_GrowthOut_Class,Capture_Out,PackingDeaths_Immigration_Class,N_Immigration_Class,Deaths_AfterImmiMort_Age,Deaths_AfterImmiMort_Size
0,50.0,1072,50.134805635279605,9.88952377614719,1066,49.97463921207273,9.681026184320482,0,0,0,0,0,0,0,0,32,1365,0,0
1,100.0,801,134.45931881561046,2.842170943040401e-14,6,78.59104015836924,2.9053327079129403,1072,0,86,986,0,0,0,0,0,4,0,0
2,150.0,329,181.34298546680154,5.684341886080802e-14,801,134.45931881561046,2.842170943040401e-14,801,0,74,727,0,0,951,0,161,790,0,0
3,200.0,281,218.25988232814936,0.0,610,198.34896582424207,18.401213410101168,610,0,84,526,0,0,941,0,354,587,0,0
4,250.0,75,247.32879632779213,5.684341886080802e-14,169,260.06012045079024,11.372089781735632,169,0,36,133,0,0,275,0,62,213,0,0
5,300.0,94,270.21809182552266,1.1368683772161603e-13,60,303.4441697160379,10.145003200443119,60,0,8,52,0,0,99,0,36,63,0,0
6,350.0,73,308.0550758622532,13.51731688766324,13,329.33618115247833,5.684341886080802e-14,13,0,4,9,0,0,13,0,3,10,0,0
Totals,7,2725,NA,NA,2725,NA,NA,2725,0,292,2433,0,0,2279,0,648,3032,0,0
