Age,Class,N_Initial_Age,AgeSize_Mean,AgeSize_Std,N_Initial_Class,ClassSize_Mean,ClassSize_Std,N_GrowthBack_Class,Capture_Back,PackingDeaths_Emigration_Class,N_AfterEmigration_Class,Deaths_AfterEmiMort_Age,Deaths_AfterEmiMort_Size,N_GrowthOut_Class,Capture_Out,PackingDeaths_Immigration_Class,N_Immigration_Class,Deaths_AfterImmiMort_Age,Deaths_AfterImmiMort_Size
0,50.0,1084,50.16449208871292,9.835466035125506,1082,50.106561209908044,9.750003277494296,0,0,0,0,0,0,0,0,18,1201,0,0
1,100.0,635,134.4593188156105,0.0,2,81.50509752215065,4.269463637611821,1084,0,66,1018,0,0,0,0,0,6,0,0
2,150.0,359,181.34298546680154,5.684341886080802e-14,635,134.4593188156105,0.0,635,0,20,615,0,0,968,0,134,834,0,0
3,200.0,142,218.25988232814933,2.842170943040401e-14,501,191.80645723189411,16.63714718888606,501,0,7,494,0,0,900,0,302,598,0,0
4,250.0,90,247.32879632779213,5.684341886080802e-14,151,256.5754653699217,11.231600584972018,151,0,0,151,0,0,222,0,35,187,0,0
5,300.0,61,270.21809182552283,5.684341886080802e-14,63,300.25865164762746,12.380961657657643,63,0,9,54,0,0,102,0,29,73,0,0
6,350.0,66,302.0439762229464,14.715727601601822,3,339.5357923046445,8.516705813633628,3,0,0,3,0,0,9,0,0,9,0,0
Totals,7,2437,NA,NA,2437,NA,NA,2437,0,102,2335,0,0,2201,0,518,2908,0,0
