Age,Class,N_Initial_Age,AgeSize_Mean,AgeSize_Std,N_Initial_Class,ClassSize_Mean,ClassSize_Std,N_GrowthBack_Class,Capture_Back,PackingDeaths_Emigration_Class,N_AfterEmigration_Class,Deaths_AfterEmiMort_Age,Deaths_AfterEmiMort_Size,N_GrowthOut_Class,Capture_Out,PackingDeaths_Immigration_Class,N_Immigration_Class,Deaths_AfterImmiMort_Age,Deaths_AfterImmiMort_Size
0,50.0,1041,50.247817156156984,9.883901665583242,1035,50.08184015543786,9.660175779987837,0,0,0,0,0,0,0,0,31,1324,0,0
1,100.0,790,134.4593188156105,0.0,6,78.87884978020655,5.2404585745124725,1041,0,49,992,0,0,0,0,0,3,0,0
2,150.0,318,181.3429854668015,2.842170943040401e-14,790,134.4593188156105,0.0,790,0,60,730,0,0,953,0,143,810,0,0
3,200.0,164,218.2598823281493,5.684341886080802e-14,482,193.90392132833892,17.490959492398535,482,0,69,413,0,0,927,0,268,659,0,0
4,250.0,105,247.32879632779216,2.842170943040401e-14,168,255.91228213944115,11.08123253364137,168,0,32,136,0,0,211,0,28,183,0,0
5,300.0,63,270.2180918255228,0.0,70,295.38532604139994,10.148624592489915,70,0,6,64,0,0,107,0,27,80,0,0
6,350.0,74,297.42601317512316,13.08473828502996,4,333.1380380152783,4.094019832758606,4,0,0,4,0,0,4,0,0,4,0,0
Totals,7,2555,NA,NA,2555,NA,NA,2555,0,216,2339,0,0,2202,0,497,3063,0,0
