Age,Class,N_Initial_Age,AgeSize_Mean,AgeSize_Std,N_Initial_Class,ClassSize_Mean,ClassSize_Std,N_GrowthBack_Class,Capture_Back,PackingDeaths_Emigration_Class,N_AfterEmigration_Class,Deaths_AfterEmiMort_Age,Deaths_AfterEmiMort_Size,N_GrowthOut_Class,Capture_Out,PackingDeaths_Immigration_Class,N_Immigration_Class,Deaths_AfterImmiMort_Age,Deaths_AfterImmiMort_Size
0,50.0,1294,50.000952823648866,9.783083400461848,1290,49.91665977226346,9.679981779646605,0,0,0,0,0,0,0,0,26,1074,0,0
1,100.0,703,134.4593188156105,0.0,4,77.18546189544656,1.2537731826478142,1294,0,0,1294,0,0,0,0,0,10,0,0
2,150.0,398,181.3429854668015,2.842170943040401e-14,703,134.4593188156105,0.0,703,0,39,664,0,0,1247,0,213,1034,0,0
3,200.0,145,218.2598823281494,2.842170943040401e-14,543,191.20108868023692,16.332433395308,543,0,33,510,0,0,940,0,252,688,0,0
4,250.0,159,247.3287963277921,8.526512829121202e-14,193,251.36110745174472,8.719932789568071,193,0,18,175,0,0,261,0,33,228,0,0
5,300.0,34,270.21809182552283,5.684341886080802e-14,54,295.41862030333516,11.64062133226799,54,0,8,46,0,0,67,0,9,58,0,0
6,350.0,64,301.3149613991274,17.408306959626472,10,333.15520331640494,2.500136878129599,10,0,0,10,0,0,12,0,3,9,0,0
Totals,7,2797,NA,NA,2797,NA,NA,2797,0,98,2699,0,0,2527,0,536,3101,0,0
