Age,Class,N_Initial_Age,AgeSize_Mean,AgeSize_Std,N_Initial_Class,ClassSize_Mean,ClassSize_Std,N_GrowthBack_Class,Capture_Back,PackingDeaths_Emigration_Class,N_AfterEmigration_Class,Deaths_AfterEmiMort_Age,Deaths_AfterEmiMort_Size,N_GrowthOut_Class,Capture_Out,PackingDeaths_Immigration_Class,N_Immigration_Class,Deaths_AfterImmiMort_Age,Deaths_AfterImmiMort_Size
0,50.0,1295,50.54134951376615,9.83325266878462,1286,50.35326744972953,9.604656134039214,0,0,0,0,0,0,0,0,0,1088,0,0
1,100.0,610,134.45931881561046,2.842170943040401e-14,9,77.4161866638873,2.0734789725473,1295,0,33,1262,0,0,0,0,0,6,0,0
2,150.0,306,181.34298546680154,5.684341886080802e-14,610,134.45931881561046,2.842170943040401e-14,610,0,4,606,0,0,1189,0,312,877,0,0
3,200.0,154,218.25988232814936,0.0,460,193.70212050299185,17.421615728276258,460,0,52,408,0,0,799,0,261,538,0,0
4,250.0,103,247.32879632779208,1.1368683772161603e-13,166,256.0156976311477,11.107420791429755,166,0,16,150,0,0,204,0,17,187,0,0
5,300.0,63,270.2180918255228,0.0,55,298.0330293604312,10.546746604768618,55,0,10,45,0,0,100,0,23,77,0,0
6,350.0,59,300.3402174801791,13.318781414227553,4,332.0640541267116,2.7278729742332075,4,0,0,4,0,0,6,0,1,5,0,0
Totals,7,2590,NA,NA,2590,NA,NA,2590,0,115,2475,0,0,2298,0,614,2778,0,0
