Age,Class,N_Initial_Age,AgeSize_Mean,AgeSize_Std,N_Initial_Class,ClassSize_Mean,ClassSize_Std,N_GrowthBack_Class,Capture_Back,PackingDeaths_Emigration_Class,N_AfterEmigration_Class,Deaths_AfterEmiMort_Age,Deaths_AfterEmiMort_Size,N_GrowthOut_Class,Capture_Out,PackingDeaths_Immigration_Class,N_Immigration_Class,Deaths_AfterImmiMort_Age,Deaths_AfterImmiMort_Size
0,50.0,3428,50.064626896149356,10.01150731239904,3424,49.997011682242984,9.884153738013486,0,0,0,0,0,0,0,0,26075,30254,0,0
1,100.0,3393,99.95822782198644,9.92152011162324,3409,100.01413083015548,9.849245264800661,3428,0,0,3428,0,0,0,0,0,185,0,0
2,150.0,3826,149.80803319393624,10.056629027484373,3810,149.8469343832021,9.720109578484271,3393,0,616,2777,0,0,3369,0,1984,1385,0,0
3,200.0,3741,200.177924886394,10.098595718392332,3736,200.0917829229122,9.806234755802429,7567,0,7040,527,0,0,2916,0,1993,923,0,0
4,250.0,3653,250.00363564193813,9.947656419249396,3666,249.98197981451173,9.821638914585284,7343,0,7132,211,0,0,379,0,61,318,0,0
5,300.0,3690,300.0687043360433,9.967465307431938,3679,300.03064175047564,9.633300496058306,3679,0,3565,114,0,0,223,0,61,162,0,0
6,350.0,3679,349.81215710790974,9.858192043951357,3686,349.82158328811727,9.772215104732158,0,0,0,0,0,0,0,0,0,0,0,0
Totals,7,25410,NA,NA,25410,NA,NA,25410,0,18353,7057,0,0,6887,0,30174,33227,0,0
