Age,Class,N_Initial_Age,AgeSize_Mean,AgeSize_Std,N_Initial_Class,ClassSize_Mean,ClassSize_Std,N_GrowthBack_Class,Capture_Back,PackingDeaths_Emigration_Class,N_AfterEmigration_Class,Deaths_AfterEmiMort_Age,Deaths_AfterEmiMort_Size,N_GrowthOut_Class,Capture_Out,PackingDeaths_Immigration_Class,N_Immigration_Class,Deaths_AfterImmiMort_Age,Deaths_AfterImmiMort_Size
0,50.0,1390,49.85366417797774,10.419296631450539,1378,49.59723158160962,10.088514370331955,0,0,0,0,0,0,0,0,0,1475,0,0
1,100.0,811,134.45931881561046,2.842170943040401e-14,12,79.30067399425074,3.587462811751854,1390,0,109,1281,0,0,0,0,0,7,0,0
2,150.0,420,181.34298546680154,5.684341886080802e-14,811,134.45931881561046,2.842170943040401e-14,811,0,53,758,0,0,1244,0,301,943,0,0
3,200.0,206,218.25988232814925,1.1368683772161603e-13,626,193.4913572774048,17.346390158090156,626,0,79,547,0,0,1039,0,456,583,0,0
4,250.0,122,247.32879632779213,5.684341886080802e-14,195,255.89760951412205,11.077433712937955,195,0,21,174,0,0,270,0,38,232,0,0
5,300.0,73,270.2180918255227,5.684341886080802e-14,73,300.029625424058,11.713591973023307,73,0,9,64,0,0,111,0,33,78,0,0
6,350.0,78,302.3832716493813,14.57918508551908,5,336.74650653910237,7.132326405517127,5,0,0,5,0,0,9,0,0,9,0,0
Totals,7,3100,NA,NA,3100,NA,NA,3100,0,271,2829,0,0,2673,0,828,3327,0,0
