Age,Class,N_Initial_Age,AgeSize_Mean,AgeSize_Std,N_Initial_Class,ClassSize_Mean,ClassSize_Std,N_GrowthBack_Class,Capture_Back,PackingDeaths_Emigration_Class,N_AfterEmigration_Class,Deaths_AfterEmiMort_Age,Deaths_AfterEmiMort_Size,N_GrowthOut_Class,Capture_Out,PackingDeaths_Immigration_Class,N_Immigration_Class,Deaths_AfterImmiMort_Age,Deaths_AfterImmiMort_Size
0,50.0,1316,49.776837084065654,9.70390786797775,1309,49.627493549228966,9.510878549635141,0,0,0,0,0,0,0,0,19,1199,0,0
1,100.0,813,134.4593188156105,0.0,7,77.70407809852567,1.9106246574023416,1316,0,42,1268,0,0,0,0,0,8,0,0
2,150.0,463,181.34298546680157,8.526512829121202e-14,813,134.4593188156105,0.0,813,0,59,754,0,0,1225,0,330,895,0,0
3,200.0,170,218.2598823281493,5.684341886080802e-14,633,191.257475935094,16.362001735879012,633,0,118,515,0,0,1043,0,383,660,0,0
4,250.0,111,247.32879632779208,1.1368683772161603e-13,168,255.09480730023648,10.837324096047437,168,0,6,162,0,0,226,0,17,209,0,0
5,300.0,57,270.21809182552283,5.684341886080802e-14,64,299.3502530111249,10.51336792477606,64,0,3,61,0,0,104,0,42,62,0,0
6,350.0,70,302.27703412258273,13.931510918376096,6,333.49603264480055,4.399423475234382,6,0,0,6,0,0,9,0,0,9,0,0
Totals,7,3000,NA,NA,3000,NA,NA,3000,0,228,2766,0,0,2607,0,791,3042,0,0
