Age,Class,N_Initial_Age,AgeSize_Mean,AgeSize_Std,N_Initial_Class,ClassSize_Mean,ClassSize_Std,N_GrowthBack_Class,Capture_Back,PackingDeaths_Emigration_Class,N_AfterEmigration_Class,Deaths_AfterEmiMort_Age,Deaths_AfterEmiMort_Size,N_GrowthOut_Class,Capture_Out,PackingDeaths_Immigration_Class,N_Immigration_Class,Deaths_AfterImmiMort_Age,Deaths_AfterImmiMort_Size
0,50.0,1495,50.33058858113391,10.289679016759615,1486,50.16098745039326,10.083591047897325,0,0,0,0,0,0,0,0,0,1525,0,0
1,100.0,735,134.4593188156105,0.0,9,78.33361972342351,3.195008720248715,1495,0,10,1485,0,0,0,0,0,9,0,0
2,150.0,372,181.3429854668015,2.842170943040401e-14,735,134.4593188156105,0.0,735,0,65,670,0,0,1424,0,389,1035,0,0
3,200.0,162,218.25988232814933,2.842170943040401e-14,534,192.54249350339018,16.971213946649975,534,0,49,485,0,0,937,0,310,627,0,0
4,250.0,96,247.32879632779216,2.842170943040401e-14,171,257.3679610197792,11.358018289844217,171,0,14,157,0,0,210,0,38,172,0,0
5,300.0,75,270.2180918255227,5.684341886080802e-14,76,297.30397379235154,11.572834084461745,76,0,10,66,0,0,124,0,32,92,0,0
6,350.0,86,301.4081575330331,15.79091121724249,10,332.59995396221274,5.061422735680239,10,0,1,9,0,0,8,0,0,8,0,0
Totals,7,3021,NA,NA,3021,NA,NA,3021,0,149,2872,0,0,2703,0,769,3468,0,0
