Age,Class,N_Initial_Age,AgeSize_Mean,AgeSize_Std,N_Initial_Class,ClassSize_Mean,ClassSize_Std,N_GrowthBack_Class,Capture_Back,PackingDeaths_Emigration_Class,N_AfterEmigration_Class,Deaths_AfterEmiMort_Age,Deaths_AfterEmiMort_Size,N_GrowthOut_Class,Capture_Out,PackingDeaths_Immigration_Class,N_Immigration_Class,Deaths_AfterImmiMort_Age,Deaths_AfterImmiMort_Size
0,50.0,1279,50.19125207181118,10.483696179821402,1271,50.008763140259006,10.257906545034142,0,0,0,0,0,0,0,0,50,1879,0,0
1,100.0,977,134.45931881561046,2.842170943040401e-14,8,79.18418107216456,2.8419440233537414,1279,0,104,1175,0,0,0,0,0,13,0,0
2,150.0,412,181.34298546680157,8.526512829121202e-14,977,134.45931881561046,2.842170943040401e-14,977,0,97,880,0,0,1137,0,310,827,0,0
3,200.0,179,218.25988232814927,8.526512829121202e-14,591,192.52424526067844,16.963397183710633,591,0,54,537,0,0,1158,0,537,621,0,0
4,250.0,136,247.32879632779216,2.842170943040401e-14,201,254.73080730964534,10.706869293384,201,0,24,177,0,0,262,0,54,208,0,0
5,300.0,65,270.2180918255228,0.0,83,297.58481566935245,9.895585274609376,83,0,13,70,0,0,120,0,23,97,0,0
6,350.0,92,301.09506035879616,14.307534945938993,9,333.46731693922146,5.280539476283295,9,0,2,7,0,0,8,0,0,8,0,0
Totals,7,3140,NA,NA,3140,NA,NA,3140,0,294,2846,0,0,2685,0,974,3653,0,0
