Age,Class,N_Initial_Age,AgeSize_Mean,AgeSize_Std,N_Initial_Class,ClassSize_Mean,ClassSize_Std,N_GrowthBack_Class,Capture_Back,PackingDeaths_Emigration_Class,N_AfterEmigration_Class,Deaths_AfterEmiMort_Age,Deaths_AfterEmiMort_Size,N_GrowthOut_Class,Capture_Out,PackingDeaths_Immigration_Class,N_Immigration_Class,Deaths_AfterImmiMort_Age,Deaths_AfterImmiMort_Size
0,50.0,1449,50.3030853390736,9.988011880485438,1438,50.082406031968794,9.695360839043305,0,0,0,0,0,0,0,0,39,1805,0,0
1,100.0,931,134.45931881561046,2.842170943040401e-14,11,79.15188930422828,3.765188936481595,1449,0,179,1270,0,0,0,0,0,13,0,0
2,150.0,517,181.34298546680154,5.684341886080802e-14,931,134.45931881561046,2.842170943040401e-14,931,0,116,815,0,0,1228,0,348,880,0,0
3,200.0,199,218.25988232814927,8.526512829121202e-14,716,191.60340791848898,16.53803762590085,716,0,110,606,0,0,1147,0,498,649,0,0
4,250.0,139,247.32879632779213,5.684341886080802e-14,210,255.06755813892963,10.828036364556535,210,0,34,176,0,0,267,0,57,210,0,0
5,300.0,71,270.21809182552266,1.1368683772161603e-13,78,300.3641995842068,13.148270478926259,78,0,14,64,0,0,111,0,24,87,0,0
6,350.0,89,304.3546817318808,16.358762487536755,11,332.65082786993224,5.0752951742324415,11,0,0,11,0,0,18,0,7,11,0,0
Totals,7,3395,NA,NA,3395,NA,NA,3395,0,453,2942,0,0,2771,0,973,3655,0,0
