Age,Class,N_Initial_Age,AgeSize_Mean,AgeSize_Std,N_Initial_Class,ClassSize_Mean,ClassSize_Std,N_GrowthBack_Class,Capture_Back,PackingDeaths_Emigration_Class,N_AfterEmigration_Class,Deaths_AfterEmiMort_Age,Deaths_AfterEmiMort_Size,N_GrowthOut_Class,Capture_Out,PackingDeaths_Immigration_Class,N_Immigration_Class,Deaths_AfterImmiMort_Age,Deaths_AfterImmiMort_Size
0,50.0,1114,49.59686373583729,10.018239119501434,1108,49.448271713124875,9.837829958219773,0,0,0,0,0,0,0,0,9,1580,0,0
1,100.0,691,134.4593188156105,0.0,6,77.03685726339609,2.2023932591351585,1114,0,94,1020,0,0,0,0,0,13,0,0
2,150.0,415,181.34298546680157,8.526512829121202e-14,691,134.4593188156105,0.0,691,0,79,612,0,0,981,0,197,784,0,0
3,200.0,207,218.25988232814925,1.1368683772161603e-13,622,193.62883377917933,17.395784726405996,622,0,83,539,0,0,906,0,300,606,0,0
4,250.0,95,247.32879632779208,1.1368683772161603e-13,158,256.4555407351151,11.207465645491592,158,0,22,136,0,0,239,0,54,185,0,0
5,300.0,63,270.2180918255228,0.0,84,299.26649425615807,11.587919498993996,84,0,16,68,0,0,104,0,14,90,0,0
6,350.0,96,303.83705169660385,16.357174096842947,12,335.8309537797239,5.53699101950722,12,0,4,8,0,0,14,0,4,10,0,0
Totals,7,2681,NA,NA,2681,NA,NA,2681,0,298,2383,0,0,2244,0,578,3268,0,0
