Age,Class,N_Initial_Age,AgeSize_Mean,AgeSize_Std,N_Initial_Class,ClassSize_Mean,ClassSize_Std,N_GrowthBack_Class,Capture_Back,PackingDeaths_Emigration_Class,N_AfterEmigration_Class,Deaths_AfterEmiMort_Age,Deaths_AfterEmiMort_Size,N_GrowthOut_Class,Capture_Out,PackingDeaths_Immigration_Class,N_Immigration_Class,Deaths_AfterImmiMort_Age,Deaths_AfterImmiMort_Size
0,50.0,1262,49.93260311525459,10.150195396005612,1254,49.75053111139972,9.922141894157123,0,0,0,0,0,0,0,0,0,1229,0,0
1,100.0,768,134.4593188156105,0.0,8,78.47238971950637,0.9188843142063815,1262,0,51,1211,0,0,0,0,0,9,0,0
2,150.0,342,181.34298546680154,5.684341886080802e-14,768,134.4593188156105,0.0,768,0,52,715,0,0,1159,0,352,807,0,0
3,200.0,163,218.25988232814933,2.842170943040401e-14,505,193.25873633491972,17.259994990520035,505,0,52,453,0,0,939,0,400,539,0,0
4,250.0,118,247.3287963277921,8.526512829121202e-14,168,254.1410866544977,10.465238975244128,168,0,12,156,0,0,230,0,55,175,0,0
5,300.0,50,270.21809182552283,5.684341886080802e-14,61,297.75324556240884,11.366450750584672,61,0,9,52,0,0,90,0,22,68,0,0
6,350.0,69,302.47753716021987,16.996792499911468,8,338.500260593529,6.224547438200985,8,0,2,6,0,0,8,0,4,4,0,0
Totals,7,2772,NA,NA,2772,NA,NA,2772,0,178,2593,0,0,2426,0,833,2831,0,0
