Age,Class,N_Initial_Age,AgeSize_Mean,AgeSize_Std,N_Initial_Class,ClassSize_Mean,ClassSize_Std,N_GrowthBack_Class,Capture_Back,PackingDeaths_Emigration_Class,N_AfterEmigration_Class,Deaths_AfterEmiMort_Age,Deaths_AfterEmiMort_Size,N_GrowthOut_Class,Capture_Out,PackingDeaths_Immigration_Class,N_Immigration_Class,Deaths_AfterImmiMort_Age,Deaths_AfterImmiMort_Size
0,50.0,1034,50.03324573668487,10.294111503178119,1027,49.83829408243373,10.050507891578764,0,0,0,0,0,0,0,0,31,1401,0,0
1,100.0,760,134.4593188156105,0.0,7,78.63543843896038,3.0702766763070293,1034,0,6,1028,0,0,0,0,0,15,0,0
2,150.0,406,181.34298546680154,5.684341886080802e-14,760,134.4593188156105,0.0,760,0,43,717,0,0,978,0,115,863,0,0
3,200.0,200,218.25988232814933,2.842170943040401e-14,606,193.5267798104807,17.359234849393825,606,0,63,543,0,0,1000,0,256,744,0,0
4,250.0,106,247.32879632779213,5.684341886080802e-14,177,256.51037813761627,11.218667240414932,177,0,9,168,0,0,262,0,27,235,0,0
5,300.0,71,270.21809182552266,1.1368683772161603e-13,65,295.7787950338631,10.795523516436857,65,0,3,62,0,0,120,0,31,89,0,0
6,350.0,72,299.6032799994548,15.723765283156808,7,335.1163546799483,7.988822934230713,7,0,0,7,0,0,10,0,0,10,0,0
Totals,7,2649,NA,NA,2649,NA,NA,2649,0,124,2525,0,0,2370,0,460,3357,0,0
