Age,Class,N_Initial_Age,AgeSize_Mean,AgeSize_Std,N_Initial_Class,ClassSize_Mean,ClassSize_Std,N_GrowthBack_Class,Capture_Back,PackingDeaths_Emigration_Class,N_AfterEmigration_Class,Deaths_AfterEmiMort_Age,Deaths_AfterEmiMort_Size,N_GrowthOut_Class,Capture_Out,PackingDeaths_Immigration_Class,N_Immigration_Class,Deaths_AfterImmiMort_Age,Deaths_AfterImmiMort_Size
0,50.0,1395,50.12375773193631,10.137050188164372,1384,49.8953244667793,9.844785122334457,0,0,0,0,0,0,0,0,12,1435,0,0
1,100.0,845,134.4593188156105,0.0,11,78.86481582078211,2.218823983780395,1395,0,54,1341,0,0,0,0,0,11,0,0
2,150.0,325,181.3429854668015,2.842170943040401e-14,845,134.4593188156105,0.0,845,0,30,815,0,0,1284,0,349,935,0,0
3,200.0,203,218.25988232814927,8.526512829121202e-14,528,195.53641361614547,17.958950984611917,528,0,19,509,0,0,1025,0,424,601,0,0
4,250.0,115,247.32879632779213,5.684341886080802e-14,194,256.64969500985774,11.245872664976899,194,0,14,180,0,0,270,0,37,233,0,0
5,300.0,79,270.21809182552266,1.1368683772161603e-13,66,298.3588203209103,10.850733439585229,66,0,2,64,0,0,127,0,41,86,0,0
6,350.0,75,302.3516125993607,14.897979700867143,9,331.6320893079968,3.451004226018552,9,0,1,8,0,0,10,0,3,7,0,0
Totals,7,3037,NA,NA,3037,NA,NA,3037,0,120,2917,0,0,2716,0,866,3308,0,0
