Age,Class,N_Initial_Age,AgeSize_Mean,AgeSize_Std,N_Initial_Class,ClassSize_Mean,ClassSize_Std,N_GrowthBack_Class,Capture_Back,PackingDeaths_Emigration_Class,N_AfterEmigration_Class,Deaths_AfterEmiMort_Age,Deaths_AfterEmiMort_Size,N_GrowthOut_Class,Capture_Out,PackingDeaths_Immigration_Class,N_Immigration_Class,Deaths_AfterImmiMort_Age,Deaths_AfterImmiMort_Size
0,50.0,1168,49.940943264839866,9.80869658367936,1160,49.744369095212434,9.549324143272095,0,0,0,0,0,0,0,0,20,1102,0,0
1,100.0,720,134.4593188156105,0.0,8,78.44419786081673,2.4915615038122927,1168,0,0,1168,0,0,0,0,0,7,0,0
2,150.0,342,181.34298546680154,5.684341886080802e-14,720,134.4593188156105,0.0,720,0,72,648,0,0,1117,0,282,835,0,0
3,200.0,149,218.25988232814936,0.0,491,192.54587270171155,16.972658901962724,491,0,42,449,0,0,892,0,238,654,0,0
4,250.0,95,247.32879632779208,1.1368683772161603e-13,159,256.542097660212,11.225019165481347,159,0,12,147,0,0,203,0,13,190,0,0
5,300.0,64,270.2180918255228,0.0,61,299.63137726653116,11.470333472208772,61,0,10,51,0,0,100,0,32,68,0,0
6,350.0,64,301.5018967214428,14.14017185524599,3,339.5357923046445,8.516705813633628,3,0,0,3,0,0,7,0,0,7,0,0
Totals,7,2602,NA,NA,2602,NA,NA,2602,0,136,2466,0,0,2319,0,585,2863,0,0
