Age,Class,N_Initial_Age,AgeSize_Mean,AgeSize_Std,N_Initial_Class,ClassSize_Mean,ClassSize_Std,N_GrowthBack_Class,Capture_Back,PackingDeaths_Emigration_Class,N_AfterEmigration_Class,Deaths_AfterEmiMort_Age,Deaths_AfterEmiMort_Size,N_GrowthOut_Class,Capture_Out,PackingDeaths_Immigration_Class,N_Immigration_Class,Deaths_AfterImmiMort_Age,Deaths_AfterImmiMort_Size
0,50.0,1314,50.239627485239666,9.869096002810476,1310,50.15567511622567,9.765846167462215,0,0,0,0,0,0,0,0,47,1367,0,0
1,100.0,831,134.4593188156105,0.0,4,77.73402833732413,1.75812299815308,1314,0,35,1266,0,0,0,0,0,12,0,0
2,150.0,442,181.34298546680154,5.684341886080802e-14,831,134.4593188156105,0.0,831,0,88,743,0,0,1222,0,321,901,0,0
3,200.0,196,218.25988232814927,8.526512829121202e-14,638,192.68422650884565,17.031138466206045,638,0,126,512,0,0,1017,0,427,590,0,0
4,250.0,111,247.32879632779208,1.1368683772161603e-13,158,254.13763739357276,10.463711506567586,158,0,18,140,0,0,240,0,51,189,0,0
5,300.0,47,270.2180918255229,1.1368683772161603e-13,93,299.040676621902,12.154172570885859,93,0,19,74,0,0,101,0,21,80,0,0
6,350.0,104,302.9820465900249,16.329094926543437,11,336.3045381387001,5.503684297153045,11,0,3,8,0,0,12,0,2,10,0,0
Totals,7,3045,NA,NA,3045,NA,NA,3045,0,289,2743,0,0,2592,0,869,3149,0,0
