Age,Class,N_Initial_Age,AgeSize_Mean,AgeSize_Std,N_Initial_Class,ClassSize_Mean,ClassSize_Std,N_GrowthBack_Class,Capture_Back,PackingDeaths_Emigration_Class,N_AfterEmigration_Class,Deaths_AfterEmiMort_Age,Deaths_AfterEmiMort_Size,N_GrowthOut_Class,Capture_Out,PackingDeaths_Immigration_Class,N_Immigration_Class,Deaths_AfterImmiMort_Age,Deaths_AfterImmiMort_Size
0,50.0,1516,50.27540064744452,10.247808529821324,1507,50.11298613326662,10.05852124442403,0,0,0,0,0,0,0,0,32,1462,0,0
1,100.0,879,134.4593188156105,0.0,9,77.47080874367904,2.149807010536661,1516,0,101,1415,0,0,0,0,0,12,0,0
2,150.0,342,181.34298546680154,5.684341886080802e-14,879,134.4593188156105,0.0,879,0,56,823,0,0,1348,0,405,943,0,0
3,200.0,198,218.25988232814927,8.526512829121202e-14,540,194.87918098262907,17.79004622563234,540,0,76,464,0,0,1036,0,475,561,0,0
4,250.0,106,247.32879632779213,5.684341886080802e-14,202,258.2068773564166,11.430615217350418,202,0,19,183,0,0,259,0,47,212,0,0
5,300.0,96,270.2180918255227,5.684341886080802e-14,77,298.8893115927806,11.59348753554129,77,0,16,61,0,0,121,0,28,93,0,0
6,350.0,81,300.81740455292214,14.186711133905394,4,337.93319403564595,6.249342204717007,4,0,0,4,0,0,11,0,2,9,0,0
Totals,7,3218,NA,NA,3218,NA,NA,3218,0,268,2950,0,0,2775,0,989,3292,0,0
