Age,Class,N_Initial_Age,AgeSize_Mean,AgeSize_Std,N_Initial_Class,ClassSize_Mean,ClassSize_Std,N_GrowthBack_Class,Capture_Back,PackingDeaths_Emigration_Class,N_AfterEmigration_Class,Deaths_AfterEmiMort_Age,Deaths_AfterEmiMort_Size,N_GrowthOut_Class,Capture_Out,PackingDeaths_Immigration_Class,N_Immigration_Class,Deaths_AfterImmiMort_Age,Deaths_AfterImmiMort_Size
0,50.0,8865,49.97769702529909,9.948830781597215,8808,49.796054529677285,9.71806992176105,0,0,0,0,0,0,0,0,0,8525,0,0
1,100.0,9180,113.44465676002007,0.0,9237,113.22621899846953,2.7802663520829705,8865,0,0,8865,0,0,8865,0,0,8922,0,0
2,150.0,2957,164.79572781619692,2.842170943040401e-14,2957,164.79572781619692,2.842170943040401e-14,9180,0,6170,3010,0,0,3010,0,0,3010,0,0
3,200.0,1220,205.23032539160798,2.842170943040401e-14,1220,205.23032539160798,2.842170943040401e-14,4177,0,1714,2463,0,0,1756,0,0,1756,0,0
4,250.0,618,237.06912928523724,2.842170943040401e-14,1274,249.9781938872386,12.529596694315359,1274,0,0,1274,0,0,1325,0,27,1298,0,0
5,300.0,656,262.13947730802647,0.0,632,291.8939782402082,12.339174512457337,632,0,0,632,0,0,1256,0,783,473,0,0
6,350.0,913,307.44688922342453,25.931788144941994,281,342.42710182624586,8.648169518220172,281,0,2,279,0,0,311,0,0,311,0,0
Totals,7,24409,NA,NA,24409,NA,NA,24409,0,7886,16523,0,0,16523,0,810,24295,0,0
