Age,Class,N_Initial_Age,AgeSize_Mean,AgeSize_Std,N_Initial_Class,ClassSize_Mean,ClassSize_Std,N_GrowthBack_Class,Capture_Back,PackingDeaths_Emigration_Class,N_AfterEmigration_Class,Deaths_AfterEmiMort_Age,Deaths_AfterEmiMort_Size,N_GrowthOut_Class,Capture_Out,PackingDeaths_Immigration_Class,N_Immigration_Class,Deaths_AfterImmiMort_Age,Deaths_AfterImmiMort_Size
0,50.0,9475,49.89393285405673,10.023455299951564,9423,49.73668652033568,9.82147804736606,0,0,0,0,0,0,0,0,0,8790,0,0
1,100.0,10768,113.44465676002007,0.0,10820,113.27618121099452,2.43464712510008,9475,0,0,9475,0,0,9475,0,0,9532,0,0
2,150.0,3314,164.79572781619692,2.842170943040401e-14,3314,164.79572781619692,2.842170943040401e-14,10768,0,8385,2383,0,0,2383,0,0,2383,0,0
3,200.0,1883,205.23032539160795,5.684341886080802e-14,1883,205.23032539160795,5.684341886080802e-14,5197,0,3423,1774,0,0,1154,0,0,1154,0,0
4,250.0,818,237.0691292852372,5.684341886080802e-14,1317,246.568069044821,12.161902362051476,1317,0,0,1317,0,0,1438,0,131,1307,0,0
5,300.0,499,262.13947730802647,0.0,436,292.2388169525411,12.227342276815031,436,0,0,436,0,0,906,0,172,734,0,0
6,350.0,745,312.7353053296015,26.720161178033788,309,341.65591676131135,9.013762179558665,309,0,0,309,0,0,338,0,27,311,0,0
Totals,7,27502,NA,NA,27502,NA,NA,27502,0,11808,15694,0,0,15694,0,330,24211,0,0
