Age,Class,N_Initial_Age,AgeSize_Mean,AgeSize_Std,N_Initial_Class,ClassSize_Mean,ClassSize_Std,N_GrowthBack_Class,Capture_Back,PackingDeaths_Emigration_Class,N_AfterEmigration_Class,Deaths_AfterEmiMort_Age,Deaths_AfterEmiMort_Size,N_GrowthOut_Class,Capture_Out,PackingDeaths_Immigration_Class,N_Immigration_Class,Deaths_AfterImmiMort_Age,Deaths_AfterImmiMort_Size
0,50.0,7353,50.04238446272605,9.929218495437572,7303,49.85172675071538,9.688101126312,0,0,0,0,0,0,0,0,0,4184,0,0
1,100.0,4963,113.44465676002007,0.0,5013,113.0900307189168,3.5453367590178977,7353,0,0,7353,0,0,7353,0,0,7380,0,0
2,150.0,6622,164.79572781619694,0.0,6622,164.79572781619694,0.0,4963,0,0,4963,0,0,4963,0,0,4963,0,0
3,200.0,568,205.23032539160795,5.684341886080802e-14,568,205.23032539160795,5.684341886080802e-14,7190,0,5935,1255,0,0,1162,0,0,1162,0,0
4,250.0,569,237.0691292852373,2.842170943040401e-14,1226,250.50405477542694,12.502841068027248,1226,0,0,1226,0,0,662,0,0,662,0,0
5,300.0,657,262.13947730802647,0.0,243,293.97387354641876,13.542024559418978,243,0,0,243,0,0,870,0,0,870,0,0
6,350.0,243,293.97387354641876,13.542024559418978,0,nan,nan,0,0,0,0,0,0,30,0,0,30,0,0
Totals,7,20975,NA,NA,20975,NA,NA,20975,0,5935,15040,0,0,15040,0,0,19251,0,0
