Age,Class,N_Initial_Age,AgeSize_Mean,AgeSize_Std,N_Initial_Class,ClassSize_Mean,ClassSize_Std,N_GrowthBack_Class,Capture_Back,PackingDeaths_Emigration_Class,N_AfterEmigration_Class,Deaths_AfterEmiMort_Age,Deaths_AfterEmiMort_Size,N_GrowthOut_Class,Capture_Out,PackingDeaths_Immigration_Class,N_Immigration_Class,Deaths_AfterImmiMort_Age,Deaths_AfterImmiMort_Size
0,50.0,11126,49.79865236546228,10.064645761039484,11062,49.63450628255142,9.85603802725947,0,0,0,0,0,0,0,0,0,10788,0,0
1,100.0,8157,113.44465676002007,0.0,8221,113.17004779370309,3.112684347214853,11126,0,222,10904,0,0,10904,0,0,10971,0,0
2,150.0,2655,164.79572781619694,0.0,2655,164.79572781619694,0.0,8157,0,4954,3203,0,0,3203,0,0,3203,0,0
3,200.0,1822,205.23032539160798,2.842170943040401e-14,1822,205.23032539160798,2.842170943040401e-14,4477,0,2257,2220,0,0,1305,0,0,1305,0,0
4,250.0,756,237.0691292852372,5.684341886080802e-14,1220,246.6040813201341,12.170836273144205,1220,0,0,1220,0,0,1671,0,638,1033,0,0
5,300.0,464,262.13947730802647,0.0,595,296.39317380817874,12.18155843579229,595,0,3,592,0,0,996,0,490,506,0,0
6,350.0,907,312.7419903686774,25.261248216550538,312,343.92002195039777,9.502470603474027,312,0,5,307,0,0,367,0,72,295,0,0
Totals,7,25887,NA,NA,25887,NA,NA,25887,0,7441,18446,0,0,18446,0,1200,28101,0,0
