Age,Class,N_Initial_Age,AgeSize_Mean,AgeSize_Std,N_Initial_Class,ClassSize_Mean,ClassSize_Std,N_GrowthBack_Class,Capture_Back,PackingDeaths_Emigration_Class,N_AfterEmigration_Class,Deaths_AfterEmiMort_Age,Deaths_AfterEmiMort_Size,N_GrowthOut_Class,Capture_Out,PackingDeaths_Immigration_Class,N_Immigration_Class,Deaths_AfterImmiMort_Age,Deaths_AfterImmiMort_Size
0,50.0,9180,50.09155322259261,9.981514512683846,9127,49.92892414073408,9.777096686377691,0,0,0,0,0,0,0,0,0,8808,0,0
1,100.0,9031,113.44465676002007,0.0,9084,113.2384261504471,2.6988584384786463,9180,0,0,9180,0,0,9180,0,0,9237,0,0
2,150.0,2978,164.79572781619692,2.842170943040401e-14,2978,164.79572781619692,2.842170943040401e-14,9031,0,6074,2957,0,0,2957,0,0,2957,0,0
3,200.0,1687,205.23032539160798,2.842170943040401e-14,1687,205.23032539160798,2.842170943040401e-14,4665,0,2760,1905,0,0,1220,0,0,1220,0,0
4,250.0,735,237.06912928523724,2.842170943040401e-14,1346,248.4495027190591,12.481867773774095,1346,0,0,1346,0,0,1420,0,146,1274,0,0
5,300.0,611,262.13947730802647,0.0,513,292.51302921747947,11.645801663135273,513,0,0,513,0,0,1095,0,463,632,0,0
6,350.0,795,309.74044421237613,25.662302291797147,282,341.0796778733051,9.370061705869473,282,0,0,282,0,0,311,0,30,281,0,0
Totals,7,25017,NA,NA,25017,NA,NA,25017,0,8834,16183,0,0,16183,0,639,24409,0,0
