Age,Class,N_Initial_Age,AgeSize_Mean,AgeSize_Std,N_Initial_Class,ClassSize_Mean,ClassSize_Std,N_GrowthBack_Class,Capture_Back,PackingDeaths_Emigration_Class,N_AfterEmigration_Class,Deaths_AfterEmiMort_Age,Deaths_AfterEmiMort_Size,N_GrowthOut_Class,Capture_Out,PackingDeaths_Immigration_Class,N_Immigration_Class,Deaths_AfterImmiMort_Age,Deaths_AfterImmiMort_Size
0,50.0,11425,50.055210931109684,9.983107584459365,11358,49.890690162948395,9.77744235155424,0,0,0,0,0,0,0,0,0,9749,0,0
1,100.0,9893,113.44465676002007,0.0,9960,113.20585495422077,2.908924838435281,11425,0,367,11058,0,0,11058,0,0,11121,0,0
2,150.0,2592,164.79572781619694,0.0,2592,164.79572781619694,0.0,9893,0,6966,2927,0,0,2927,0,0,2927,0,0
3,200.0,1656,205.23032539160798,2.842170943040401e-14,1656,205.23032539160798,2.842170943040401e-14,4248,0,1305,2943,0,0,1799,0,0,1799,0,0
4,250.0,735,237.06912928523724,2.842170943040401e-14,1133,245.8758358281058,11.967836806711805,1133,0,0,1133,0,0,1879,0,867,1012,0,0
5,300.0,398,262.13947730802647,0.0,611,299.3276666091097,13.852737458325194,611,0,0,611,0,0,895,0,399,496,0,0
6,350.0,884,311.8594178582554,22.545976617052368,273,339.9066706539624,8.853003695849695,273,0,0,273,0,0,387,0,69,318,0,0
Totals,7,27583,NA,NA,27583,NA,NA,27583,0,8638,18945,0,0,18945,0,1335,27422,0,0
