Age,Class,N_Initial_Age,AgeSize_Mean,AgeSize_Std,N_Initial_Class,ClassSize_Mean,ClassSize_Std,N_GrowthBack_Class,Capture_Back,PackingDeaths_Emigration_Class,N_AfterEmigration_Class,Deaths_AfterEmiMort_Age,Deaths_AfterEmiMort_Size,N_GrowthOut_Class,Capture_Out,PackingDeaths_Immigration_Class,N_Immigration_Class,Deaths_AfterImmiMort_Age,Deaths_AfterImmiMort_Size
0,50.0,8141,50.15961580921405,10.185627568383493,8081,49.951829742422625,9.929783508870788,0,0,0,0,0,0,0,0,0,7597,0,0
1,100.0,4211,113.44465676002007,0.0,4271,112.94875808258928,4.167733294514565,8141,0,0,8141,0,0,8141,0,0,8192,0,0
2,150.0,3605,164.79572781619694,0.0,3605,164.79572781619694,0.0,4211,0,0,4211,0,0,4211,0,0,4211,0,0
3,200.0,1804,205.23032539160798,2.842170943040401e-14,1804,205.23032539160798,2.842170943040401e-14,5409,0,2693,2716,0,0,1830,0,0,1830,0,0
4,250.0,426,237.0691292852372,5.684341886080802e-14,519,241.56150378643068,9.61477839238381,519,0,0,519,0,0,1312,0,0,1312,0,0
5,300.0,93,262.13947730802636,1.1368683772161603e-13,559,293.53145583675337,11.008019433749302,559,0,0,559,0,0,621,0,0,621,0,0
6,350.0,617,296.95788605051735,14.959180198545525,58,329.98158414524295,2.986026964809437,58,0,0,58,0,0,89,0,0,89,0,0
Totals,7,18897,NA,NA,18897,NA,NA,18897,0,2693,16204,0,0,16204,0,0,23852,0,0
