Age,Class,N_Initial_Age,AgeSize_Mean,AgeSize_Std,N_Initial_Class,ClassSize_Mean,ClassSize_Std,N_GrowthBack_Class,Capture_Back,PackingDeaths_Emigration_Class,N_AfterEmigration_Class,Deaths_AfterEmiMort_Age,Deaths_AfterEmiMort_Size,N_GrowthOut_Class,Capture_Out,PackingDeaths_Immigration_Class,N_Immigration_Class,Deaths_AfterImmiMort_Age,Deaths_AfterImmiMort_Size
0,50.0,8157,50.066338444464414,10.043661819881804,8110,49.90908431332711,9.856313200050067,0,0,0,0,0,0,0,0,0,11062,0,0
1,100.0,9841,113.44465676002007,0.0,9888,113.27238229022764,2.496286633028516,8157,0,0,8157,0,0,8157,0,0,8221,0,0
2,150.0,3175,164.79572781619692,2.842170943040401e-14,3175,164.79572781619692,2.842170943040401e-14,9841,0,7186,2655,0,0,2655,0,0,2655,0,0
3,200.0,1680,205.23032539160798,2.842170943040401e-14,1680,205.23032539160798,2.842170943040401e-14,4855,0,2079,2776,0,0,1822,0,0,1822,0,0
4,250.0,595,237.06912928523727,0.0,931,246.11707443631906,12.040341455778746,931,0,0,931,0,0,1549,0,329,1220,0,0
5,300.0,336,262.13947730802647,0.0,804,290.8307338141277,12.526418980471673,804,0,50,754,0,0,1035,0,440,595,0,0
6,350.0,1109,305.627025226222,26.660019917390404,305,344.6310196371196,8.503154859593458,305,0,0,305,0,0,360,0,48,312,0,0
Totals,7,24893,NA,NA,24893,NA,NA,24893,0,9315,15578,0,0,15578,0,817,25887,0,0
