Age,Class,N_Initial_Age,AgeSize_Mean,AgeSize_Std,N_Initial_Class,ClassSize_Mean,ClassSize_Std,N_GrowthBack_Class,Capture_Back,PackingDeaths_Emigration_Class,N_AfterEmigration_Class,Deaths_AfterEmiMort_Age,Deaths_AfterEmiMort_Size,N_GrowthOut_Class,Capture_Out,PackingDeaths_Immigration_Class,N_Immigration_Class,Deaths_AfterImmiMort_Age,Deaths_AfterImmiMort_Size
0,50.0,8875,50.04569564190812,10.060432612723776,8824,49.8870389626508,9.868805841586438,0,0,0,0,0,0,0,0,0,8919,0,0
1,100.0,6433,113.4446567600201,2.842170943040401e-14,6484,113.16190529807419,3.180645496833023,8875,0,0,8875,0,0,8875,0,0,8943,0,0
2,150.0,2347,164.79572781619692,2.842170943040401e-14,2347,164.79572781619692,2.842170943040401e-14,6433,0,1863,4570,0,0,4570,0,0,4570,0,0
3,200.0,1713,205.23032539160798,2.842170943040401e-14,1713,205.23032539160798,2.842170943040401e-14,4060,0,776,3284,0,0,1888,0,0,1888,0,0
4,250.0,682,237.06912928523724,2.842170943040401e-14,1082,246.33728012545507,12.10194807024624,1082,0,0,1082,0,0,2078,0,1201,877,0,0
5,300.0,400,262.13947730802647,0.0,479,294.1795468101026,12.122501049544153,479,0,0,479,0,0,855,0,252,603,0,0
6,350.0,806,313.5642619790289,25.98304467400981,327,341.95960927540716,9.594683482416471,327,0,0,327,0,0,351,0,34,317,0,0
Totals,7,21256,NA,NA,21256,NA,NA,21256,0,2639,18617,0,0,18617,0,1487,26117,0,0
