Age,Class,N_Initial_Age,AgeSize_Mean,AgeSize_Std,N_Initial_Class,ClassSize_Mean,ClassSize_Std,N_GrowthBack_Class,Capture_Back,PackingDeaths_Emigration_Class,N_AfterEmigration_Class,Deaths_AfterEmiMort_Age,Deaths_AfterEmiMort_Size,N_GrowthOut_Class,Capture_Out,PackingDeaths_Immigration_Class,N_Immigration_Class,Deaths_AfterImmiMort_Age,Deaths_AfterImmiMort_Size
0,50.0,10035,49.82718337160047,10.104620733632773,9970,49.64213966348037,9.871489312233983,0,0,0,0,0,0,0,0,0,8569,0,0
1,100.0,9267,113.44465676002005,1.4210854715202004e-14,9332,113.1992377715621,2.9369916986843823,10035,0,91,9944,0,0,9944,0,0,10006,0,0
2,150.0,2427,164.79572781619692,2.842170943040401e-14,2427,164.79572781619692,2.842170943040401e-14,9267,0,6420,2847,0,0,2847,0,0,2847,0,0
3,200.0,1430,205.230325391608,0.0,1430,205.230325391608,0.0,3857,0,300,3557,0,0,2243,0,0,2243,0,0
4,250.0,597,237.0691292852373,2.842170943040401e-14,1063,248.05951703558512,12.439623101349326,1063,0,0,1063,0,0,1911,0,950,961,0,0
5,300.0,466,262.13947730802647,0.0,552,293.9229568378633,12.293069482553586,552,0,0,552,0,0,984,0,380,604,0,0
6,350.0,879,310.55268481014883,23.896019493357205,327,338.62488615786043,4.996051116062779,327,0,20,307,0,0,341,0,55,286,0,0
Totals,7,25101,NA,NA,25101,NA,NA,25101,0,6831,18270,0,0,18270,0,1385,25516,0,0
