Age,Class,N_Initial_Age,AgeSize_Mean,AgeSize_Std,N_Initial_Class,ClassSize_Mean,ClassSize_Std,N_GrowthBack_Class,Capture_Back,PackingDeaths_Emigration_Class,N_AfterEmigration_Class,Deaths_AfterEmiMort_Age,Deaths_AfterEmiMort_Size,N_GrowthOut_Class,Capture_Out,PackingDeaths_Immigration_Class,N_Immigration_Class,Deaths_AfterImmiMort_Age,Deaths_AfterImmiMort_Size
0,50.0,8399,49.777898276001686,9.972519441588672,8348,49.602768415288054,9.74434208706785,0,0,0,0,0,0,0,0,0,10125,0,0
1,100.0,10550,113.44465676002005,1.4210854715202004e-14,10601,113.27627447481608,2.430803641527884,8399,0,0,8399,0,0,8399,0,0,8477,0,0
2,150.0,3608,164.79572781619692,2.842170943040401e-14,3608,164.79572781619692,2.842170943040401e-14,10550,0,8338,2212,0,0,2212,0,0,2212,0,0
3,200.0,2099,205.23032539160798,2.842170943040401e-14,2099,205.23032539160798,2.842170943040401e-14,5707,0,4121,1586,0,0,1037,0,0,1037,0,0
4,250.0,854,237.06912928523724,2.842170943040401e-14,1356,246.35033482169757,12.105464743663353,1356,0,0,1356,0,0,1403,0,74,1329,0,0
5,300.0,502,262.13947730802647,0.0,567,291.74910164845016,12.826639837507145,567,0,0,567,0,0,1025,0,412,613,0,0
6,350.0,877,308.32658186843463,25.276424472905774,310,338.6473279482129,9.195406408793149,310,0,29,281,0,0,325,0,32,293,0,0
Totals,7,26889,NA,NA,26889,NA,NA,26889,0,12488,14401,0,0,14401,0,518,24086,0,0
