Age,Class,N_Initial_Age,AgeSize_Mean,AgeSize_Std,N_Initial_Class,ClassSize_Mean,ClassSize_Std,N_GrowthBack_Class,Capture_Back,PackingDeaths_Emigration_Class,N_AfterEmigration_Class,Deaths_AfterEmiMort_Age,Deaths_AfterEmiMort_Size,N_GrowthOut_Class,Capture_Out,PackingDeaths_Immigration_Class,N_Immigration_Class,Deaths_AfterImmiMort_Age,Deaths_AfterImmiMort_Size
0,50.0,9812,49.992636285817554,10.0493573666681,9749,49.81331012466051,9.827677501093907,0,0,0,0,0,0,0,0,0,8130,0,0
1,100.0,11058,113.44465676002007,0.0,11121,113.24240637383585,2.6877691525246656,9812,0,70,9742,0,0,9742,0,0,9800,0,0
2,150.0,2927,164.79572781619692,2.842170943040401e-14,2927,164.79572781619692,2.842170943040401e-14,11058,0,9095,1963,0,0,1963,0,0,1963,0,0
3,200.0,1799,205.23032539160798,2.842170943040401e-14,1799,205.23032539160798,2.842170943040401e-14,4726,0,1809,2917,0,0,1818,0,0,1818,0,0
4,250.0,611,237.06912928523727,0.0,1012,247.0031308239116,12.262319897274953,1012,0,0,1012,0,0,1710,0,631,1079,0,0
5,300.0,401,262.13947730802647,0.0,496,295.77987316855626,14.289619760497843,496,0,0,496,0,0,832,0,212,620,0,0
6,350.0,814,312.4092667993373,24.31740209473948,318,338.3469373681025,9.544157806877442,318,0,11,307,0,0,372,0,85,287,0,0
Totals,7,27422,NA,NA,27422,NA,NA,27422,0,10985,16437,0,0,16437,0,928,23697,0,0
