Age,Class,N_Initial_Age,AgeSize_Mean,AgeSize_Std,N_Initial_Class,ClassSize_Mean,ClassSize_Std,N_GrowthBack_Class,Capture_Back,PackingDeaths_Emigration_Class,N_AfterEmigration_Class,Deaths_AfterEmiMort_Age,Deaths_AfterEmiMort_Size,N_GrowthOut_Class,Capture_Out,PackingDeaths_Immigration_Class,N_Immigration_Class,Deaths_AfterImmiMort_Age,Deaths_AfterImmiMort_Size
0,50.0,9913,50.04776738056836,9.978566313502183,9866,49.915312285173734,9.814292335774699,0,0,0,0,0,0,0,0,0,10225,0,0
1,100.0,9662,113.44465676002007,0.0,9709,113.2723576736393,2.475626257449666,9913,0,132,9781,0,0,9781,0,0,9838,0,0
2,150.0,2851,164.79572781619692,2.842170943040401e-14,2851,164.79572781619692,2.842170943040401e-14,9662,0,7007,2655,0,0,2655,0,0,2655,0,0
3,200.0,1940,205.23032539160795,5.684341886080802e-14,1940,205.23032539160795,5.684341886080802e-14,4791,0,2463,2328,0,0,1382,0,0,1382,0,0
4,250.0,712,237.0691292852372,5.684341886080802e-14,1220,247.50825780620193,12.358688474024703,1220,0,0,1220,0,0,1658,0,509,1149,0,0
5,300.0,508,262.13947730802647,0.0,554,296.1702525576988,13.080039906421,554,0,0,554,0,0,992,0,487,505,0,0
6,350.0,860,312.9231181662149,25.555113252745723,306,343.2534696273848,9.879829573722953,306,0,0,306,0,0,376,0,68,308,0,0
Totals,7,26446,NA,NA,26446,NA,NA,26446,0,9602,16844,0,0,16844,0,1064,26062,0,0
