Age,Class,N_Initial_Age,AgeSize_Mean,AgeSize_Std,N_Initial_Class,ClassSize_Mean,ClassSize_Std,N_GrowthBack_Class,Capture_Back,PackingDeaths_Emigration_Class,N_AfterEmigration_Class,Deaths_AfterEmiMort_Age,Deaths_AfterEmiMort_Size,N_GrowthOut_Class,Capture_Out,PackingDeaths_Immigration_Class,N_Immigration_Class,Deaths_AfterImmiMort_Age,Deaths_AfterImmiMort_Size
0,50.0,8912,49.92585075903615,9.997956904341466,8854,49.73836438393149,9.753688443135268,0,0,0,0,0,0,0,0,0,10088,0,0
1,100.0,9057,113.44465676002007,0.0,9115,113.22259571966018,2.788600644015625,8912,0,0,8912,0,0,8912,0,0,8974,0,0
2,150.0,2260,164.79572781619694,0.0,2260,164.79572781619694,0.0,9057,0,5899,3158,0,0,3158,0,0,3158,0,0
3,200.0,1817,205.23032539160798,2.842170943040401e-14,1817,205.23032539160798,2.842170943040401e-14,4077,0,1469,2608,0,0,1461,0,0,1461,0,0
4,250.0,675,237.06912928523724,2.842170943040401e-14,1156,247.50064952655356,12.357395692927287,1156,0,0,1156,0,0,1822,0,771,1051,0,0
5,300.0,481,262.13947730802647,0.0,469,293.7644903772067,11.945668511347739,469,0,0,469,0,0,921,0,215,706,0,0
6,350.0,756,312.91029895131027,26.819141930990988,287,344.1973519870403,9.141456607753748,287,0,0,287,0,0,316,0,28,288,0,0
Totals,7,23958,NA,NA,23958,NA,NA,23958,0,7368,16590,0,0,16590,0,1014,25726,0,0
