Age,Class,N_Initial_Age,AgeSize_Mean,AgeSize_Std,N_Initial_Class,ClassSize_Mean,ClassSize_Std,N_GrowthBack_Class,Capture_Back,PackingDeaths_Emigration_Class,N_AfterEmigration_Class,Deaths_AfterEmiMort_Age,Deaths_AfterEmiMort_Size,N_GrowthOut_Class,Capture_Out,PackingDeaths_Immigration_Class,N_Immigration_Class,Deaths_AfterImmiMort_Age,Deaths_AfterImmiMort_Size
0,50.0,8987,50.14426771279093,10.137831660298499,8919,49.93100249771793,9.873663969712815,0,0,0,0,0,0,0,0,0,8731,0,0
1,100.0,8875,113.44465676002007,0.0,8943,113.1760316899121,3.0784232669518765,8987,0,0,8987,0,0,8987,0,0,9053,0,0
2,150.0,4570,164.79572781619694,0.0,4570,164.79572781619694,0.0,8875,0,5888,2987,0,0,2987,0,0,2987,0,0
3,200.0,1888,205.23032539160798,2.842170943040401e-14,1888,205.23032539160798,2.842170943040401e-14,6458,0,4547,1911,0,0,1331,0,0,1331,0,0
4,250.0,606,237.0691292852373,2.842170943040401e-14,877,244.8160669296795,11.584618249650603,877,0,0,877,0,0,1186,0,0,1186,0,0
5,300.0,271,262.1394773080264,5.684341886080802e-14,603,294.61167900445116,13.66234296580777,603,0,0,603,0,0,809,0,114,695,0,0
6,350.0,920,311.40526532677086,26.16104909658625,317,343.35016296828127,8.61750441448499,317,0,46,271,0,0,336,0,13,323,0,0
Totals,7,26117,NA,NA,26117,NA,NA,26117,0,10481,15636,0,0,15636,0,127,24306,0,0
