Age,Class,N_Initial_Age,AgeSize_Mean,AgeSize_Std,N_Initial_Class,ClassSize_Mean,ClassSize_Std,N_GrowthBack_Class,Capture_Back,PackingDeaths_Emigration_Class,N_AfterEmigration_Class,Deaths_AfterEmiMort_Age,Deaths_AfterEmiMort_Size,N_GrowthOut_Class,Capture_Out,PackingDeaths_Immigration_Class,N_Immigration_Class,Deaths_AfterImmiMort_Age,Deaths_AfterImmiMort_Size
0,50.0,10203,49.95324776941814,10.037648548614754,10125,49.74052533325163,9.775724829105547,0,0,0,0,0,0,0,0,0,9852,0,0
1,100.0,8399,113.44465676002007,0.0,8477,113.11452637956933,3.4338380578365135,10203,0,137,10066,0,0,10066,0,0,10117,0,0
2,150.0,2212,164.79572781619694,0.0,2212,164.79572781619694,0.0,8399,0,4966,3433,0,0,3433,0,0,3433,0,0
3,200.0,1037,205.23032539160798,2.842170943040401e-14,1037,205.23032539160798,2.842170943040401e-14,3249,0,558,2691,0,0,1813,0,0,1813,0,0
4,250.0,516,237.06912928523718,8.526512829121202e-14,1329,252.40561757908802,12.218151488128225,1329,0,0,1329,0,0,1394,0,104,1290,0,0
5,300.0,813,262.1394773080264,5.684341886080802e-14,613,293.1174552456542,12.187823949698139,613,0,0,613,0,0,1383,0,949,434,0,0
6,350.0,906,308.3375781388394,24.6744193908489,293,340.18036084710747,8.555476411293398,293,0,0,293,0,0,336,0,55,281,0,0
Totals,7,24086,NA,NA,24086,NA,NA,24086,0,5661,18425,0,0,18425,0,1108,27220,0,0
