Age,Class,N_Initial_Age,AgeSize_Mean,AgeSize_Std,N_Initial_Class,ClassSize_Mean,ClassSize_Std,N_GrowthBack_Class,Capture_Back,PackingDeaths_Emigration_Class,N_AfterEmigration_Class,Deaths_AfterEmiMort_Age,Deaths_AfterEmiMort_Size,N_GrowthOut_Class,Capture_Out,PackingDeaths_Immigration_Class,N_Immigration_Class,Deaths_AfterImmiMort_Age,Deaths_AfterImmiMort_Size
0,50.0,8582,49.99655834638016,9.975263817089976,8525,49.80733105136956,9.731181889254872,0,0,0,0,0,0,0,0,0,10137,0,0
1,100.0,8865,113.44465676002007,0.0,8922,113.22011305685798,2.8146101482481423,8582,0,0,8582,0,0,8582,0,0,8644,0,0
2,150.0,3010,164.79572781619692,2.842170943040401e-14,3010,164.79572781619692,2.842170943040401e-14,8865,0,5809,3056,0,0,3056,0,0,3056,0,0
3,200.0,1756,205.23032539160798,2.842170943040401e-14,1756,205.23032539160798,2.842170943040401e-14,4766,0,2711,2055,0,0,1320,0,0,1320,0,0
4,250.0,689,237.06912928523727,0.0,1298,248.83171938221616,12.511342917174352,1298,0,0,1298,0,0,1424,0,62,1362,0,0
5,300.0,609,262.13947730802647,0.0,473,292.1993057012655,12.590234402124512,473,0,0,473,0,0,1044,0,472,572,0,0
6,350.0,784,312.4516396939498,27.35270347836924,311,343.2534209754279,8.510069409033816,311,0,11,300,0,0,338,0,28,310,0,0
Totals,7,24295,NA,NA,24295,NA,NA,24295,0,8531,15764,0,0,15764,0,562,25401,0,0
