Age,Class,N_Initial_Age,AgeSize_Mean,AgeSize_Std,N_Initial_Class,ClassSize_Mean,ClassSize_Std,N_GrowthBack_Class,Capture_Back,PackingDeaths_Emigration_Class,N_AfterEmigration_Class,Deaths_AfterEmiMort_Age,Deaths_AfterEmiMort_Size,N_GrowthOut_Class,Capture_Out,PackingDeaths_Immigration_Class,N_Immigration_Class,Deaths_AfterImmiMort_Age,Deaths_AfterImmiMort_Size
0,50.0,1432,50.001519876881105,10.315649674934633,1424,49.837598652483834,10.106608980467133,0,0,0,0,0,0,0,0,0,1244,0,0
1,100.0,957,134.4593188156105,0.0,8,79.17949781959581,3.18937909355581,1432,0,143,1289,0,0,0,0,0,4,0,0
2,150.0,373,181.34298546680154,5.684341886080802e-14,957,134.4593188156105,0.0,957,0,121,836,0,0,1233,0,426,807,0,0
3,200.0,171,218.2598823281493,5.684341886080802e-14,544,192.94737767873252,17.13873483715064,544,0,73,471,0,0,1077,0,481,596,0,0
4,250.0,86,247.32879632779208,1.1368683772161603e-13,152,257.26756937285944,11.34514448881408,152,0,25,127,0,0,202,0,25,177,0,0
5,300.0,66,270.2180918255227,5.684341886080802e-14,78,296.77507381244857,9.924312354031212,78,0,10,68,0,0,115,0,42,73,0,0
6,350.0,86,300.302320871485,14.637155123637895,8,334.6929796970903,6.23131655275747,8,0,3,5,0,0,6,0,0,6,0,0
Totals,7,3171,NA,NA,3171,NA,NA,3171,0,375,2796,0,0,2633,0,974,2907,0,0
