Age,Class,N_Initial_Age,AgeSize_Mean,AgeSize_Std,N_Initial_Class,ClassSize_Mean,ClassSize_Std,N_GrowthBack_Class,Capture_Back,PackingDeaths_Emigration_Class,N_AfterEmigration_Class,Deaths_AfterEmiMort_Age,Deaths_AfterEmiMort_Size,N_GrowthOut_Class,Capture_Out,PackingDeaths_Immigration_Class,N_Immigration_Class,Deaths_AfterImmiMort_Age,Deaths_AfterImmiMort_Size
0,50.0,1382,50.00250347147545,10.051612828510896,1374,49.83766434544166,9.842863069474918,0,0,0,0,0,0,0,0,73,1396,0,0
1,100.0,858,134.45931881561046,2.842170943040401e-14,8,78.3136233677771,2.849687916735083,1382,0,78,1270,0,0,0,0,0,8,0,0
2,150.0,439,181.34298546680157,8.526512829121202e-14,858,134.45931881561046,2.842170943040401e-14,858,0,62,794,0,0,1230,0,261,969,0,0
3,200.0,190,218.2598823281493,5.684341886080802e-14,629,192.49435335814664,16.950542541748085,629,0,39,590,0,0,1099,0,295,804,0,0
4,250.0,104,247.32879632779216,2.842170943040401e-14,174,256.53713359699407,11.224031251478026,174,0,18,156,0,0,234,0,16,218,0,0
5,300.0,70,270.21809182552266,1.1368683772161603e-13,85,298.00353956373453,11.751825671689403,85,0,16,69,0,0,114,0,27,87,0,0
6,350.0,94,301.6463409547268,16.001075869583712,9,336.0505763140978,7.799315484394319,9,0,0,9,0,0,12,0,1,11,0,0
Totals,7,3137,NA,NA,3137,NA,NA,3137,0,213,2888,0,0,2689,0,673,3493,0,0
