Age,Class,N_Initial_Age,AgeSize_Mean,AgeSize_Std,N_Initial_Class,ClassSize_Mean,ClassSize_Std,N_GrowthBack_Class,Capture_Back,PackingDeaths_Emigration_Class,N_AfterEmigration_Class,Deaths_AfterEmiMort_Age,Deaths_AfterEmiMort_Size,N_GrowthOut_Class,Capture_Out,PackingDeaths_Immigration_Class,N_Immigration_Class,Deaths_AfterImmiMort_Age,Deaths_AfterImmiMort_Size
0,50.0,1336,50.189825508675135,10.023321819082794,1324,49.91869835194177,9.643336995011712,0,0,0,0,0,0,0,0,0,1500,0,0
1,100.0,699,134.4593188156105,0.0,12,80.10418846825644,4.691672549935793,1336,0,8,1328,0,0,0,0,0,11,0,0
2,150.0,357,181.34298546680154,5.684341886080802e-14,699,134.4593188156105,0.0,699,0,27,672,0,0,1294,0,390,904,0,0
3,200.0,179,218.25988232814927,8.526512829121202e-14,536,193.67157602310985,17.410892019305823,536,0,23,513,0,0,934,0,288,646,0,0
4,250.0,101,247.3287963277921,8.526512829121202e-14,153,255.10816473224963,10.841848985439,153,0,1,151,0,0,250,0,39,211,0,0
5,300.0,52,270.21809182552283,5.684341886080802e-14,68,298.8224949448141,11.586252727109526,68,0,14,54,0,0,91,0,15,76,0,0
6,350.0,75,302.2866095961258,15.520109540921991,7,335.93800906601064,5.267242612462084,7,0,0,7,0,0,12,0,0,12,0,0
Totals,7,2799,NA,NA,2799,NA,NA,2799,0,73,2725,0,0,2581,0,732,3360,0,0
