Age,Class,N_Initial_Age,AgeSize_Mean,AgeSize_Std,N_Initial_Class,ClassSize_Mean,ClassSize_Std,N_GrowthBack_Class,Capture_Back,PackingDeaths_Emigration_Class,N_AfterEmigration_Class,Deaths_AfterEmiMort_Age,Deaths_AfterEmiMort_Size,N_GrowthOut_Class,Capture_Out,PackingDeaths_Immigration_Class,N_Immigration_Class,Deaths_AfterImmiMort_Age,Deaths_AfterImmiMort_Size
0,50.0,1350,50.25919797037375,10.101958288321097,1342,50.09974869547085,9.917239993877704,0,0,0,0,0,0,0,0,0,1659,0,0
1,100.0,960,134.4593188156105,0.0,8,77.0068138353329,1.6353850177256974,1350,0,55,1295,0,0,0,0,0,14,0,0
2,150.0,451,181.34298546680157,8.526512829121202e-14,960,134.4593188156105,0.0,960,0,89,871,0,0,1269,0,270,999,0,0
3,200.0,293,218.25988232814936,0.0,744,195.88149458020865,18.03741650616283,744,0,87,657,0,0,1183,0,519,664,0,0
4,250.0,76,247.3287963277921,8.526512829121202e-14,162,259.4799038142417,11.422822625550122,162,0,0,162,0,0,305,0,61,244,0,0
5,300.0,86,270.21809182552266,1.1368683772161603e-13,81,302.39498665390556,11.009843678990496,81,0,2,79,0,0,142,0,43,99,0,0
6,350.0,88,304.53803621629197,12.834254062596221,7,329.33618115247833,5.684341886080802e-14,7,0,0,7,0,0,15,0,1,14,0,0
Totals,7,3304,NA,NA,3304,NA,NA,3304,0,233,3071,0,0,2914,0,894,3693,0,0
