Age,Class,N_Initial_Age,AgeSize_Mean,AgeSize_Std,N_Initial_Class,ClassSize_Mean,ClassSize_Std,N_GrowthBack_Class,Capture_Back,PackingDeaths_Emigration_Class,N_AfterEmigration_Class,Deaths_AfterEmiMort_Age,Deaths_AfterEmiMort_Size,N_GrowthOut_Class,Capture_Out,PackingDeaths_Immigration_Class,N_Immigration_Class,Deaths_AfterImmiMort_Age,Deaths_AfterImmiMort_Size
0,50.0,1201,49.66160767122796,9.834411223071365,1194,49.49779167271236,9.62456201560037,0,0,0,0,0,0,0,0,0,1702,0,0
1,100.0,868,134.4593188156105,0.0,7,77.60393656089,2.8079207573559364,1201,0,9,1164,0,0,0,0,0,8,0,0
2,150.0,376,181.34298546680154,5.684341886080802e-14,868,134.4593188156105,0.0,868,0,71,786,0,0,1121,0,208,913,0,0
3,200.0,214,218.25988232814925,1.1368683772161603e-13,590,194.7331819554938,17.749003936008588,590,0,74,510,0,0,1017,0,438,579,0,0
4,250.0,110,247.3287963277921,8.526512829121202e-14,180,256.230189021354,11.158486269171151,180,0,20,159,0,0,258,0,37,221,0,0
5,300.0,70,270.21809182552266,1.1368683772161603e-13,74,300.16811368870526,12.974113826978384,74,0,5,68,0,0,104,0,20,84,0,0
6,350.0,83,303.81782094181574,16.164262609245114,9,333.82652502294616,3.9422028946367003,9,0,1,8,0,0,19,0,2,17,0,0
Totals,7,2922,NA,NA,2922,NA,NA,2922,0,180,2695,0,0,2519,0,705,3524,0,0
