Age,Class,N_Initial_Age,AgeSize_Mean,AgeSize_Std,N_Initial_Class,ClassSize_Mean,ClassSize_Std,N_GrowthBack_Class,Capture_Back,PackingDeaths_Emigration_Class,N_AfterEmigration_Class,Deaths_AfterEmiMort_Age,Deaths_AfterEmiMort_Size,N_GrowthOut_Class,Capture_Out,PackingDeaths_Immigration_Class,N_Immigration_Class,Deaths_AfterImmiMort_Age,Deaths_AfterImmiMort_Size
0,50.0,1090,49.976777003424644,9.930767166518862,1085,49.85203901420629,9.77994767015032,0,0,0,0,0,0,0,0,67,1393,0,0
1,100.0,739,134.4593188156105,0.0,5,77.04492066380763,2.765546577244353,1090,0,27,1063,0,0,0,0,0,9,0,0
2,150.0,342,181.34298546680154,5.684341886080802e-14,739,134.4593188156105,0.0,739,0,41,698,0,0,1005,0,144,861,0,0
3,200.0,196,218.25988232814927,8.526512829121202e-14,538,194.79226387725538,17.76576860640647,538,0,58,480,0,0,932,0,278,654,0,0
4,250.0,122,247.32879632779213,5.684341886080802e-14,179,254.61756640248848,10.663425474628282,179,0,15,164,0,0,258,0,59,199,0,0
5,300.0,57,270.21809182552283,5.684341886080802e-14,72,298.08836091336616,11.27891903634438,72,0,6,66,0,0,109,0,31,78,0,0
6,350.0,82,302.74321540757626,16.4442781829672,10,336.2581677658889,4.711366378174545,10,0,2,8,0,0,12,0,5,7,0,0
Totals,7,2628,NA,NA,2628,NA,NA,2628,0,149,2479,0,0,2316,0,584,3201,0,0
