Age,Class,N_Initial_Age,AgeSize_Mean,AgeSize_Std,N_Initial_Class,ClassSize_Mean,ClassSize_Std,N_GrowthBack_Class,Capture_Back,PackingDeaths_Emigration_Class,N_AfterEmigration_Class,Deaths_AfterEmiMort_Age,Deaths_AfterEmiMort_Size,N_GrowthOut_Class,Capture_Out,PackingDeaths_Immigration_Class,N_Immigration_Class,Deaths_AfterImmiMort_Age,Deaths_AfterImmiMort_Size
0,50.0,1237,49.53510021601041,10.370486735915,1225,49.25473408270429,10.015872655750632,0,0,0,0,0,0,0,0,14,1058,0,0
1,100.0,726,134.4593188156105,0.0,12,78.15580965767678,4.285759900166982,1237,0,147,1090,0,0,0,0,0,7,0,0
2,150.0,367,181.34298546680154,5.684341886080802e-14,726,134.4593188156105,0.0,726,0,28,698,0,0,1051,0,155,896,0,0
3,200.0,164,218.2598823281493,5.684341886080802e-14,531,192.74481425260385,17.0563313070385,531,0,49,482,0,0,943,0,289,654,0,0
4,250.0,108,247.3287963277921,8.526512829121202e-14,162,254.95856149370235,10.790117375352006,162,0,16,146,0,0,227,0,26,201,0,0
5,300.0,54,270.2180918255229,1.1368683772161603e-13,64,298.9128460728674,11.434467177139258,64,0,4,60,0,0,100,0,14,86,0,0
6,350.0,72,303.45481997475895,16.99572968178193,8,339.7906111898912,8.269896680844086,8,0,2,6,0,0,11,0,4,7,0,0
Totals,7,2728,NA,NA,2728,NA,NA,2728,0,246,2482,0,0,2332,0,502,2909,0,0
