Age,Class,N_Initial_Age,AgeSize_Mean,AgeSize_Std,N_Initial_Class,ClassSize_Mean,ClassSize_Std,N_GrowthBack_Class,Capture_Back,PackingDeaths_Emigration_Class,N_AfterEmigration_Class,Deaths_AfterEmiMort_Age,Deaths_AfterEmiMort_Size,N_GrowthOut_Class,Capture_Out,PackingDeaths_Immigration_Class,N_Immigration_Class,Deaths_AfterImmiMort_Age,Deaths_AfterImmiMort_Size
0,50.0,1438,50.14736512491523,10.085116875017244,1428,49.9534272871794,9.848232651022172,0,0,0,0,0,0,0,0,96,1672,0,0
1,100.0,850,134.45931881561046,2.842170943040401e-14,10,77.84168835359051,1.9104501545798411,1438,0,59,1379,0,0,0,0,0,11,0,0
2,150.0,395,181.3429854668015,2.842170943040401e-14,850,134.45931881561046,2.842170943040401e-14,850,0,93,757,0,0,1337,0,403,934,0,0
3,200.0,203,218.25988232814927,8.526512829121202e-14,598,193.87497553846308,17.48117300946197,598,0,98,500,0,0,1010,0,369,641,0,0
4,250.0,127,247.32879632779208,1.1368683772161603e-13,192,255.07777657441974,10.83152823051813,192,0,24,168,0,0,267,0,45,222,0,0
5,300.0,65,270.2180918255228,0.0,69,297.9395260091914,12.069808132342395,69,0,24,45,0,0,95,0,23,72,0,0
6,350.0,80,303.1888018975074,17.424420733727196,11,336.1160779242162,6.100283354252129,11,0,3,8,0,0,10,0,1,9,0,0
Totals,7,3158,NA,NA,3158,NA,NA,3158,0,301,2857,0,0,2719,0,937,3561,0,0
