Age,Class,N_Initial_Age,AgeSize_Mean,AgeSize_Std,N_Initial_Class,ClassSize_Mean,ClassSize_Std,N_GrowthBack_Class,Capture_Back,PackingDeaths_Emigration_Class,N_AfterEmigration_Class,Deaths_AfterEmiMort_Age,Deaths_AfterEmiMort_Size,N_GrowthOut_Class,Capture_Out,PackingDeaths_Immigration_Class,N_Immigration_Class,Deaths_AfterImmiMort_Age,Deaths_AfterImmiMort_Size
0,50.0,1423,50.037903537792225,10.09420533824386,1413,49.84278331102655,9.856428881245755,0,0,0,0,0,0,0,0,100,1363,0,0
1,100.0,777,134.45931881561046,2.842170943040401e-14,10,77.6083915797838,2.584433371987121,1423,0,249,1174,0,0,0,0,0,7,0,0
2,150.0,358,181.34298546680154,5.684341886080802e-14,777,134.45931881561046,2.842170943040401e-14,777,0,80,697,0,0,1132,0,273,859,0,0
3,200.0,169,218.25988232814933,2.842170943040401e-14,527,193.18161083600035,17.23056183363188,527,0,52,475,0,0,942,0,381,561,0,0
4,250.0,138,247.32879632779213,5.684341886080802e-14,215,255.52635797116537,10.97435164003451,215,0,42,173,0,0,240,0,41,199,0,0
5,300.0,77,270.21809182552266,1.1368683772161603e-13,65,300.20005867429154,11.883890424228792,65,0,15,50,0,0,96,0,25,71,0,0
6,350.0,72,303.8297951501512,15.963062267711926,7,337.5344909974198,7.159694165203349,7,0,0,7,0,0,9,0,1,8,0,0
Totals,7,3014,NA,NA,3014,NA,NA,3014,0,438,2576,0,0,2419,0,821,3068,0,0
