Age,Class,N_Initial_Age,AgeSize_Mean,AgeSize_Std,N_Initial_Class,ClassSize_Mean,ClassSize_Std,N_GrowthBack_Class,Capture_Back,PackingDeaths_Emigration_Class,N_AfterEmigration_Class,Deaths_AfterEmiMort_Age,Deaths_AfterEmiMort_Size,N_GrowthOut_Class,Capture_Out,PackingDeaths_Immigration_Class,N_Immigration_Class,Deaths_AfterImmiMort_Age,Deaths_AfterImmiMort_Size
0,50.0,954,49.534117161692095,9.88439742743032,947,49.31712136471329,9.590749582996438,0,0,0,0,0,0,0,0,0,1468,0,0
1,100.0,831,134.4593188156105,0.0,7,78.89054855296698,1.7910041704313266,954,0,6,940,0,0,0,0,0,9,0,0
2,150.0,304,181.3429854668015,2.842170943040401e-14,831,134.4593188156105,0.0,831,0,14,805,0,0,893,0,80,813,0,0
3,200.0,187,218.2598823281493,5.684341886080802e-14,491,195.40298488242686,17.92673882026141,491,0,25,462,0,0,1000,0,369,631,0,0
4,250.0,107,247.32879632779213,5.684341886080802e-14,170,255.81129995342172,11.054667081770827,170,0,12,158,0,0,256,0,46,210,0,0
5,300.0,63,270.2180918255228,0.0,64,297.36454244306805,10.9498854894961,64,0,8,55,0,0,97,0,27,70,0,0
6,350.0,70,300.46996321808973,14.692104635443666,6,333.5944514849884,6.269941767159673,6,0,0,6,0,0,10,0,1,9,0,0
Totals,7,2516,NA,NA,2516,NA,NA,2516,0,65,2426,0,0,2256,0,523,3210,0,0
