Age,Class,N_Initial_Age,AgeSize_Mean,AgeSize_Std,N_Initial_Class,ClassSize_Mean,ClassSize_Std,N_GrowthBack_Class,Capture_Back,PackingDeaths_Emigration_Class,N_AfterEmigration_Class,Deaths_AfterEmiMort_Age,Deaths_AfterEmiMort_Size,N_GrowthOut_Class,Capture_Out,PackingDeaths_Immigration_Class,N_Immigration_Class,Deaths_AfterImmiMort_Age,Deaths_AfterImmiMort_Size
0,50.0,1324,49.538186462344214,10.22223202481351,1315,49.32967923366531,9.936977894868226,0,0,0,0,0,0,0,0,59,1245,0,0
1,100.0,776,134.4593188156105,0.0,9,80.0034093193185,3.1974427632026177,1324,0,62,1262,0,0,0,0,0,10,0,0
2,150.0,405,181.34298546680157,8.526512829121202e-14,776,134.4593188156105,0.0,776,0,105,671,0,0,1240,0,336,904,0,0
3,200.0,170,218.2598823281493,5.684341886080802e-14,575,192.2575462779826,16.84648562912491,575,0,85,490,0,0,946,0,334,612,0,0
4,250.0,116,247.3287963277921,8.526512829121202e-14,178,255.30147228767584,10.905291100751198,178,0,21,157,0,0,219,0,33,186,0,0
5,300.0,62,270.21809182552283,5.684341886080802e-14,89,299.31601837462847,11.796560551656215,89,0,18,71,0,0,117,0,44,73,0,0
6,350.0,95,301.65868972764196,14.678444357574588,6,336.4083147973429,7.633173592033567,6,0,0,6,0,0,11,0,1,10,0,0
Totals,7,2948,NA,NA,2948,NA,NA,2948,0,291,2657,0,0,2533,0,807,3040,0,0
