Age,Class,N_Initial_Age,AgeSize_Mean,AgeSize_Std,N_Initial_Class,ClassSize_Mean,ClassSize_Std,N_GrowthBack_Class,Capture_Back,PackingDeaths_Emigration_Class,N_AfterEmigration_Class,Deaths_AfterEmiMort_Age,Deaths_AfterEmiMort_Size,N_GrowthOut_Class,Capture_Out,PackingDeaths_Immigration_Class,N_Immigration_Class,Deaths_AfterImmiMort_Age,Deaths_AfterImmiMort_Size
0,50.0,1379,50.36329900248632,9.947522763121615,1367,50.11763791457386,9.633293672599788,0,0,0,0,0,0,0,0,40,1433,0,0
1,100.0,931,134.45931881561046,2.842170943040401e-14,12,78.34819126718006,3.1365204377975604,1379,0,0,1379,0,0,0,0,0,10,0,0
2,150.0,419,181.34298546680154,5.684341886080802e-14,931,134.45931881561046,2.842170943040401e-14,931,0,90,841,0,0,1332,0,352,980,0,0
3,200.0,221,218.25988232814927,8.526512829121202e-14,640,194.09085141423571,17.552879141894774,640,0,85,555,0,0,1111,0,454,657,0,0
4,250.0,135,247.3287963277921,8.526512829121202e-14,203,254.9961465437807,10.803332145395272,203,0,35,168,0,0,273,0,55,218,0,0
5,300.0,68,270.2180918255227,5.684341886080802e-14,89,298.24373650384047,11.288536843029489,89,0,13,76,0,0,111,0,26,85,0,0
6,350.0,99,302.03896229092584,15.671543345895046,10,335.8164717959853,5.30689059381012,10,0,0,10,0,0,15,0,1,14,0,0
Totals,7,3252,NA,NA,3252,NA,NA,3252,0,223,3029,0,0,2842,0,928,3397,0,0
