Age,Class,N_Initial_Age,AgeSize_Mean,AgeSize_Std,N_Initial_Class,ClassSize_Mean,ClassSize_Std,N_GrowthBack_Class,Capture_Back,PackingDeaths_Emigration_Class,N_AfterEmigration_Class,Deaths_AfterEmiMort_Age,Deaths_AfterEmiMort_Size,N_GrowthOut_Class,Capture_Out,PackingDeaths_Immigration_Class,N_Immigration_Class,Deaths_AfterImmiMort_Age,Deaths_AfterImmiMort_Size
0,50.0,1363,49.66697613704949,10.2790199657354,1354,49.47668174716271,10.040732604501821,0,0,0,0,0,0,0,0,57,1573,0,0
1,100.0,778,134.45931881561046,2.842170943040401e-14,9,78.29570990446095,3.0081511712053906,1363,0,147,1166,0,0,0,0,0,10,0,0
2,150.0,432,181.3429854668015,2.842170943040401e-14,778,134.45931881561046,2.842170943040401e-14,778,0,55,717,0,0,1111,0,224,887,0,0
3,200.0,190,218.2598823281493,5.684341886080802e-14,622,192.61985106753477,17.00409322853032,622,0,48,574,0,0,1023,0,433,590,0,0
4,250.0,140,247.32879632779213,5.684341886080802e-14,212,255.10251932702138,10.83993881800617,212,0,21,190,0,0,283,0,60,223,0,0
5,300.0,72,270.2180918255228,0.0,79,299.1774445263554,12.095903609095492,79,0,8,71,0,0,112,0,23,89,0,0
6,350.0,89,303.4723507899331,16.782252312088684,10,337.4021102721971,7.336336629017748,10,0,1,9,0,0,11,0,3,8,0,0
Totals,7,3064,NA,NA,3064,NA,NA,3064,0,280,2727,0,0,2540,0,800,3380,0,0
