Age,Class,N_Initial_Age,AgeSize_Mean,AgeSize_Std,N_Initial_Class,ClassSize_Mean,ClassSize_Std,N_GrowthBack_Class,Capture_Back,PackingDeaths_Emigration_Class,N_AfterEmigration_Class,Deaths_AfterEmiMort_Age,Deaths_AfterEmiMort_Size,N_GrowthOut_Class,Capture_Out,PackingDeaths_Immigration_Class,N_Immigration_Class,Deaths_AfterImmiMort_Age,Deaths_AfterImmiMort_Size
0,50.0,1320,50.127009307308064,10.048617136713053,1313,49.98011598212321,9.869721701406482,0,0,0,0,0,0,0,0,90,1422,0,0
1,100.0,882,134.45931881561046,2.842170943040401e-14,7,77.6800001598396,2.4765506474993733,1320,0,208,1063,0,0,0,0,0,10,0,0
2,150.0,433,181.34298546680154,5.684341886080802e-14,882,134.45931881561046,2.842170943040401e-14,882,0,110,770,0,0,1018,0,271,747,0,0
3,200.0,232,218.2598823281493,5.684341886080802e-14,665,194.22226377030933,17.595089632053213,665,0,112,553,0,0,1043,0,371,672,0,0
4,250.0,117,247.3287963277921,8.526512829121202e-14,192,256.26992738159316,11.167469106881015,192,0,28,164,0,0,250,0,66,184,0,0
5,300.0,75,270.2180918255227,5.684341886080802e-14,77,298.2087148037732,11.03342403962274,77,0,12,65,0,0,114,0,33,81,0,0
6,350.0,80,299.8685334827951,13.707040010784967,3,342.4705462443555,0.0,3,0,0,3,0,0,6,0,0,6,0,0
Totals,7,3139,NA,NA,3139,NA,NA,3139,0,470,2618,0,0,2431,0,831,3122,0,0
