Age,Class,N_Initial_Age,AgeSize_Mean,AgeSize_Std,N_Initial_Class,ClassSize_Mean,ClassSize_Std,N_GrowthBack_Class,Capture_Back,PackingDeaths_Emigration_Class,N_AfterEmigration_Class,Deaths_AfterEmiMort_Age,Deaths_AfterEmiMort_Size,N_GrowthOut_Class,Capture_Out,PackingDeaths_Immigration_Class,N_Immigration_Class,Deaths_AfterImmiMort_Age,Deaths_AfterImmiMort_Size
0,50.0,1520,50.17566712122406,9.960940111979694,1511,50.01206211970359,9.760597036531772,0,0,0,0,0,0,0,0,53,1862,0,0
1,100.0,807,134.4593188156105,0.0,9,77.64312904316024,1.899045338556236,1520,0,0,1520,0,0,0,0,0,7,0,0
2,150.0,409,181.34298546680154,5.684341886080802e-14,807,134.4593188156105,0.0,807,0,42,765,0,0,1461,0,354,1107,0,0
3,200.0,178,218.2598823281493,5.684341886080802e-14,587,192.53754703634138,16.969097387206354,587,0,23,564,0,0,1067,0,296,771,0,0
4,250.0,114,247.32879632779213,5.684341886080802e-14,186,256.18916877852655,11.149057506313168,186,0,6,180,0,0,251,0,26,225,0,0
5,300.0,72,270.2180918255228,0.0,97,299.69635673467224,12.352221243092632,97,0,14,83,0,0,134,0,27,107,0,0
6,350.0,104,301.84872220361495,14.387287517429218,7,331.6743579875355,2.6998940502662525,7,0,1,6,0,0,13,0,2,11,0,0
Totals,7,3204,NA,NA,3204,NA,NA,3204,0,86,3118,0,0,2926,0,758,4090,0,0
