Age,Class,N_Initial_Age,AgeSize_Mean,AgeSize_Std,N_Initial_Class,ClassSize_Mean,ClassSize_Std,N_GrowthBack_Class,Capture_Back,PackingDeaths_Emigration_Class,N_AfterEmigration_Class,Deaths_AfterEmiMort_Age,Deaths_AfterEmiMort_Size,N_GrowthOut_Class,Capture_Out,PackingDeaths_Immigration_Class,N_Immigration_Class,Deaths_AfterImmiMort_Age,Deaths_AfterImmiMort_Size
0,50.0,1354,50.10686320374477,9.90910233157438,1346,49.934684333050846,9.679189032264288,0,0,0,0,0,0,0,0,123,1360,0,0
1,100.0,895,134.4593188156105,0.0,8,79.0759581979969,3.4243453616652095,1354,0,166,1188,0,0,0,0,0,9,0,0
2,150.0,403,181.34298546680154,5.684341886080802e-14,895,134.4593188156105,0.0,895,0,101,794,0,0,1120,0,257,863,0,0
3,200.0,217,218.25988232814927,8.526512829121202e-14,620,194.26389936827326,17.60823755535297,620,0,77,543,0,0,1057,0,446,611,0,0
4,250.0,115,247.32879632779213,5.684341886080802e-14,199,256.9906095027136,11.304930914320437,199,0,27,172,0,0,260,0,63,197,0,0
5,300.0,84,270.2180918255227,5.684341886080802e-14,79,299.2107012619319,11.348015228674827,79,0,11,68,0,0,133,0,39,94,0,0
6,350.0,88,303.25672828520345,16.22011238163215,9,338.77185437836465,6.087395233202774,9,0,2,7,0,0,9,0,2,7,0,0
Totals,7,3156,NA,NA,3156,NA,NA,3156,0,384,2772,0,0,2579,0,930,3141,0,0
