Age,Class,N_Initial_Age,AgeSize_Mean,AgeSize_Std,N_Initial_Class,ClassSize_Mean,ClassSize_Std,N_GrowthBack_Class,Capture_Back,PackingDeaths_Emigration_Class,N_AfterEmigration_Class,Deaths_AfterEmiMort_Age,Deaths_AfterEmiMort_Size,N_GrowthOut_Class,Capture_Out,PackingDeaths_Immigration_Class,N_Immigration_Class,Deaths_AfterImmiMort_Age,Deaths_AfterImmiMort_Size
0,50.0,1270,49.82170162768494,10.178990789541048,1265,49.71016256682884,10.0424727010695,0,0,0,0,0,0,0,0,30,1542,0,0
1,100.0,917,134.4593188156105,0.0,5,78.04108402427728,1.6004434767738838,1270,0,13,1257,0,0,0,0,0,11,0,0
2,150.0,529,181.34298546680154,5.684341886080802e-14,917,134.4593188156105,0.0,917,0,81,836,0,0,1204,0,333,871,0,0
3,200.0,204,218.2598823281493,5.684341886080802e-14,733,191.61726508442084,16.54489949523035,733,0,97,636,0,0,1196,0,549,647,0,0
4,250.0,120,247.32879632779216,2.842170943040401e-14,186,255.45080440763203,10.951713460706783,186,0,23,163,0,0,262,0,45,217,0,0
5,300.0,66,270.2180918255227,5.684341886080802e-14,105,297.59973404452876,11.68868206048352,105,0,27,78,0,0,123,0,34,89,0,0
6,350.0,118,301.76143219099805,16.23252586876812,13,335.37514798940293,4.294057559116011,13,0,5,8,0,0,12,0,0,12,0,0
Totals,7,3224,NA,NA,3224,NA,NA,3224,0,246,2978,0,0,2797,0,991,3389,0,0
