Age,Class,N_Initial_Age,AgeSize_Mean,AgeSize_Std,N_Initial_Class,ClassSize_Mean,ClassSize_Std,N_GrowthBack_Class,Capture_Back,PackingDeaths_Emigration_Class,N_AfterEmigration_Class,Deaths_AfterEmiMort_Age,Deaths_AfterEmiMort_Size,N_GrowthOut_Class,Capture_Out,PackingDeaths_Immigration_Class,N_Immigration_Class,Deaths_AfterImmiMort_Age,Deaths_AfterImmiMort_Size
0,50.0,1345,50.28014893652964,9.763569109688524,1333,50.02472481976344,9.423396563391949,0,0,0,0,0,0,0,0,0,1288,0,0
1,100.0,751,134.4593188156105,0.0,12,78.65351124064118,2.8389829906780526,1345,0,0,1345,0,0,0,0,0,8,0,0
2,150.0,360,181.3429854668015,2.842170943040401e-14,751,134.4593188156105,0.0,751,0,30,716,0,0,1294,0,314,980,0,0
3,200.0,193,218.25988232814927,8.526512829121202e-14,553,194.22718274390846,17.59664861684765,553,0,37,515,0,0,967,0,281,686,0,0
4,250.0,98,247.32879632779213,5.684341886080802e-14,171,257.10024996132626,11.321677594244967,171,0,17,154,0,0,240,0,28,212,0,0
5,300.0,73,270.2180918255227,5.684341886080802e-14,62,301.5100056514844,12.16107334683716,62,0,3,59,0,0,113,0,30,83,0,0
6,350.0,71,305.5901304958359,15.698489770638982,9,333.6976572013684,4.5423937660754135,9,0,0,9,0,0,17,0,6,11,0,0
Totals,7,2891,NA,NA,2891,NA,NA,2891,0,87,2798,0,0,2631,0,659,3268,0,0
