Age,Class,N_Initial_Age,AgeSize_Mean,AgeSize_Std,N_Initial_Class,ClassSize_Mean,ClassSize_Std,N_GrowthBack_Class,Capture_Back,PackingDeaths_Emigration_Class,N_AfterEmigration_Class,Deaths_AfterEmiMort_Age,Deaths_AfterEmiMort_Size,N_GrowthOut_Class,Capture_Out,PackingDeaths_Immigration_Class,N_Immigration_Class,Deaths_AfterImmiMort_Age,Deaths_AfterImmiMort_Size
0,50.0,1182,50.25544387817635,10.157997517543274,1173,50.036889149870106,9.882202634058366,0,0,0,0,0,0,0,0,110,1369,0,0
1,100.0,796,134.4593188156105,0.0,9,78.74041013409095,2.4323695615928966,1182,0,94,1088,0,0,0,0,0,12,0,0
2,150.0,393,181.34298546680154,5.684341886080802e-14,796,134.4593188156105,0.0,796,0,117,678,0,0,1058,0,297,761,0,0
3,200.0,195,218.2598823281493,5.684341886080802e-14,588,193.5858339157179,17.38046706318978,588,0,105,482,0,0,928,0,342,586,0,0
4,250.0,91,247.32879632779213,5.684341886080802e-14,159,257.11792899348825,11.324276219918282,159,0,22,136,0,0,220,0,51,169,0,0
5,300.0,68,270.2180918255227,5.684341886080802e-14,81,299.9959167085685,11.537849133415246,81,0,17,64,0,0,105,0,35,70,0,0
6,350.0,93,304.5449590085594,16.092900129861818,12,335.2509945334976,5.097960202050893,12,0,1,11,0,0,15,0,5,10,0,0
Totals,7,2818,NA,NA,2818,NA,NA,2818,0,356,2459,0,0,2326,0,840,2977,0,0
