Age,Class,N_Initial_Age,AgeSize_Mean,AgeSize_Std,N_Initial_Class,ClassSize_Mean,ClassSize_Std,N_GrowthBack_Class,Capture_Back,PackingDeaths_Emigration_Class,N_AfterEmigration_Class,Deaths_AfterEmiMort_Age,Deaths_AfterEmiMort_Size,N_GrowthOut_Class,Capture_Out,PackingDeaths_Immigration_Class,N_Immigration_Class,Deaths_AfterImmiMort_Age,Deaths_AfterImmiMort_Size
0,50.0,1217,50.101811673981494,10.190894720617264,1207,49.87240479607507,9.912809445982559,0,0,0,0,0,0,0,0,18,1388,0,0
1,100.0,842,134.45931881561046,2.842170943040401e-14,10,77.79122183728637,2.3616585412866353,1217,0,109,1108,0,0,0,0,0,7,0,0
2,150.0,386,181.3429854668015,2.842170943040401e-14,842,134.45931881561046,2.842170943040401e-14,842,0,105,726,0,0,1064,0,213,851,0,0
3,200.0,181,218.2598823281493,5.684341886080802e-14,567,193.1277444295951,17.20977011334411,567,0,103,464,0,0,957,0,318,639,0,0
4,250.0,94,247.32879632779208,1.1368683772161603e-13,168,257.41098601131637,11.36325966066931,168,0,10,157,0,0,213,0,43,170,0,0
5,300.0,74,270.2180918255227,5.684341886080802e-14,70,299.7026885141275,11.235545901788338,70,0,12,58,0,0,111,0,30,81,0,0
6,350.0,83,305.1498134911512,16.430667146086932,13,334.4804864443547,4.882394238011901,13,0,1,12,0,0,16,0,6,10,0,0
Totals,7,2877,NA,NA,2877,NA,NA,2877,0,340,2525,0,0,2361,0,628,3146,0,0
