Age,Class,N_Initial_Age,AgeSize_Mean,AgeSize_Std,N_Initial_Class,ClassSize_Mean,ClassSize_Std,N_GrowthBack_Class,Capture_Back,PackingDeaths_Emigration_Class,N_AfterEmigration_Class,Deaths_AfterEmiMort_Age,Deaths_AfterEmiMort_Size,N_GrowthOut_Class,Capture_Out,PackingDeaths_Immigration_Class,N_Immigration_Class,Deaths_AfterImmiMort_Age,Deaths_AfterImmiMort_Size
0,50.0,3441,50.253643998837546,10.117339711696793,3439,50.2014012794417,10.008200495404665,0,0,0,0,0,0,0,0,27404,31810,0,0
1,100.0,3515,99.99259431009959,9.969460268109161,3520,99.99395511363636,9.807412951304592,3441,0,12,3429,0,0,0,0,0,234,0,0
2,150.0,3668,150.0708118865867,10.068148466401084,3681,150.20751181744092,9.979967484845325,3515,0,769,2746,0,0,3366,0,2098,1268,0,0
3,200.0,3639,199.83350370981037,10.170389763858838,3621,199.9159138359569,9.824476877069268,7307,0,6348,959,0,0,3127,0,2215,912,0,0
4,250.0,3730,250.074763538874,10.052988500984302,3734,250.07762640599896,9.871324828827602,7453,0,7272,181,0,0,583,0,258,325,0,0
5,300.0,3723,299.84298871877525,10.109341122262922,3718,299.8301925766541,9.84142748756693,3694,0,3612,82,0,0,174,0,52,122,0,0
6,350.0,3694,349.9090406063887,10.007660565974714,3697,349.9377057073302,9.908638642646986,0,0,0,0,0,0,0,0,0,0,0,0
Totals,7,25410,NA,NA,25410,NA,NA,25410,0,18013,7397,0,0,7250,0,32027,34671,0,0
