Age,Class,N_Initial_Age,AgeSize_Mean,AgeSize_Std,N_Initial_Class,ClassSize_Mean,ClassSize_Std,N_GrowthBack_Class,Capture_Back,PackingDeaths_Emigration_Class,N_AfterEmigration_Class,Deaths_AfterEmiMort_Age,Deaths_AfterEmiMort_Size,N_GrowthOut_Class,Capture_Out,PackingDeaths_Immigration_Class,N_Immigration_Class,Deaths_AfterImmiMort_Age,Deaths_AfterImmiMort_Size
0,50.0,1610,49.943083070014346,9.966517740986713,1603,49.81379087179143,9.7905109723462,0,0,0,0,0,0,0,0,77,1108,0,0
1,100.0,822,134.4593188156105,0.0,7,79.55099646306383,3.897791324505348,1610,0,142,1468,0,0,0,0,0,4,0,0
2,150.0,405,181.34298546680157,8.526512829121202e-14,822,134.4593188156105,0.0,822,0,125,697,0,0,1417,0,515,902,0,0
3,200.0,168,218.25988232814936,0.0,573,192.16678768792966,16.805549551351117,573,0,109,464,0,0,959,0,371,588,0,0
4,250.0,91,247.32879632779213,5.684341886080802e-14,147,256.0485279459752,11.115520418601879,147,0,17,130,0,0,204,0,43,161,0,0
5,300.0,56,270.2180918255228,0.0,57,296.96061389771063,11.379780734371485,57,0,8,49,0,0,80,0,20,60,0,0
6,350.0,65,301.4310631797835,16.041540757539586,8,333.28301431455327,3.345444878367275,8,0,1,7,0,0,11,0,2,9,0,0
Totals,7,3217,NA,NA,3217,NA,NA,3217,0,402,2815,0,0,2671,0,1028,2832,0,0
