Age,Class,N_Initial_Age,AgeSize_Mean,AgeSize_Std,N_Initial_Class,ClassSize_Mean,ClassSize_Std,N_GrowthBack_Class,Capture_Back,PackingDeaths_Emigration_Class,N_AfterEmigration_Class,Deaths_AfterEmiMort_Age,Deaths_AfterEmiMort_Size,N_GrowthOut_Class,Capture_Out,PackingDeaths_Immigration_Class,N_Immigration_Class,Deaths_AfterImmiMort_Age,Deaths_AfterImmiMort_Size
0,50.0,1493,49.65176647015339,10.163627428440149,1487,49.53536355217784,10.016051507943569,0,0,0,0,0,0,0,0,7,1112,0,0
1,100.0,888,134.4593188156105,0.0,6,78.50028964176158,2.400051276741597,1493,0,174,1319,0,0,0,0,0,12,0,0
2,150.0,332,181.34298546680154,5.684341886080802e-14,888,134.4593188156105,0.0,888,0,89,799,0,0,1249,0,348,901,0,0
3,200.0,165,218.25988232814927,8.526512829121202e-14,497,193.5990981068868,17.385204894065314,497,0,44,453,0,0,1004,0,425,579,0,0
4,250.0,107,247.32879632779213,5.684341886080802e-14,150,253.89039437047487,10.350641896160749,150,0,2,148,0,0,232,0,34,198,0,0
5,300.0,43,270.21809182552283,5.684341886080802e-14,71,300.06142268796697,12.035605635817378,71,0,11,60,0,0,89,0,14,75,0,0
6,350.0,80,304.6490260980325,17.25960458527946,9,340.84011966632653,5.419340666112688,9,0,4,5,0,0,9,0,2,7,0,0
Totals,7,3108,NA,NA,3108,NA,NA,3108,0,324,2784,0,0,2583,0,830,2884,0,0
