Age,Class,N_Initial_Age,AgeSize_Mean,AgeSize_Std,N_Initial_Class,ClassSize_Mean,ClassSize_Std,N_GrowthBack_Class,Capture_Back,PackingDeaths_Emigration_Class,N_AfterEmigration_Class,Deaths_AfterEmiMort_Age,Deaths_AfterEmiMort_Size,N_GrowthOut_Class,Capture_Out,PackingDeaths_Immigration_Class,N_Immigration_Class,Deaths_AfterImmiMort_Age,Deaths_AfterImmiMort_Size
0,50.0,1251,50.058173956947485,10.05344359638645,1240,49.8144361769053,9.753297437341795,0,0,0,0,0,0,0,0,18,1509,0,0
1,100.0,792,134.4593188156105,0.0,11,77.53406916170287,3.0990812669392187,1251,0,23,1228,0,0,0,0,0,13,0,0
2,150.0,361,181.34298546680154,5.684341886080802e-14,792,134.4593188156105,0.0,792,0,31,761,0,0,1149,0,325,824,0,0
3,200.0,145,218.2598823281494,2.842170943040401e-14,506,191.92193812469762,16.692149796674663,506,0,51,455,0,0,1018,0,367,651,0,0
4,250.0,117,247.3287963277921,8.526512829121202e-14,183,255.58395208107197,10.991228452984862,183,0,25,158,0,0,216,0,46,170,0,0
5,300.0,66,270.2180918255227,5.684341886080802e-14,69,300.8918954662063,13.631220312320012,69,0,10,59,0,0,98,0,28,70,0,0
6,350.0,78,304.7445164329365,16.82442316835375,9,334.28127717786833,6.514476337588033,9,0,3,6,0,0,14,0,0,14,0,0
Totals,7,2810,NA,NA,2810,NA,NA,2810,0,143,2667,0,0,2495,0,784,3251,0,0
