Age,Class,N_Initial_Age,AgeSize_Mean,AgeSize_Std,N_Initial_Class,ClassSize_Mean,ClassSize_Std,N_GrowthBack_Class,Capture_Back,PackingDeaths_Emigration_Class,N_AfterEmigration_Class,Deaths_AfterEmiMort_Age,Deaths_AfterEmiMort_Size,N_GrowthOut_Class,Capture_Out,PackingDeaths_Immigration_Class,N_Immigration_Class,Deaths_AfterImmiMort_Age,Deaths_AfterImmiMort_Size
0,50.0,1454,49.1946396867363,9.948527842262267,1448,49.067986012878634,9.769344246566737,0,0,0,0,0,0,0,0,0,1596,0,0
1,100.0,817,134.45931881561046,2.842170943040401e-14,6,79.76039297771678,3.6737046075600186,1454,0,138,1241,0,0,0,0,0,12,0,0
2,150.0,421,181.34298546680157,8.526512829121202e-14,817,134.45931881561046,2.842170943040401e-14,817,0,82,734,0,0,1186,0,365,821,0,0
3,200.0,211,218.25988232814927,8.526512829121202e-14,632,193.66808869108064,17.409663840724868,632,0,128,504,0,0,983,0,375,608,0,0
4,250.0,116,247.3287963277921,8.526512829121202e-14,198,256.80820153392295,11.274652271526342,198,0,9,188,0,0,253,0,62,191,0,0
5,300.0,82,270.2180918255227,5.684341886080802e-14,86,299.0571684806336,11.869931776151923,86,0,21,65,0,0,129,0,48,81,0,0
6,350.0,92,301.51564609215075,14.875960358704159,6,336.7538251905633,6.7317993065929915,6,0,0,6,0,0,13,0,0,13,0,0
Totals,7,3193,NA,NA,3193,NA,NA,3193,0,378,2738,0,0,2564,0,850,3322,0,0
