Age,Class,N_Initial_Age,AgeSize_Mean,AgeSize_Std,N_Initial_Class,ClassSize_Mean,ClassSize_Std,N_GrowthBack_Class,Capture_Back,PackingDeaths_Emigration_Class,N_AfterEmigration_Class,Deaths_AfterEmiMort_Age,Deaths_AfterEmiMort_Size,N_GrowthOut_Class,Capture_Out,PackingDeaths_Immigration_Class,N_Immigration_Class,Deaths_AfterImmiMort_Age,Deaths_AfterImmiMort_Size
0,50.0,1404,50.40764009034383,10.337827737452319,1395,50.2321792714085,10.136339665016791,0,0,0,0,0,0,0,0,15,1304,0,0
1,100.0,733,134.4593188156105,0.0,9,77.60406702532192,1.3692035194293182,1404,0,41,1363,0,0,0,0,0,8,0,0
2,150.0,423,181.34298546680154,5.684341886080802e-14,733,134.4593188156105,0.0,733,0,45,688,0,0,1328,0,398,930,0,0
3,200.0,146,218.25988232814936,0.0,569,190.8155108477449,16.123507850718173,569,0,81,488,0,0,959,0,346,613,0,0
4,250.0,117,247.3287963277921,8.526512829121202e-14,183,255.58395208107197,10.99122845298486,183,0,13,170,0,0,215,0,39,176,0,0
5,300.0,66,270.2180918255227,5.684341886080802e-14,62,297.9747138098984,10.629908257644132,62,0,16,46,0,0,96,0,13,83,0,0
6,350.0,70,302.04834603831273,15.246071402566054,8,333.6189958085236,5.731453845321822,8,0,4,4,0,0,6,0,0,6,0,0
Totals,7,2959,NA,NA,2959,NA,NA,2959,0,200,2759,0,0,2604,0,811,3120,0,0
