Age,Class,N_Initial_Age,AgeSize_Mean,AgeSize_Std,N_Initial_Class,ClassSize_Mean,ClassSize_Std,N_GrowthBack_Class,Capture_Back,PackingDeaths_Emigration_Class,N_AfterEmigration_Class,Deaths_AfterEmiMort_Age,Deaths_AfterEmiMort_Size,N_GrowthOut_Class,Capture_Out,PackingDeaths_Immigration_Class,N_Immigration_Class,Deaths_AfterImmiMort_Age,Deaths_AfterImmiMort_Size
0,50.0,1256,49.690324632181635,9.913949226342798,1249,49.542006906572425,9.74076358520952,0,0,0,0,0,0,0,0,5,1627,0,0
1,100.0,816,134.4593188156105,0.0,7,76.15444453016765,1.1692598334835471,1256,0,86,1170,0,0,0,0,0,15,0,0
2,150.0,372,181.3429854668015,2.842170943040401e-14,816,134.4593188156105,0.0,816,0,64,750,0,0,1132,0,206,926,0,0
3,200.0,154,218.25988232814936,0.0,526,192.1513545098577,16.798529811593507,526,0,50,476,0,0,1012,0,312,700,0,0
4,250.0,109,247.3287963277921,8.526512829121202e-14,190,257.0868644084036,11.319691299600013,190,0,14,174,0,0,207,0,31,176,0,0
5,300.0,81,270.2180918255227,5.684341886080802e-14,96,299.49120919783485,12.063372596219228,96,0,14,82,0,0,138,0,34,104,0,0
6,350.0,110,304.16604061281663,16.739944107087908,14,336.22202745840565,5.142521436488085,14,0,0,14,0,0,18,0,4,14,0,0
Totals,7,2898,NA,NA,2898,NA,NA,2898,0,228,2666,0,0,2507,0,592,3562,0,0
