Age,Class,N_Initial_Age,AgeSize_Mean,AgeSize_Std,N_Initial_Class,ClassSize_Mean,ClassSize_Std,N_GrowthBack_Class,Capture_Back,PackingDeaths_Emigration_Class,N_AfterEmigration_Class,Deaths_AfterEmiMort_Age,Deaths_AfterEmiMort_Size,N_GrowthOut_Class,Capture_Out,PackingDeaths_Immigration_Class,N_Immigration_Class,Deaths_AfterImmiMort_Age,Deaths_AfterImmiMort_Size
0,50.0,1642,50.243188458453794,9.950440080996827,1631,50.04717627751867,9.687060886437314,0,0,0,0,0,0,0,0,64,1242,0,0
1,100.0,870,134.4593188156105,0.0,11,79.30644910437857,3.9400660375273384,1642,0,16,1626,0,0,0,0,0,9,0,0
2,150.0,407,181.34298546680157,8.526512829121202e-14,870,134.4593188156105,0.0,870,0,45,825,0,0,1560,0,419,1141,0,0
3,200.0,163,218.25988232814933,2.842170943040401e-14,570,191.89992263943256,16.681739666679576,570,0,83,487,0,0,1078,0,311,767,0,0
4,250.0,130,247.32879632779216,2.842170943040401e-14,209,255.9807309896138,11.098680809405339,209,0,30,179,0,0,230,0,26,204,0,0
5,300.0,79,270.21809182552266,1.1368683772161603e-13,85,297.0356304000318,10.56284858248724,85,0,10,75,0,0,128,0,37,91,0,0
6,350.0,97,302.09210771887354,16.926123340302205,12,337.90882206066937,7.846403394515298,12,0,5,7,0,0,9,0,0,9,0,0
Totals,7,3388,NA,NA,3388,NA,NA,3388,0,189,3199,0,0,3005,0,857,3463,0,0
