Age,Class,N_Initial_Age,AgeSize_Mean,AgeSize_Std,N_Initial_Class,ClassSize_Mean,ClassSize_Std,N_GrowthBack_Class,Capture_Back,PackingDeaths_Emigration_Class,N_AfterEmigration_Class,Deaths_AfterEmiMort_Age,Deaths_AfterEmiMort_Size,N_GrowthOut_Class,Capture_Out,PackingDeaths_Immigration_Class,N_Immigration_Class,Deaths_AfterImmiMort_Age,Deaths_AfterImmiMort_Size
0,50.0,1306,49.753699175751855,9.659132591386298,1299,49.600649503127435,9.453475917946596,0,0,0,0,0,0,0,0,0,1325,0,0
1,100.0,785,134.45931881561046,2.842170943040401e-14,7,78.15534556705413,3.4222952057671923,1306,0,43,1263,0,0,0,0,0,5,0,0
2,150.0,375,181.34298546680157,8.526512829121202e-14,785,134.45931881561046,2.842170943040401e-14,785,0,61,718,0,0,1227,0,311,916,0,0
3,200.0,176,218.25988232814933,2.842170943040401e-14,551,193.13495252233184,17.21256356684596,551,0,53,498,0,0,963,0,325,638,0,0
4,250.0,107,247.32879632779213,5.684341886080802e-14,179,256.5356637905665,11.22373830266859,179,0,31,146,0,0,222,0,67,155,0,0
5,300.0,72,270.2180918255228,0.0,69,299.7684020165605,12.4817193738312,69,0,10,59,0,0,102,0,26,76,0,0
6,350.0,77,303.68832922215205,16.641356771430456,8,337.4977013703786,6.795272158015357,8,0,0,8,0,0,13,0,1,12,0,0
Totals,7,2898,NA,NA,2898,NA,NA,2898,0,198,2692,0,0,2527,0,730,3127,0,0
