Age,Class,N_Initial_Age,AgeSize_Mean,AgeSize_Std,N_Initial_Class,ClassSize_Mean,ClassSize_Std,N_GrowthBack_Class,Capture_Back,PackingDeaths_Emigration_Class,N_AfterEmigration_Class,Deaths_AfterEmiMort_Age,Deaths_AfterEmiMort_Size,N_GrowthOut_Class,Capture_Out,PackingDeaths_Immigration_Class,N_Immigration_Class,Deaths_AfterImmiMort_Age,Deaths_AfterImmiMort_Size
0,50.0,1112,50.446215253088276,9.630735792252684,1107,50.3235315450975,9.477033175055459,0,0,0,0,0,0,0,0,0,1157,0,0
1,100.0,730,134.45931881561046,2.842170943040401e-14,5,77.60838820224498,1.366696023639471,1112,0,118,994,0,0,0,0,0,6,0,0
2,150.0,402,181.34298546680154,5.684341886080802e-14,730,134.45931881561046,2.842170943040401e-14,730,0,50,680,0,0,953,0,142,811,0,0
3,200.0,190,218.2598823281493,5.684341886080802e-14,592,193.19131385135572,17.234286508113282,592,0,49,543,0,0,974,0,394,580,0,0
4,250.0,92,247.3287963277921,8.526512829121202e-14,162,257.2192326539721,11.338623767865377,162,0,7,155,0,0,245,0,44,201,0,0
5,300.0,70,270.21809182552266,1.1368683772161603e-13,64,296.4675291569945,11.196280901499032,64,0,9,55,0,0,107,0,24,83,0,0
6,350.0,75,301.9402734142853,16.95862168391332,11,333.78169454761377,6.587094282034634,11,0,1,10,0,0,12,0,0,12,0,0
Totals,7,2671,NA,NA,2671,NA,NA,2671,0,234,2437,0,0,2291,0,604,2850,0,0
