Age,Class,N_Initial_Age,AgeSize_Mean,AgeSize_Std,N_Initial_Class,ClassSize_Mean,ClassSize_Std,N_GrowthBack_Class,Capture_Back,PackingDeaths_Emigration_Class,N_AfterEmigration_Class,Deaths_AfterEmiMort_Age,Deaths_AfterEmiMort_Size,N_GrowthOut_Class,Capture_Out,PackingDeaths_Immigration_Class,N_Immigration_Class,Deaths_AfterImmiMort_Age,Deaths_AfterImmiMort_Size
0,50.0,1196,50.3020892584658,10.261007782960721,1186,50.061050273698534,9.957969267556507,0,0,0,0,0,0,0,0,8,1441,0,0
1,100.0,847,134.4593188156105,0.0,10,78.8893128518628,2.801029612977781,1196,0,10,1171,0,0,0,0,0,8,0,0
2,150.0,385,181.34298546680154,5.684341886080802e-14,847,134.4593188156105,0.0,847,0,79,767,0,0,1127,0,173,954,0,0
3,200.0,184,218.2598823281493,5.684341886080802e-14,569,193.28096265922332,17.26840390131572,569,0,71,498,0,0,1013,0,311,702,0,0
4,250.0,103,247.32879632779208,1.1368683772161603e-13,173,256.59036098005305,11.234505342422857,173,0,9,163,0,0,234,0,35,199,0,0
5,300.0,70,270.21809182552266,1.1368683772161603e-13,68,298.967058752284,12.349602945978521,68,0,13,55,0,0,102,0,12,90,0,0
6,350.0,77,303.0634605704179,16.376412889604794,9,334.0140520852071,7.579222651926326,9,0,3,6,0,0,12,0,2,10,0,0
Totals,7,2862,NA,NA,2862,NA,NA,2862,0,185,2660,0,0,2488,0,541,3404,0,0
