Age,Class,N_Initial_Age,AgeSize_Mean,AgeSize_Std,N_Initial_Class,ClassSize_Mean,ClassSize_Std,N_GrowthBack_Class,Capture_Back,PackingDeaths_Emigration_Class,N_AfterEmigration_Class,Deaths_AfterEmiMort_Age,Deaths_AfterEmiMort_Size,N_GrowthOut_Class,Capture_Out,PackingDeaths_Immigration_Class,N_Immigration_Class,Deaths_AfterImmiMort_Age,Deaths_AfterImmiMort_Size
0,50.0,1163,50.25366124058104,10.045451406995234,1153,50.013495504761885,9.748544583741348,0,0,0,0,0,0,0,0,0,1225,0,0
1,100.0,761,134.45931881561046,2.842170943040401e-14,10,77.94477058052993,2.25344792071542,1163,0,1,1162,0,0,0,0,0,13,0,0
2,150.0,341,181.34298546680154,5.684341886080802e-14,761,134.45931881561046,2.842170943040401e-14,761,0,48,713,0,0,1110,0,223,887,0,0
3,200.0,178,218.2598823281493,5.684341886080802e-14,519,194.00427186626186,17.524475194758466,519,0,55,464,0,0,950,0,397,553,0,0
4,250.0,102,247.32879632779208,1.1368683772161603e-13,158,255.4414580231903,10.948873505302181,158,0,18,139,0,0,229,0,46,183,0,0
5,300.0,56,270.2180918255228,0.0,64,300.4611497026667,11.6961360609807,64,0,21,43,0,0,83,0,12,71,0,0
6,350.0,73,304.7833006755676,16.064883289039653,9,335.51859648286325,6.559059788795406,9,0,2,7,0,0,9,0,0,9,0,0
Totals,7,2674,NA,NA,2674,NA,NA,2674,0,145,2528,0,0,2381,0,678,2941,0,0
