Age,Class,N_Initial_Age,AgeSize_Mean,AgeSize_Std,N_Initial_Class,ClassSize_Mean,ClassSize_Std,N_GrowthBack_Class,Capture_Back,PackingDeaths_Emigration_Class,N_AfterEmigration_Class,Deaths_AfterEmiMort_Age,Deaths_AfterEmiMort_Size,N_GrowthOut_Class,Capture_Out,PackingDeaths_Immigration_Class,N_Immigration_Class,Deaths_AfterImmiMort_Age,Deaths_AfterImmiMort_Size
0,50.0,29075,49.976088371947505,10.003648533562224,28900,49.80669626964565,9.791141701307083,0,0,0,0,0,0,0,0,0,890,0,0
1,100.0,1186,134.45931881561046,2.842170943040401e-14,175,77.94998412351214,2.733800241915178,29075,0,17755,11320,0,0,0,0,0,7,0,0
2,150.0,791,181.34298546680154,5.684341886080802e-14,1186,134.45931881561046,2.842170943040401e-14,1186,0,102,1084,0,0,11100,0,8435,2665,0,0
3,200.0,109,218.25988232814922,1.4210854715202004e-13,900,185.81403186445363,12.04437224742189,900,0,169,731,0,0,1619,0,901,718,0,0
4,250.0,265,247.32879632779216,2.842170943040401e-14,273,247.99954491380626,3.860448021191506,273,0,64,209,0,0,273,0,55,218,0,0
5,300.0,8,270.2180918255228,0.0,30,297.2296488926482,6.838983435714653,30,0,1,29,0,0,34,0,3,31,0,0
6,350.0,30,297.2296488926482,6.838983435714653,0,nan,nan,0,0,0,0,0,0,0,0,0,0,0,0
Totals,7,31464,NA,NA,31464,NA,NA,31464,0,18091,13373,0,0,13026,0,9394,4529,0,0
