Age,Class,N_Initial_Age,AgeSize_Mean,AgeSize_Std,N_Initial_Class,ClassSize_Mean,ClassSize_Std,N_GrowthBack_Class,Capture_Back,PackingDeaths_Emigration_Class,N_AfterEmigration_Class,Deaths_AfterEmiMort_Age,Deaths_AfterEmiMort_Size,N_GrowthOut_Class,Capture_Out,PackingDeaths_Immigration_Class,N_Immigration_Class,Deaths_AfterImmiMort_Age,Deaths_AfterImmiMort_Size
0,50.0,787,49.66297074421682,9.859961694723047,781,49.45381149081464,9.602641825231771,0,0,0,0,0,0,0,0,0,596,0,0
1,100.0,593,134.45931881561046,2.842170943040401e-14,6,76.8885335620672,1.4773892342655086,787,0,36,751,0,0,0,0,0,3,0,0
2,150.0,249,181.3429854668015,2.842170943040401e-14,593,134.45931881561046,2.842170943040401e-14,593,0,47,546,0,0,718,0,131,587,0,0
3,200.0,151,218.25988232814936,0.0,400,195.27911403196032,17.89589174927633,400,0,48,352,0,0,688,0,225,463,0,0
4,250.0,79,247.32879632779205,1.4210854715202004e-13,126,255.86686687059634,11.069406986863113,126,0,23,103,0,0,186,0,38,148,0,0
5,300.0,47,270.2180918255229,1.1368683772161603e-13,44,300.18181150036924,11.52513556643707,44,0,9,35,0,0,59,0,10,49,0,0
6,350.0,50,304.0935993266157,15.19124328162756,6,332.7800433857561,3.729711725866319,6,0,2,4,0,0,10,0,2,8,0,0
Totals,7,1956,NA,NA,1956,NA,NA,1956,0,165,1791,0,0,1661,0,406,1854,0,0
