Age,Class,N_Initial_Age,AgeSize_Mean,AgeSize_Std,N_Initial_Class,ClassSize_Mean,ClassSize_Std,N_GrowthBack_Class,Capture_Back,PackingDeaths_Emigration_Class,N_AfterEmigration_Class,Deaths_AfterEmiMort_Age,Deaths_AfterEmiMort_Size,N_GrowthOut_Class,Capture_Out,PackingDeaths_Immigration_Class,N_Immigration_Class,Deaths_AfterImmiMort_Age,Deaths_AfterImmiMort_Size
0,50.0,573,49.8756266038919,9.818037916163517,568,49.62611198864936,9.488207546797009,0,0,0,0,0,0,0,0,32,876,0,0
1,100.0,587,134.4593188156105,0.0,5,78.22048689544371,3.0447995762791003,573,0,24,549,0,0,0,0,0,2,0,0
2,150.0,222,181.3429854668016,1.1368683772161603e-13,587,134.4593188156105,0.0,587,0,52,535,0,0,512,0,44,468,0,0
3,200.0,179,218.25988232814927,8.526512829121202e-14,401,197.8220990283508,18.352017653209597,401,0,73,328,0,0,660,0,223,437,0,0
4,250.0,86,247.32879632779208,1.1368683772161603e-13,130,255.07594249625484,10.830902278135808,130,0,16,114,0,0,197,0,30,167,0,0
5,300.0,44,270.21809182552283,5.684341886080802e-14,60,297.1560931292334,10.818397476450132,60,0,11,49,0,0,80,0,23,57,0,0
6,350.0,67,301.0450770047634,15.43866652152268,7,334.37922450930597,6.114847316966631,7,0,1,6,0,0,6,0,2,4,0,0
Totals,7,1758,NA,NA,1758,NA,NA,1758,0,177,1581,0,0,1455,0,354,2011,0,0
