Age,Class,N_Initial_Age,AgeSize_Mean,AgeSize_Std,N_Initial_Class,ClassSize_Mean,ClassSize_Std,N_GrowthBack_Class,Capture_Back,PackingDeaths_Emigration_Class,N_AfterEmigration_Class,Deaths_AfterEmiMort_Age,Deaths_AfterEmiMort_Size,N_GrowthOut_Class,Capture_Out,PackingDeaths_Immigration_Class,N_Immigration_Class,Deaths_AfterImmiMort_Age,Deaths_AfterImmiMort_Size
0,50.0,480,49.731415741036315,9.767626090601407,479,49.661620492281536,9.657506776796335,0,0,0,0,0,0,0,0,30,621,0,0
1,100.0,390,134.4593188156105,0.0,1,83.16333989457132,0.0,480,0,0,480,0,0,0,0,0,3,0,0
2,150.0,259,181.3429854668015,2.842170943040401e-14,390,134.4593188156105,0.0,390,0,5,385,0,0,458,0,18,440,0,0
3,200.0,124,218.25988232814925,1.1368683772161603e-13,383,193.29519228353035,17.273770246498533,383,0,18,365,0,0,575,0,116,459,0,0
4,250.0,96,247.32879632779216,2.842170943040401e-14,139,254.40965752493184,10.580043904757016,139,0,6,133,0,0,200,0,24,176,0,0
5,300.0,43,270.21809182552283,5.684341886080802e-14,41,297.56891556728414,11.695754065530659,41,0,0,41,0,0,71,0,10,61,0,0
6,350.0,44,299.7348654935473,13.841206396318713,3,329.3361811524784,0.0,3,0,0,3,0,0,4,0,1,3,0,0
Totals,7,1436,NA,NA,1436,NA,NA,1436,0,29,1407,0,0,1308,0,199,1763,0,0
