Age,Class,N_Initial_Age,AgeSize_Mean,AgeSize_Std,N_Initial_Class,ClassSize_Mean,ClassSize_Std,N_GrowthBack_Class,Capture_Back,PackingDeaths_Emigration_Class,N_AfterEmigration_Class,Deaths_AfterEmiMort_Age,Deaths_AfterEmiMort_Size,N_GrowthOut_Class,Capture_Out,PackingDeaths_Immigration_Class,N_Immigration_Class,Deaths_AfterImmiMort_Age,Deaths_AfterImmiMort_Size
0,50.0,600,50.4008903716221,9.930270442178372,597,50.256749896264246,9.743215114800035,0,0,0,0,0,0,0,0,71,696,0,0
1,100.0,439,134.4593188156105,0.0,3,79.08484496783508,2.0081152735188263,600,0,41,559,0,0,0,0,0,2,0,0
2,150.0,244,181.34298546680157,8.526512829121202e-14,439,134.4593188156105,0.0,439,0,51,388,0,0,537,0,51,486,0,0
3,200.0,111,218.25988232814922,1.4210854715202004e-13,355,192.8860151896455,17.114067388065433,355,0,59,296,0,0,542,0,90,452,0,0
4,250.0,65,247.32879632779216,2.842170943040401e-14,126,258.4101219258998,11.438879276851221,126,0,18,108,0,0,136,0,22,114,0,0
5,300.0,61,270.21809182552283,5.684341886080802e-14,49,297.6658404355902,10.368027297890047,49,0,16,33,0,0,70,0,14,56,0,0
6,350.0,53,300.3429874227364,13.727535723433787,4,333.1380380152783,4.094019832758606,4,0,0,4,0,0,5,0,1,4,0,0
Totals,7,1573,NA,NA,1573,NA,NA,1573,0,185,1388,0,0,1290,0,249,1810,0,0
