Age,Class,N_Initial_Age,AgeSize_Mean,AgeSize_Std,N_Initial_Class,ClassSize_Mean,ClassSize_Std,N_GrowthBack_Class,Capture_Back,PackingDeaths_Emigration_Class,N_AfterEmigration_Class,Deaths_AfterEmiMort_Age,Deaths_AfterEmiMort_Size,N_GrowthOut_Class,Capture_Out,PackingDeaths_Immigration_Class,N_Immigration_Class,Deaths_AfterImmiMort_Age,Deaths_AfterImmiMort_Size
0,50.0,520,50.21468113703203,10.005002372731111,517,50.051575467104705,9.801188152623753,0,0,0,0,0,0,0,0,50,765,0,0
1,100.0,420,134.4593188156105,0.0,3,78.32322492117486,1.0476133409377688,520,0,3,517,0,0,0,0,0,6,0,0
2,150.0,278,181.34298546680148,0.0,420,134.4593188156105,0.0,420,0,39,381,0,0,498,0,42,456,0,0
3,200.0,118,218.25988232814922,1.4210854715202004e-13,396,192.34347493558698,16.884702146932792,396,0,51,345,0,0,571,0,121,450,0,0
4,250.0,85,247.3287963277921,8.526512829121202e-14,137,256.01670410795276,11.107670630719701,137,0,17,120,0,0,155,0,14,141,0,0
5,300.0,52,270.21809182552283,5.684341886080802e-14,50,297.241027785082,10.282635360723718,50,0,8,42,0,0,80,0,28,52,0,0
6,350.0,53,299.30555278874357,13.151251186966178,3,333.7143028497707,6.19159908203078,3,0,0,3,0,0,4,0,0,4,0,0
Totals,7,1526,NA,NA,1526,NA,NA,1526,0,118,1408,0,0,1308,0,255,1874,0,0
