Age,Class,N_Initial_Age,AgeSize_Mean,AgeSize_Std,N_Initial_Class,ClassSize_Mean,ClassSize_Std,N_GrowthBack_Class,Capture_Back,PackingDeaths_Emigration_Class,N_AfterEmigration_Class,Deaths_AfterEmiMort_Age,Deaths_AfterEmiMort_Size,N_GrowthOut_Class,Capture_Out,PackingDeaths_Immigration_Class,N_Immigration_Class,Deaths_AfterImmiMort_Age,Deaths_AfterImmiMort_Size
0,50.0,640,49.86312744039683,10.088912451824493,638,49.77782050774461,9.988710273648955,0,0,0,0,0,0,0,0,13,925,0,0
1,100.0,426,134.4593188156105,0.0,2,77.07603895645958,0.8325978844472672,640,0,0,640,0,0,0,0,0,9,0,0
2,150.0,191,181.34298546680157,8.526512829121202e-14,426,134.4593188156105,0.0,426,0,25,401,0,0,611,0,59,552,0,0
3,200.0,130,218.25988232814936,0.0,321,196.29375366610125,18.12209970898174,321,0,12,309,0,0,536,0,155,381,0,0
4,250.0,83,247.32879632779213,5.684341886080802e-14,131,255.71571376207513,11.02861040289717,131,0,18,113,0,0,180,0,36,144,0,0
5,300.0,48,270.2180918255228,0.0,57,297.07439426880813,11.224314550828305,57,0,9,48,0,0,80,0,22,58,0,0
6,350.0,64,300.7735192700992,14.976414737878514,7,330.89496570918305,2.464654790341356,7,0,4,3,0,0,5,0,0,5,0,0
Totals,7,1582,NA,NA,1582,NA,NA,1582,0,68,1514,0,0,1412,0,285,2074,0,0
