Age,Class,N_Initial_Age,AgeSize_Mean,AgeSize_Std,N_Initial_Class,ClassSize_Mean,ClassSize_Std,N_GrowthBack_Class,Capture_Back,PackingDeaths_Emigration_Class,N_AfterEmigration_Class,Deaths_AfterEmiMort_Age,Deaths_AfterEmiMort_Size,N_GrowthOut_Class,Capture_Out,PackingDeaths_Immigration_Class,N_Immigration_Class,Deaths_AfterImmiMort_Age,Deaths_AfterImmiMort_Size
0,50.0,576,49.003072842555504,9.89417894525299,576,49.003072842555504,9.89417894525299,0,0,0,0,0,0,0,0,0,768,0,0
1,100.0,446,134.4593188156105,0.0,0,nan,nan,576,0,0,576,0,0,0,0,0,3,0,0
2,150.0,196,181.34298546680157,8.526512829121202e-14,446,134.4593188156105,0.0,446,0,15,431,0,0,561,0,40,521,0,0
3,200.0,147,218.25988232814936,0.0,343,197.16451269309343,18.2691260061813,343,0,32,311,0,0,555,0,128,427,0,0
4,250.0,99,247.32879632779213,5.684341886080802e-14,142,254.26006186583732,10.517097656419281,142,0,15,127,0,0,202,0,53,149,0,0
5,300.0,43,270.21809182552283,5.684341886080802e-14,49,296.74333235485216,11.78115428542947,49,0,7,42,0,0,68,0,7,61,0,0
6,350.0,55,300.8757245169972,16.33640706305499,6,334.62359384118184,5.874349026965663,6,0,0,6,0,0,8,0,0,8,0,0
Totals,7,1562,NA,NA,1562,NA,NA,1562,0,69,1493,0,0,1394,0,228,1937,0,0
