Age,Class,N_Initial_Age,AgeSize_Mean,AgeSize_Std,N_Initial_Class,ClassSize_Mean,ClassSize_Std,N_GrowthBack_Class,Capture_Back,PackingDeaths_Emigration_Class,N_AfterEmigration_Class,Deaths_AfterEmiMort_Age,Deaths_AfterEmiMort_Size,N_GrowthOut_Class,Capture_Out,PackingDeaths_Immigration_Class,N_Immigration_Class,Deaths_AfterImmiMort_Age,Deaths_AfterImmiMort_Size
0,50.0,576,49.88516861493554,10.297046035208458,572,49.69416764211075,10.075310230402788,0,0,0,0,0,0,0,0,36,743,0,0
1,100.0,386,134.4593188156105,0.0,4,77.198307728879,0.8808568652058362,576,0,0,576,0,0,0,0,0,12,0,0
2,150.0,280,181.34298546680154,5.684341886080802e-14,386,134.4593188156105,0.0,386,0,27,359,0,0,566,0,38,528,0,0
3,200.0,119,218.2598823281492,1.7053025658242404e-13,399,192.35328803948423,16.889033179727523,399,0,42,357,0,0,552,0,173,379,0,0
4,250.0,86,247.32879632779208,1.1368683772161603e-13,141,256.25724492619764,11.16461839611337,141,0,8,133,0,0,171,0,20,151,0,0
5,300.0,55,270.2180918255229,1.1368683772161603e-13,45,298.8449176262608,13.351778863379486,45,0,8,37,0,0,67,0,14,53,0,0
6,350.0,46,299.50777118117855,13.934361544280588,1,329.3361811524784,0.0,1,0,0,1,0,0,8,0,4,4,0,0
Totals,7,1548,NA,NA,1548,NA,NA,1548,0,85,1463,0,0,1364,0,285,1870,0,0
