Age,Class,N_Initial_Age,AgeSize_Mean,AgeSize_Std,N_Initial_Class,ClassSize_Mean,ClassSize_Std,N_GrowthBack_Class,Capture_Back,PackingDeaths_Emigration_Class,N_AfterEmigration_Class,Deaths_AfterEmiMort_Age,Deaths_AfterEmiMort_Size,N_GrowthOut_Class,Capture_Out,PackingDeaths_Immigration_Class,N_Immigration_Class,Deaths_AfterImmiMort_Age,Deaths_AfterImmiMort_Size
0,50.0,766,49.75163205115756,10.177250375854348,762,49.59865288230616,9.978436684894644,0,0,0,0,0,0,0,0,35,768,0,0
1,100.0,511,134.45931881561052,2.842170943040401e-14,4,78.8941637173467,3.6342438809395716,766,0,61,705,0,0,0,0,0,10,0,0
2,150.0,261,181.34298546680148,0.0,511,134.45931881561052,2.842170943040401e-14,511,0,47,464,0,0,685,0,146,539,0,0
3,200.0,131,218.2598823281494,2.842170943040401e-14,392,193.68000967301725,17.4138589615302,392,0,73,319,0,0,630,0,209,421,0,0
4,250.0,71,247.3287963277921,8.526512829121202e-14,135,258.1800178970866,11.42925227059966,135,0,27,108,0,0,140,0,29,111,0,0
5,300.0,64,270.2180918255228,0.0,46,297.3032730611157,10.753795119645426,46,0,3,43,0,0,86,0,28,58,0,0
6,350.0,49,300.10973394276084,15.336967132462998,3,343.1421341279858,9.808292478519947,3,0,0,3,0,0,6,0,2,4,0,0
Totals,7,1853,NA,NA,1853,NA,NA,1853,0,211,1642,0,0,1547,0,449,1911,0,0
