Age,Class,N_Initial_Age,AgeSize_Mean,AgeSize_Std,N_Initial_Class,ClassSize_Mean,ClassSize_Std,N_GrowthBack_Class,Capture_Back,PackingDeaths_Emigration_Class,N_AfterEmigration_Class,Deaths_AfterEmiMort_Age,Deaths_AfterEmiMort_Size,N_GrowthOut_Class,Capture_Out,PackingDeaths_Immigration_Class,N_Immigration_Class,Deaths_AfterImmiMort_Age,Deaths_AfterImmiMort_Size
0,50.0,419,49.05641005512019,9.510128512379705,419,49.05641005512019,9.510128512379705,0,0,0,0,0,0,0,0,25,678,0,0
1,100.0,467,134.4593188156105,0.0,0,nan,nan,419,0,46,373,0,0,0,0,0,6,0,0
2,150.0,289,181.3429854668015,2.842170943040401e-14,467,134.4593188156105,0.0,467,0,36,431,0,0,342,0,19,323,0,0
3,200.0,132,218.25988232814936,0.0,421,192.91787949458754,17.12690857248709,421,0,49,372,0,0,626,0,163,463,0,0
4,250.0,102,247.32879632779208,1.1368683772161603e-13,150,254.65337088706593,10.677310476333293,150,0,23,127,0,0,186,0,24,162,0,0
5,300.0,48,270.2180918255228,0.0,50,297.3091613679034,11.019402788472675,50,0,10,40,0,0,76,0,15,61,0,0
6,350.0,57,302.1232321518867,16.7135500567715,7,336.5094520374816,7.704604105694457,7,0,3,4,0,0,5,0,0,5,0,0
Totals,7,1514,NA,NA,1514,NA,NA,1514,0,167,1347,0,0,1235,0,246,1698,0,0
