Age,Class,N_Initial_Age,AgeSize_Mean,AgeSize_Std,N_Initial_Class,ClassSize_Mean,ClassSize_Std,N_GrowthBack_Class,Capture_Back,PackingDeaths_Emigration_Class,N_AfterEmigration_Class,Deaths_AfterEmiMort_Age,Deaths_AfterEmiMort_Size,N_GrowthOut_Class,Capture_Out,PackingDeaths_Immigration_Class,N_Immigration_Class,Deaths_AfterImmiMort_Age,Deaths_AfterImmiMort_Size
0,50.0,586,49.7543855681573,9.661163130260691,582,49.56885329043165,9.429837915601878,0,0,0,0,0,0,0,0,9,565,0,0
1,100.0,396,134.4593188156105,0.0,4,76.74933197723959,1.471040494464655,586,0,49,537,0,0,0,0,0,2,0,0
2,150.0,192,181.34298546680154,5.684341886080802e-14,396,134.4593188156105,0.0,396,0,30,366,0,0,511,0,55,456,0,0
3,200.0,122,218.25988232814925,1.1368683772161603e-13,314,195.68649316452266,17.99393178913756,314,0,56,258,0,0,470,0,117,353,0,0
4,250.0,71,247.3287963277921,8.526512829121202e-14,111,255.57719110174904,10.989264261814666,111,0,15,96,0,0,142,0,32,110,0,0
5,300.0,40,270.2180918255228,0.0,36,297.61574972864247,12.348466774554138,36,0,7,29,0,0,55,0,15,40,0,0
6,350.0,38,299.42881838117245,14.283581292610137,2,332.0640541267116,2.7278729742332075,2,0,0,2,0,0,6,0,0,6,0,0
Totals,7,1445,NA,NA,1445,NA,NA,1445,0,157,1288,0,0,1184,0,228,1532,0,0
