Age,Class,N_Initial_Age,AgeSize_Mean,AgeSize_Std,N_Initial_Class,ClassSize_Mean,ClassSize_Std,N_GrowthBack_Class,Capture_Back,PackingDeaths_Emigration_Class,N_AfterEmigration_Class,Deaths_AfterEmiMort_Age,Deaths_AfterEmiMort_Size,N_GrowthOut_Class,Capture_Out,PackingDeaths_Immigration_Class,N_Immigration_Class,Deaths_AfterImmiMort_Age,Deaths_AfterImmiMort_Size
0,50.0,723,50.239461907507255,10.07824620488452,722,50.203298591552,10.038236788742893,0,0,0,0,0,0,0,0,0,613,0,0
1,100.0,413,134.45931881561046,2.842170943040401e-14,1,76.34937602720026,0.0,723,0,94,629,0,0,0,0,0,4,0,0
2,150.0,252,181.3429854668015,2.842170943040401e-14,413,134.45931881561046,2.842170943040401e-14,413,0,24,389,0,0,590,0,97,493,0,0
3,200.0,136,218.25988232814936,0.0,388,194.28292869655226,17.61421070656399,388,0,64,324,0,0,547,0,150,397,0,0
4,250.0,82,247.32879632779213,5.684341886080802e-14,128,255.55463689728907,10.982679201253859,128,0,10,118,0,0,173,0,35,138,0,0
5,300.0,46,270.2180918255229,1.1368683772161603e-13,41,299.27785031270355,12.681198002719656,41,0,4,37,0,0,68,0,21,47,0,0
6,350.0,47,303.6833698324462,16.641991536581653,6,333.787753217355,5.630368377746635,6,0,2,4,0,0,6,0,2,4,0,0
Totals,7,1699,NA,NA,1699,NA,NA,1699,0,198,1501,0,0,1384,0,305,1696,0,0
