Age,Class,N_Initial_Age,AgeSize_Mean,AgeSize_Std,N_Initial_Class,ClassSize_Mean,ClassSize_Std,N_GrowthBack_Class,Capture_Back,PackingDeaths_Emigration_Class,N_AfterEmigration_Class,Deaths_AfterEmiMort_Age,Deaths_AfterEmiMort_Size,N_GrowthOut_Class,Capture_Out,PackingDeaths_Immigration_Class,N_Immigration_Class,Deaths_AfterImmiMort_Age,Deaths_AfterImmiMort_Size
0,50.0,681,49.85408791277292,10.443797269595052,676,49.65597429518871,10.223296732674354,0,0,0,0,0,0,0,0,22,602,0,0
1,100.0,355,134.4593188156105,0.0,5,76.63904901015886,1.5661847583093305,681,0,0,681,0,0,0,0,0,7,0,0
2,150.0,216,181.3429854668015,2.842170943040401e-14,355,134.4593188156105,0.0,355,0,11,344,0,0,660,0,57,603,0,0
3,200.0,137,218.25988232814936,0.0,353,195.67050634500168,17.99026836998443,353,0,27,326,0,0,489,0,105,384,0,0
4,250.0,82,247.32879632779213,5.684341886080802e-14,135,256.31496418986404,11.177470140503186,135,0,20,115,0,0,181,0,22,159,0,0
5,300.0,53,270.2180918255229,1.1368683772161603e-13,44,296.6701213711297,10.13613433489143,44,0,9,35,0,0,74,0,8,66,0,0
6,350.0,48,299.77958699958265,14.246056683508995,4,333.9837089125642,5.3823473758633416,4,0,0,4,0,0,5,0,0,5,0,0
Totals,7,1572,NA,NA,1572,NA,NA,1572,0,67,1505,0,0,1409,0,214,1826,0,0
