Age,Class,N_Initial_Age,AgeSize_Mean,AgeSize_Std,N_Initial_Class,ClassSize_Mean,ClassSize_Std,N_GrowthBack_Class,Capture_Back,PackingDeaths_Emigration_Class,N_AfterEmigration_Class,Deaths_AfterEmiMort_Age,Deaths_AfterEmiMort_Size,N_GrowthOut_Class,Capture_Out,PackingDeaths_Immigration_Class,N_Immigration_Class,Deaths_AfterImmiMort_Age,Deaths_AfterImmiMort_Size
0,50.0,836,49.845139784914906,9.554042666530831,836,49.845139784914906,9.554042666530831,0,0,0,0,0,0,0,0,26,881,0,0
1,100.0,498,134.4593188156105,0.0,0,nan,nan,836,0,57,779,0,0,0,0,0,3,0,0
2,150.0,219,181.34298546680154,5.684341886080802e-14,498,134.4593188156105,0.0,498,0,31,467,0,0,746,0,128,618,0,0
3,200.0,107,218.25988232814925,1.1368683772161603e-13,326,193.45988106239727,17.33490773288861,326,0,52,274,0,0,598,0,161,437,0,0
4,250.0,90,247.32879632779213,5.684341886080802e-14,132,254.61175398616098,10.66115836512482,132,0,17,115,0,0,153,0,13,140,0,0
5,300.0,42,270.21809182552283,5.684341886080802e-14,56,298.61396474555085,11.351556168011154,56,0,2,54,0,0,78,0,17,61,0,0
6,350.0,61,301.4519064675198,14.504146494178164,5,333.2368537535717,4.77732876316675,5,0,0,5,0,0,8,0,0,8,0,0
Totals,7,1853,NA,NA,1853,NA,NA,1853,0,159,1694,0,0,1583,0,345,2148,0,0
