Age,Class,N_Initial_Age,AgeSize_Mean,AgeSize_Std,N_Initial_Class,ClassSize_Mean,ClassSize_Std,N_GrowthBack_Class,Capture_Back,PackingDeaths_Emigration_Class,N_AfterEmigration_Class,Deaths_AfterEmiMort_Age,Deaths_AfterEmiMort_Size,N_GrowthOut_Class,Capture_Out,PackingDeaths_Immigration_Class,N_Immigration_Class,Deaths_AfterImmiMort_Age,Deaths_AfterImmiMort_Size
0,50.0,444,49.733548281528535,9.497490231887555,441,49.527737717401564,9.192440679922356,0,0,0,0,0,0,0,0,0,781,0,0
1,100.0,439,134.4593188156105,0.0,3,79.987701208193,2.6002152982546805,444,0,12,432,0,0,0,0,0,4,0,0
2,150.0,283,181.34298546680154,5.684341886080802e-14,439,134.4593188156105,0.0,439,0,38,401,0,0,394,0,32,362,0,0
3,200.0,138,218.2598823281494,2.842170943040401e-14,421,193.4440110413051,17.329093833657083,421,0,36,385,0,0,593,0,176,417,0,0
4,250.0,82,247.32879632779213,5.684341886080802e-14,129,255.66830709053121,11.01535684365233,129,0,18,111,0,0,179,0,30,149,0,0
5,300.0,47,270.2180918255229,1.1368683772161603e-13,50,294.6311846751477,9.462530006968645,50,0,16,34,0,0,63,0,17,46,0,0
6,350.0,54,297.5845765142031,13.88615144625261,4,334.5019745023949,3.4599109852349894,4,0,0,4,0,0,3,0,2,1,0,0
Totals,7,1487,NA,NA,1487,NA,NA,1487,0,120,1367,0,0,1232,0,257,1760,0,0
