Age,Class,N_Initial_Age,AgeSize_Mean,AgeSize_Std,N_Initial_Class,ClassSize_Mean,ClassSize_Std,N_GrowthBack_Class,Capture_Back,PackingDeaths_Emigration_Class,N_AfterEmigration_Class,Deaths_AfterEmiMort_Age,Deaths_AfterEmiMort_Size,N_GrowthOut_Class,Capture_Out,PackingDeaths_Immigration_Class,N_Immigration_Class,Deaths_AfterImmiMort_Age,Deaths_AfterImmiMort_Size
0,50.0,667,51.0209702695225,9.850179048869835,660,50.705422071106206,9.398090303704578,0,0,0,0,0,0,0,0,0,562,0,0
1,100.0,426,134.4593188156105,0.0,7,80.77265754877199,4.7898165682075176,667,0,17,650,0,0,0,0,0,1,0,0
2,150.0,191,181.34298546680157,8.526512829121202e-14,426,134.4593188156105,0.0,426,0,20,406,0,0,618,0,95,523,0,0
3,200.0,132,218.25988232814936,0.0,323,196.42976684667124,18.14789739243559,323,0,26,297,0,0,533,0,139,394,0,0
4,250.0,77,247.3287963277921,8.526512829121202e-14,125,256.1182857989206,11.132389528568133,125,0,17,108,0,0,177,0,35,142,0,0
5,300.0,48,270.2180918255228,0.0,48,297.34182612862054,11.26174866814782,48,0,9,39,0,0,67,0,13,54,0,0
6,350.0,51,299.6725930240359,14.426018634027617,3,336.96486335068187,5.56825712570553,3,0,1,2,0,0,4,0,2,2,0,0
Totals,7,1592,NA,NA,1592,NA,NA,1592,0,90,1502,0,0,1399,0,284,1678,0,0
