Age,Class,N_Initial_Age,AgeSize_Mean,AgeSize_Std,N_Initial_Class,ClassSize_Mean,ClassSize_Std,N_GrowthBack_Class,Capture_Back,PackingDeaths_Emigration_Class,N_AfterEmigration_Class,Deaths_AfterEmiMort_Age,Deaths_AfterEmiMort_Size,N_GrowthOut_Class,Capture_Out,PackingDeaths_Immigration_Class,N_Immigration_Class,Deaths_AfterImmiMort_Age,Deaths_AfterImmiMort_Size
0,50.0,751,49.86783254295304,10.19690055600715,748,49.75758516082942,10.067232844204101,0,0,0,0,0,0,0,0,30,658,0,0
1,100.0,503,134.4593188156105,0.0,3,77.35617981910868,0.6973114043513181,751,0,90,661,0,0,0,0,0,7,0,0
2,150.0,244,181.34298546680157,8.526512829121202e-14,503,134.4593188156105,0.0,503,0,50,453,0,0,641,0,66,575,0,0
3,200.0,130,218.25988232814936,0.0,374,194.17506191593313,17.58005280973765,374,0,41,333,0,0,614,0,157,457,0,0
4,250.0,67,247.3287963277922,0.0,113,256.6465626366028,11.245280673934225,113,0,16,97,0,0,148,0,18,130,0,0
5,300.0,46,270.2180918255229,1.1368683772161603e-13,41,295.92742750381245,11.419778415390505,41,0,4,37,0,0,69,0,11,58,0,0
6,350.0,45,299.53638332120266,16.138822050056664,4,336.52818044945343,9.569832889788705,4,0,0,4,0,0,7,0,0,7,0,0
Totals,7,1786,NA,NA,1786,NA,NA,1786,0,201,1585,0,0,1479,0,282,1892,0,0
