Age,Class,N_Initial_Age,AgeSize_Mean,AgeSize_Std,N_Initial_Class,ClassSize_Mean,ClassSize_Std,N_GrowthBack_Class,Capture_Back,PackingDeaths_Emigration_Class,N_AfterEmigration_Class,Deaths_AfterEmiMort_Age,Deaths_AfterEmiMort_Size,N_GrowthOut_Class,Capture_Out,PackingDeaths_Immigration_Class,N_Immigration_Class,Deaths_AfterImmiMort_Age,Deaths_AfterImmiMort_Size
0,50.0,568,49.588288234453664,10.16344267362869,565,49.4441425064361,9.995301209730345,0,0,0,0,0,0,0,0,0,711,0,0
1,100.0,372,134.4593188156105,0.0,3,76.73573367776159,0.8708144052060762,568,0,7,561,0,0,0,0,0,2,0,0
2,150.0,232,181.34298546680154,5.684341886080802e-14,372,134.4593188156105,0.0,372,0,18,354,0,0,532,0,129,403,0,0
3,200.0,127,218.2598823281492,1.7053025658242404e-13,359,194.402723353685,17.65129578620831,359,0,53,306,0,0,510,0,183,327,0,0
4,250.0,55,247.32879632779222,2.842170943040401e-14,107,258.45256610239016,11.440148575138243,107,0,12,95,0,0,142,0,35,107,0,0
5,300.0,52,270.21809182552283,5.684341886080802e-14,48,298.6863198086723,10.436064657268293,48,0,13,35,0,0,72,0,18,54,0,0
6,350.0,54,302.8356847062272,15.360794712051101,6,336.03060388666717,3.557256190673889,6,0,2,4,0,0,5,0,1,4,0,0
Totals,7,1460,NA,NA,1460,NA,NA,1460,0,105,1355,0,0,1261,0,366,1608,0,0
