Age,Class,N_Initial_Age,AgeSize_Mean,AgeSize_Std,N_Initial_Class,ClassSize_Mean,ClassSize_Std,N_GrowthBack_Class,Capture_Back,PackingDeaths_Emigration_Class,N_AfterEmigration_Class,Deaths_AfterEmiMort_Age,Deaths_AfterEmiMort_Size,N_GrowthOut_Class,Capture_Out,PackingDeaths_Immigration_Class,N_Immigration_Class,Deaths_AfterImmiMort_Age,Deaths_AfterImmiMort_Size
0,50.0,632,49.96947907008475,9.826082239422453,628,49.79042509855966,9.593636215870145,0,0,0,0,0,0,0,0,1,496,0,0
1,100.0,337,134.45931881561046,2.842170943040401e-14,4,78.08095259952329,3.157084342947258,632,0,111,521,0,0,0,0,0,2,0,0
2,150.0,233,181.34298546680154,5.684341886080802e-14,337,134.45931881561046,2.842170943040401e-14,337,0,12,325,0,0,507,0,30,477,0,0
3,200.0,134,218.25988232814936,0.0,367,194.82217941617648,17.77417630379291,367,0,47,320,0,0,482,0,130,352,0,0
4,250.0,58,247.3287963277922,0.0,99,256.80820153392295,11.27465227152634,99,0,21,78,0,0,146,0,26,120,0,0
5,300.0,41,270.21809182552283,5.684341886080802e-14,41,298.6965731197877,10.930481420136186,41,0,6,35,0,0,62,0,7,55,0,0
6,350.0,45,301.95444621133373,14.818584187913887,4,335.3476453996809,4.676832915915436,4,0,0,4,0,0,8,0,1,7,0,0
Totals,7,1480,NA,NA,1480,NA,NA,1480,0,197,1283,0,0,1205,0,195,1509,0,0
