Age,Class,N_Initial_Age,AgeSize_Mean,AgeSize_Std,N_Initial_Class,ClassSize_Mean,ClassSize_Std,N_GrowthBack_Class,Capture_Back,PackingDeaths_Emigration_Class,N_AfterEmigration_Class,Deaths_AfterEmiMort_Age,Deaths_AfterEmiMort_Size,N_GrowthOut_Class,Capture_Out,PackingDeaths_Immigration_Class,N_Immigration_Class,Deaths_AfterImmiMort_Age,Deaths_AfterImmiMort_Size
0,50.0,516,49.61925734925202,10.046054213103558,511,49.34681367233884,9.706527298422152,0,0,0,0,0,0,0,0,101,647,0,0
1,100.0,451,134.4593188156105,0.0,5,77.46300112977823,1.8630523581690255,516,0,55,461,0,0,0,0,0,4,0,0
2,150.0,297,181.3429854668015,2.842170943040401e-14,451,134.4593188156105,0.0,451,0,58,393,0,0,431,0,48,383,0,0
3,200.0,122,218.25988232814925,1.1368683772161603e-13,419,192.09205806127505,16.77139954458362,419,0,92,327,0,0,582,0,168,414,0,0
4,250.0,93,247.3287963277921,8.526512829121202e-14,124,253.05112020222475,9.911355687881732,124,0,25,99,0,0,137,0,24,113,0,0
5,300.0,31,270.2180918255228,0.0,47,296.8590589089681,10.642581187135251,47,0,4,43,0,0,57,0,13,44,0,0
6,350.0,55,302.27561258158437,16.522542746848444,8,334.09786540820465,5.13661122327477,8,0,1,7,0,0,9,0,5,4,0,0
Totals,7,1565,NA,NA,1565,NA,NA,1565,0,235,1330,0,0,1216,0,359,1609,0,0
