Age,Class,N_Initial_Age,AgeSize_Mean,AgeSize_Std,N_Initial_Class,ClassSize_Mean,ClassSize_Std,N_GrowthBack_Class,Capture_Back,PackingDeaths_Emigration_Class,N_AfterEmigration_Class,Deaths_AfterEmiMort_Age,Deaths_AfterEmiMort_Size,N_GrowthOut_Class,Capture_Out,PackingDeaths_Immigration_Class,N_Immigration_Class,Deaths_AfterImmiMort_Age,Deaths_AfterImmiMort_Size
0,50.0,466,49.70196749927493,9.17070064041265,464,49.58411610696574,9.011933814082084,0,0,0,0,0,0,0,0,35,544,0,0
1,100.0,435,134.4593188156105,0.0,2,77.043490515007,1.7487251151013297,466,0,50,416,0,0,0,0,0,2,0,0
2,150.0,193,181.3429854668015,2.842170943040401e-14,435,134.4593188156105,0.0,435,0,16,419,0,0,392,0,14,378,0,0
3,200.0,110,218.25988232814922,1.4210854715202004e-13,303,194.7451592448486,17.752419697186422,303,0,27,276,0,0,542,0,145,397,0,0
4,250.0,75,247.32879632779213,5.684341886080802e-14,104,253.71138834158242,10.26428535411021,104,0,4,100,0,0,148,0,29,119,0,0
5,300.0,29,270.2180918255227,5.684341886080802e-14,50,299.65702475384336,11.41854362299113,50,0,9,41,0,0,59,0,13,46,0,0
6,350.0,56,303.56473882238043,15.71960695325742,6,336.129022726855,5.666781743743248,6,0,1,5,0,0,5,0,2,3,0,0
Totals,7,1364,NA,NA,1364,NA,NA,1364,0,107,1257,0,0,1146,0,238,1489,0,0
