Age,Class,N_Initial_Age,AgeSize_Mean,AgeSize_Std,N_Initial_Class,ClassSize_Mean,ClassSize_Std,N_GrowthBack_Class,Capture_Back,PackingDeaths_Emigration_Class,N_AfterEmigration_Class,Deaths_AfterEmiMort_Age,Deaths_AfterEmiMort_Size,N_GrowthOut_Class,Capture_Out,PackingDeaths_Immigration_Class,N_Immigration_Class,Deaths_AfterImmiMort_Age,Deaths_AfterImmiMort_Size
0,50.0,536,50.10128455554482,10.17661212140412,532,49.89053683537891,9.919027845975057,0,0,0,0,0,0,0,0,0,534,0,0
1,100.0,414,134.4593188156105,0.0,4,78.13073133761092,0.6760767495856724,536,0,11,525,0,0,0,0,0,4,0,0
2,150.0,239,181.34298546680157,8.526512829121202e-14,414,134.4593188156105,0.0,414,0,20,394,0,0,488,0,35,453,0,0
3,200.0,122,218.25988232814925,1.1368683772161603e-13,361,193.8190558742376,17.4621153258971,361,0,46,315,0,0,545,0,101,444,0,0
4,250.0,64,247.32879632779216,2.842170943040401e-14,92,254.29510365318836,10.532066708254872,92,0,14,78,0,0,145,0,10,135,0,0
5,300.0,28,270.2180918255227,5.684341886080802e-14,35,299.01383313438504,12.462940653471339,35,0,1,34,0,0,48,0,16,32,0,0
6,350.0,38,301.5512749765626,14.788567335032862,3,331.1547631353005,2.571863304394423,3,0,0,3,0,0,7,0,2,5,0,0
Totals,7,1441,NA,NA,1441,NA,NA,1441,0,92,1349,0,0,1233,0,164,1607,0,0
