Age,Class,N_Initial_Age,AgeSize_Mean,AgeSize_Std,N_Initial_Class,ClassSize_Mean,ClassSize_Std,N_GrowthBack_Class,Capture_Back,PackingDeaths_Emigration_Class,N_AfterEmigration_Class,Deaths_AfterEmiMort_Age,Deaths_AfterEmiMort_Size,N_GrowthOut_Class,Capture_Out,PackingDeaths_Immigration_Class,N_Immigration_Class,Deaths_AfterImmiMort_Age,Deaths_AfterImmiMort_Size
0,50.0,686,50.47179350877206,10.174554556598466,680,50.23672496243055,9.903795812924004,0,0,0,0,0,0,0,0,29,540,0,0
1,100.0,352,134.4593188156105,0.0,6,77.11289542747657,1.9065260572456246,686,0,27,659,0,0,0,0,0,3,0,0
2,150.0,206,181.34298546680157,8.526512829121202e-14,352,134.4593188156105,0.0,352,0,2,350,0,0,618,0,54,564,0,0
3,200.0,133,218.25988232814936,0.0,339,195.82660576933625,18.025400406637367,339,0,18,321,0,0,494,0,81,413,0,0
4,250.0,65,247.32879632779216,2.842170943040401e-14,105,256.0485279459752,11.115520418601879,105,0,5,100,0,0,170,0,28,142,0,0
5,300.0,40,270.2180918255228,0.0,47,294.9243031158425,10.04437026717576,47,0,6,41,0,0,74,0,18,56,0,0
6,350.0,51,298.11351906426586,14.747808621138622,4,335.58680645823915,7.993114830376336,4,0,0,4,0,0,3,0,1,2,0,0
Totals,7,1533,NA,NA,1533,NA,NA,1533,0,58,1475,0,0,1359,0,211,1720,0,0
