Age,Class,N_Initial_Age,AgeSize_Mean,AgeSize_Std,N_Initial_Class,ClassSize_Mean,ClassSize_Std,N_GrowthBack_Class,Capture_Back,PackingDeaths_Emigration_Class,N_AfterEmigration_Class,Deaths_AfterEmiMort_Age,Deaths_AfterEmiMort_Size,N_GrowthOut_Class,Capture_Out,PackingDeaths_Immigration_Class,N_Immigration_Class,Deaths_AfterImmiMort_Age,Deaths_AfterImmiMort_Size
0,50.0,576,49.89449301422059,9.701062867449593,575,49.84950126953588,9.649265221730426,0,0,0,0,0,0,0,0,0,608,0,0
1,100.0,395,134.4593188156105,0.0,1,75.76474620792862,0.0,576,0,30,546,0,0,0,0,0,5,0,0
2,150.0,207,181.34298546680157,8.526512829121202e-14,395,134.4593188156105,0.0,395,0,25,370,0,0,512,0,58,454,0,0
3,200.0,102,218.25988232814922,1.4210854715202004e-13,309,193.52914559579008,17.360089801852716,309,0,28,281,0,0,505,0,134,371,0,0
4,250.0,61,247.3287963277922,0.0,90,254.704235988172,10.69679894305825,90,0,9,81,0,0,136,0,14,122,0,0
5,300.0,29,270.2180918255227,5.684341886080802e-14,46,298.70075197364895,11.143296636817437,46,0,14,32,0,0,53,0,7,46,0,0
6,350.0,50,301.369816145894,14.027095540676424,4,332.0640541267116,2.7278729742332075,4,0,1,3,0,0,4,0,0,4,0,0
Totals,7,1420,NA,NA,1420,NA,NA,1420,0,107,1313,0,0,1210,0,213,1610,0,0
