Age,Class,N_Initial_Age,AgeSize_Mean,AgeSize_Std,N_Initial_Class,ClassSize_Mean,ClassSize_Std,N_GrowthBack_Class,Capture_Back,PackingDeaths_Emigration_Class,N_AfterEmigration_Class,Deaths_AfterEmiMort_Age,Deaths_AfterEmiMort_Size,N_GrowthOut_Class,Capture_Out,PackingDeaths_Immigration_Class,N_Immigration_Class,Deaths_AfterImmiMort_Age,Deaths_AfterImmiMort_Size
0,50.0,577,49.006628054915545,10.09990719156718,575,48.90028679614586,9.952491272752171,0,0,0,0,0,0,0,0,0,617,0,0
1,100.0,448,134.4593188156105,0.0,2,79.57973995119875,3.7288148210901397,577,0,41,536,0,0,0,0,0,1,0,0
2,150.0,269,181.34298546680154,5.684341886080802e-14,448,134.4593188156105,0.0,448,0,55,393,0,0,510,0,72,438,0,0
3,200.0,109,218.25988232814922,1.4210854715202004e-13,378,191.98833403263993,16.72333067812618,378,0,63,315,0,0,558,0,212,346,0,0
4,250.0,70,247.32879632779213,5.684341886080802e-14,115,256.28547717473015,11.170943683974151,115,0,31,84,0,0,134,0,28,106,0,0
5,300.0,45,270.2180918255229,1.1368683772161603e-13,51,296.68055658135864,10.687294566714922,51,0,13,38,0,0,61,0,7,54,0,0
6,350.0,54,298.4947579464208,12.799428036490793,3,329.3361811524784,0.0,3,0,0,3,0,0,5,0,1,4,0,0
Totals,7,1572,NA,NA,1572,NA,NA,1572,0,203,1369,0,0,1268,0,320,1566,0,0
