Age,Class,N_Initial_Age,AgeSize_Mean,AgeSize_Std,N_Initial_Class,ClassSize_Mean,ClassSize_Std,N_GrowthBack_Class,Capture_Back,PackingDeaths_Emigration_Class,N_AfterEmigration_Class,Deaths_AfterEmiMort_Age,Deaths_AfterEmiMort_Size,N_GrowthOut_Class,Capture_Out,PackingDeaths_Immigration_Class,N_Immigration_Class,Deaths_AfterImmiMort_Age,Deaths_AfterImmiMort_Size
0,50.0,29869,50.02212037739612,10.039435223094069,29652,49.814015795782744,9.772087397369132,0,0,0,0,0,0,0,0,25,1025,0,0
1,100.0,1173,134.4593188156105,0.0,217,78.45860449721056,3.16056763388332,29869,0,19934,9935,0,0,0,0,0,4,0,0
2,150.0,718,181.34298546680154,5.684341886080802e-14,1173,134.4593188156105,0.0,1173,0,71,1102,0,0,9720,0,7279,2441,0,0
3,200.0,170,218.2598823281493,5.684341886080802e-14,888,188.41040941548297,14.52442355890578,888,0,152,736,0,0,1611,0,914,697,0,0
4,250.0,236,247.32879632779213,5.684341886080802e-14,246,248.25925549436653,4.520154925622742,246,0,47,199,0,0,308,0,54,254,0,0
5,300.0,10,270.2180918255227,5.684341886080802e-14,50,294.7697245371235,7.0731921989680675,50,0,2,48,0,0,55,0,8,47,0,0
6,350.0,50,294.7697245371235,7.0731921989680675,0,nan,nan,0,0,0,0,0,0,0,0,0,0,0,0
Totals,7,32226,NA,NA,32226,NA,NA,32226,0,20206,12020,0,0,11694,0,8280,4468,0,0
