Age,Class,N_Initial_Age,AgeSize_Mean,AgeSize_Std,N_Initial_Class,ClassSize_Mean,ClassSize_Std,N_GrowthBack_Class,Capture_Back,PackingDeaths_Emigration_Class,N_AfterEmigration_Class,Deaths_AfterEmiMort_Age,Deaths_AfterEmiMort_Size,N_GrowthOut_Class,Capture_Out,PackingDeaths_Immigration_Class,N_Immigration_Class,Deaths_AfterImmiMort_Age,Deaths_AfterImmiMort_Size
0,50.0,566,50.71038794837441,10.282594440327319,562,50.509722473090676,10.035437223439407,0,0,0,0,0,0,0,0,0,658,0,0
1,100.0,340,134.4593188156105,0.0,4,78.90388722573977,3.279710548258935,566,0,52,514,0,0,0,0,0,6,0,0
2,150.0,232,181.34298546680154,5.684341886080802e-14,340,134.4593188156105,0.0,340,0,2,338,0,0,500,0,56,444,0,0
3,200.0,112,218.2598823281493,5.684341886080802e-14,344,193.36244025886828,17.298950239532612,344,0,18,326,0,0,503,0,115,388,0,0
4,250.0,97,247.32879632779216,2.842170943040401e-14,144,254.7996080527459,10.732594716594408,144,0,10,134,0,0,183,0,33,150,0,0
5,300.0,47,270.2180918255229,1.1368683772161603e-13,45,297.2507231053743,11.78343809557951,45,0,9,36,0,0,67,0,10,57,0,0
6,350.0,49,300.0926276785447,14.798039151245296,4,332.0640541267116,2.7278729742332075,4,0,2,2,0,0,6,0,0,6,0,0
Totals,7,1443,NA,NA,1443,NA,NA,1443,0,93,1350,0,0,1259,0,214,1709,0,0
