Age,Class,N_Initial_Age,AgeSize_Mean,AgeSize_Std,N_Initial_Class,ClassSize_Mean,ClassSize_Std,N_GrowthBack_Class,Capture_Back,PackingDeaths_Emigration_Class,N_AfterEmigration_Class,Deaths_AfterEmiMort_Age,Deaths_AfterEmiMort_Size,N_GrowthOut_Class,Capture_Out,PackingDeaths_Immigration_Class,N_Immigration_Class,Deaths_AfterImmiMort_Age,Deaths_AfterImmiMort_Size
0,50.0,718,49.82384576234745,10.142360552814234,714,49.65304328543163,9.906706549355489,0,0,0,0,0,0,0,0,0,651,0,0
1,100.0,377,134.45931881561046,2.842170943040401e-14,4,80.31208789182001,3.3876045896962403,718,0,0,718,0,0,0,0,0,6,0,0
2,150.0,219,181.34298546680154,5.684341886080802e-14,377,134.45931881561046,2.842170943040401e-14,377,0,18,359,0,0,699,0,72,627,0,0
3,200.0,123,218.25988232814925,1.1368683772161603e-13,342,194.62011503974242,17.71632731020595,342,0,17,325,0,0,509,0,101,408,0,0
4,250.0,94,247.32879632779208,1.1368683772161603e-13,144,255.27646837561528,10.897298887427471,144,0,4,140,0,0,189,0,37,152,0,0
5,300.0,50,270.21809182552283,5.684341886080802e-14,39,299.71200015183257,11.91042666168231,39,0,5,34,0,0,73,0,19,54,0,0
6,350.0,41,301.1570821518642,13.253658239334102,2,329.3361811524784,0.0,2,0,0,2,0,0,4,0,1,3,0,0
Totals,7,1622,NA,NA,1622,NA,NA,1622,0,44,1578,0,0,1474,0,230,1901,0,0
