Age,Class,N_Initial_Age,AgeSize_Mean,AgeSize_Std,N_Initial_Class,ClassSize_Mean,ClassSize_Std,N_GrowthBack_Class,Capture_Back,PackingDeaths_Emigration_Class,N_AfterEmigration_Class,Deaths_AfterEmiMort_Age,Deaths_AfterEmiMort_Size,N_GrowthOut_Class,Capture_Out,PackingDeaths_Immigration_Class,N_Immigration_Class,Deaths_AfterImmiMort_Age,Deaths_AfterImmiMort_Size
0,50.0,678,50.32533197315927,9.870782051623983,676,50.2495536902387,9.786394011624513,0,0,0,0,0,0,0,0,41,626,0,0
1,100.0,484,134.4593188156105,0.0,2,75.93839160030763,0.3838364427875831,678,0,30,648,0,0,0,0,0,2,0,0
2,150.0,211,181.34298546680154,5.684341886080802e-14,484,134.4593188156105,0.0,484,0,34,450,0,0,605,0,103,502,0,0
3,200.0,114,218.25988232814927,8.526512829121202e-14,325,194.2922969812435,17.617143040404137,325,0,30,295,0,0,588,0,157,431,0,0
4,250.0,82,247.32879632779213,5.684341886080802e-14,135,256.3149641898641,11.177470140503186,135,0,28,107,0,0,146,0,19,127,0,0
5,300.0,53,270.2180918255229,1.1368683772161603e-13,47,297.53545086013446,11.301587665161245,47,0,6,41,0,0,70,0,12,58,0,0
6,350.0,51,300.4120446674844,14.724183717897132,4,334.212021903845,4.875840751366667,4,0,1,3,0,0,5,0,1,4,0,0
Totals,7,1673,NA,NA,1673,NA,NA,1673,0,129,1544,0,0,1414,0,333,1750,0,0
