Age,Class,N_Initial_Age,AgeSize_Mean,AgeSize_Std,N_Initial_Class,ClassSize_Mean,ClassSize_Std,N_GrowthBack_Class,Capture_Back,PackingDeaths_Emigration_Class,N_AfterEmigration_Class,Deaths_AfterEmiMort_Age,Deaths_AfterEmiMort_Size,N_GrowthOut_Class,Capture_Out,PackingDeaths_Immigration_Class,N_Immigration_Class,Deaths_AfterImmiMort_Age,Deaths_AfterImmiMort_Size
0,50.0,620,49.96934977093448,10.05971566594254,615,49.74776002676954,9.793342387045607,0,0,0,0,0,0,0,0,0,767,0,0
1,100.0,558,134.4593188156105,0.0,5,77.22488830322078,1.6606696414435163,620,0,77,543,0,0,0,0,0,3,0,0
2,150.0,225,181.34298546680154,5.684341886080802e-14,558,134.4593188156105,0.0,558,0,40,518,0,0,516,0,57,459,0,0
3,200.0,137,218.25988232814936,0.0,362,195.31429726239446,17.90474583137006,362,0,48,314,0,0,635,0,174,461,0,0
4,250.0,82,247.32879632779213,5.684341886080802e-14,139,256.71505419376797,11.25801906134582,139,0,13,126,0,0,181,0,22,159,0,0
5,300.0,57,270.21809182552283,5.684341886080802e-14,48,297.17474533318415,12.814663820739542,48,0,8,40,0,0,82,0,22,60,0,0
6,350.0,51,299.28054532053346,15.029812095928424,3,332.97334511812267,2.571863304394423,3,0,2,1,0,0,7,0,0,7,0,0
Totals,7,1730,NA,NA,1730,NA,NA,1730,0,188,1542,0,0,1421,0,275,1916,0,0
