Age,Class,N_Initial_Age,AgeSize_Mean,AgeSize_Std,N_Initial_Class,ClassSize_Mean,ClassSize_Std,N_GrowthBack_Class,Capture_Back,PackingDeaths_Emigration_Class,N_AfterEmigration_Class,Deaths_AfterEmiMort_Age,Deaths_AfterEmiMort_Size,N_GrowthOut_Class,Capture_Out,PackingDeaths_Immigration_Class,N_Immigration_Class,Deaths_AfterImmiMort_Age,Deaths_AfterImmiMort_Size
0,50.0,487,49.55718115033918,9.915689436811812,485,49.451255092187054,9.797661794438111,0,0,0,0,0,0,0,0,0,631,0,0
1,100.0,309,134.45931881561046,2.842170943040401e-14,2,75.24425025222888,0.0643233671452208,487,0,7,480,0,0,0,0,0,3,0,0
2,150.0,184,181.3429854668015,2.842170943040401e-14,309,134.45931881561046,2.842170943040401e-14,309,0,0,309,0,0,468,0,20,448,0,0
3,200.0,132,218.25988232814936,0.0,316,196.7639677000228,18.206815140687887,316,0,9,307,0,0,449,0,59,390,0,0
4,250.0,74,247.32879632779213,5.684341886080802e-14,119,255.98441227231203,11.09960646554452,119,0,5,114,0,0,174,0,27,147,0,0
5,300.0,45,270.2180918255229,1.1368683772161603e-13,43,298.1193584403079,12.602950907115275,43,0,4,39,0,0,70,0,11,59,0,0
6,350.0,47,300.8921890104599,15.114359545316685,4,330.70011763959496,2.362407293982971,4,0,1,3,0,0,5,0,1,4,0,0
Totals,7,1278,NA,NA,1278,NA,NA,1278,0,26,1252,0,0,1166,0,118,1682,0,0
