Age,Class,N_Initial_Age,AgeSize_Mean,AgeSize_Std,N_Initial_Class,ClassSize_Mean,ClassSize_Std,N_GrowthBack_Class,Capture_Back,PackingDeaths_Emigration_Class,N_AfterEmigration_Class,Deaths_AfterEmiMort_Age,Deaths_AfterEmiMort_Size,N_GrowthOut_Class,Capture_Out,PackingDeaths_Immigration_Class,N_Immigration_Class,Deaths_AfterImmiMort_Age,Deaths_AfterImmiMort_Size
0,50.0,495,49.29341043419298,9.48808277522467,493,49.170721885809044,9.30906875774482,0,0,0,0,0,0,0,0,13,572,0,0
1,100.0,328,134.4593188156105,0.0,2,79.53613761083463,1.073218058006681,495,0,5,490,0,0,0,0,0,2,0,0
2,150.0,249,181.3429854668015,2.842170943040401e-14,328,134.4593188156105,0.0,328,0,1,327,0,0,456,0,56,400,0,0
3,200.0,108,218.25988232814925,1.1368683772161603e-13,357,192.51112233241935,16.957761519500696,357,0,47,310,0,0,483,0,128,355,0,0
4,250.0,60,247.3287963277922,0.0,101,256.6204905397421,11.240318196718967,101,0,13,88,0,0,137,0,22,115,0,0
5,300.0,41,270.21809182552283,5.684341886080802e-14,43,300.45364129308905,12.713784668005445,43,0,9,34,0,0,59,0,18,41,0,0
6,350.0,46,302.9534111218117,15.534133493591812,3,338.783445333504,3.142164903025199,3,0,1,2,0,0,6,0,1,5,0,0
Totals,7,1327,NA,NA,1327,NA,NA,1327,0,76,1251,0,0,1141,0,238,1490,0,0
