Age,Class,N_Initial_Age,AgeSize_Mean,AgeSize_Std,N_Initial_Class,ClassSize_Mean,ClassSize_Std,N_GrowthBack_Class,Capture_Back,PackingDeaths_Emigration_Class,N_AfterEmigration_Class,Deaths_AfterEmiMort_Age,Deaths_AfterEmiMort_Size,N_GrowthOut_Class,Capture_Out,PackingDeaths_Immigration_Class,N_Immigration_Class,Deaths_AfterImmiMort_Age,Deaths_AfterImmiMort_Size
0,50.0,495,50.24154924565066,10.586387704802117,493,50.13416275844077,10.472252227582908,0,0,0,0,0,0,0,0,0,474,0,0
1,100.0,398,134.4593188156105,0.0,2,76.712318342888,0.9997409582725822,495,0,16,479,0,0,0,0,0,6,0,0
2,150.0,185,181.34298546680154,5.684341886080802e-14,398,134.4593188156105,0.0,398,0,5,393,0,0,462,0,12,450,0,0
3,200.0,139,218.25988232814936,0.0,324,197.18078998447854,18.27146802939275,324,0,21,303,0,0,502,0,92,410,0,0
4,250.0,56,247.32879632779216,2.842170943040401e-14,102,257.6514197875529,11.389513755655555,102,0,9,93,0,0,175,0,26,149,0,0
5,300.0,46,270.2180918255229,1.1368683772161603e-13,39,297.4132618976154,11.426885475578107,39,0,4,35,0,0,66,0,8,58,0,0
6,350.0,45,301.79088993045207,15.436277626010849,6,330.2454721438894,2.0332364681233277,6,0,0,6,0,0,9,0,0,9,0,0
Totals,7,1364,NA,NA,1364,NA,NA,1364,0,55,1309,0,0,1214,0,138,1556,0,0
