Age,Class,N_Initial_Age,AgeSize_Mean,AgeSize_Std,N_Initial_Class,ClassSize_Mean,ClassSize_Std,N_GrowthBack_Class,Capture_Back,PackingDeaths_Emigration_Class,N_AfterEmigration_Class,Deaths_AfterEmiMort_Age,Deaths_AfterEmiMort_Size,N_GrowthOut_Class,Capture_Out,PackingDeaths_Immigration_Class,N_Immigration_Class,Deaths_AfterImmiMort_Age,Deaths_AfterImmiMort_Size
0,50.0,565,49.48562001490818,9.672937460003192,565,49.48562001490818,9.672937460003192,0,0,0,0,0,0,0,0,0,631,0,0
1,100.0,361,134.45931881561046,2.842170943040401e-14,0,nan,nan,565,0,74,491,0,0,0,0,0,5,0,0
2,150.0,236,181.34298546680157,8.526512829121202e-14,361,134.45931881561046,2.842170943040401e-14,361,0,29,332,0,0,464,0,17,447,0,0
3,200.0,107,218.25988232814925,1.1368683772161603e-13,343,192.85933521655141,17.103262389736123,343,0,36,307,0,0,486,0,140,346,0,0
4,250.0,75,247.32879632779213,5.684341886080802e-14,127,256.7007913347369,11.255401934494248,127,0,31,96,0,0,138,0,17,121,0,0
5,300.0,52,270.21809182552283,5.684341886080802e-14,46,298.2750026833821,11.6416875773991,46,0,5,41,0,0,71,0,32,39,0,0
6,350.0,50,300.7598969609099,13.989125188460521,4,329.3361811524784,0.0,4,0,1,3,0,0,4,0,2,2,0,0
Totals,7,1446,NA,NA,1446,NA,NA,1446,0,176,1270,0,0,1163,0,208,1591,0,0
