Age,Class,N_Initial_Age,AgeSize_Mean,AgeSize_Std,N_Initial_Class,ClassSize_Mean,ClassSize_Std,N_GrowthBack_Class,Capture_Back,PackingDeaths_Emigration_Class,N_AfterEmigration_Class,Deaths_AfterEmiMort_Age,Deaths_AfterEmiMort_Size,N_GrowthOut_Class,Capture_Out,PackingDeaths_Immigration_Class,N_Immigration_Class,Deaths_AfterImmiMort_Age,Deaths_AfterImmiMort_Size
0,50.0,476,49.8719151518216,9.903734378735079,475,49.8180571243913,9.844273467968058,0,0,0,0,0,0,0,0,0,576,0,0
1,100.0,532,134.4593188156105,0.0,1,75.45447818121335,0.0,476,0,0,476,0,0,0,0,0,4,0,0
2,150.0,229,181.34298546680154,5.684341886080802e-14,532,134.4593188156105,0.0,532,0,27,505,0,0,461,0,32,429,0,0
3,200.0,111,218.25988232814922,1.4210854715202004e-13,340,193.39526650094743,17.311133346939208,340,0,29,311,0,0,649,0,179,470,0,0
4,250.0,54,247.32879632779222,2.842170943040401e-14,94,257.06892207150725,11.317003438612465,94,0,6,88,0,0,135,0,15,120,0,0
5,300.0,40,270.2180918255228,0.0,38,299.80942975418463,12.547769572322983,38,0,5,33,0,0,60,0,12,48,0,0
6,350.0,46,306.7535197336001,19.162394404848136,8,339.73794713582345,6.818691765022096,8,0,0,8,0,0,11,0,3,8,0,0
Totals,7,1488,NA,NA,1488,NA,NA,1488,0,67,1421,0,0,1316,0,241,1655,0,0
