Age,Class,N_Initial_Age,AgeSize_Mean,AgeSize_Std,N_Initial_Class,ClassSize_Mean,ClassSize_Std,N_GrowthBack_Class,Capture_Back,PackingDeaths_Emigration_Class,N_AfterEmigration_Class,Deaths_AfterEmiMort_Age,Deaths_AfterEmiMort_Size,N_GrowthOut_Class,Capture_Out,PackingDeaths_Immigration_Class,N_Immigration_Class,Deaths_AfterImmiMort_Age,Deaths_AfterImmiMort_Size
0,50.0,591,49.35014698033902,10.094497826872397,588,49.200171199253894,9.89775645497459,0,0,0,0,0,0,0,0,0,620,0,0
1,100.0,303,134.4593188156105,0.0,3,78.74540007302494,2.0825222111683455,591,0,0,591,0,0,0,0,0,4,0,0
2,150.0,189,181.34298546680157,8.526512829121202e-14,303,134.4593188156105,0.0,303,0,2,301,0,0,566,0,72,494,0,0
3,200.0,132,218.25988232814936,0.0,321,196.52376548455206,18.165109640262934,321,0,22,299,0,0,440,0,66,374,0,0
4,250.0,68,247.32879632779216,2.842170943040401e-14,111,256.19582070979584,11.150597287778655,111,0,8,103,0,0,155,0,15,140,0,0
5,300.0,43,270.21809182552283,5.684341886080802e-14,45,295.59814453758673,11.167378961599091,45,0,9,36,0,0,67,0,5,62,0,0
6,350.0,48,298.14955696020075,14.739205624119741,3,336.4207432994095,6.5515144613572796,3,0,1,2,0,0,4,0,1,3,0,0
Totals,7,1374,NA,NA,1374,NA,NA,1374,0,42,1332,0,0,1232,0,159,1697,0,0
