Age,Class,N_Initial_Age,AgeSize_Mean,AgeSize_Std,N_Initial_Class,ClassSize_Mean,ClassSize_Std,N_GrowthBack_Class,Capture_Back,PackingDeaths_Emigration_Class,N_AfterEmigration_Class,Deaths_AfterEmiMort_Age,Deaths_AfterEmiMort_Size,N_GrowthOut_Class,Capture_Out,PackingDeaths_Immigration_Class,N_Immigration_Class,Deaths_AfterImmiMort_Age,Deaths_AfterImmiMort_Size
0,50.0,542,50.13769342484525,10.237512537748431,536,49.83404145385394,9.881194942832009,0,0,0,0,0,0,0,0,0,484,0,0
1,100.0,522,134.45931881561046,2.842170943040401e-14,6,77.26393616673528,1.0658482821610482,542,0,25,517,0,0,0,0,0,3,0,0
2,150.0,270,181.3429854668015,2.842170943040401e-14,522,134.45931881561046,2.842170943040401e-14,522,0,33,489,0,0,513,0,25,488,0,0
3,200.0,129,218.25988232814936,0.0,399,193.2785235497937,17.267482707793725,399,0,60,339,0,0,654,0,171,483,0,0
4,250.0,75,247.32879632779213,5.684341886080802e-14,138,257.77825731588655,11.401296654626337,138,0,25,113,0,0,152,0,13,139,0,0
5,300.0,63,270.2180918255228,0.0,39,295.5837989508301,10.348616362542208,39,0,8,31,0,0,72,0,15,57,0,0
6,350.0,46,300.9572373705795,15.893076870481595,7,330.89496570918305,2.464654790341356,7,0,1,6,0,0,5,0,1,4,0,0
Totals,7,1647,NA,NA,1647,NA,NA,1647,0,152,1495,0,0,1396,0,225,1658,0,0
