Age,Class,N_Initial_Age,AgeSize_Mean,AgeSize_Std,N_Initial_Class,ClassSize_Mean,ClassSize_Std,N_GrowthBack_Class,Capture_Back,PackingDeaths_Emigration_Class,N_AfterEmigration_Class,Deaths_AfterEmiMort_Age,Deaths_AfterEmiMort_Size,N_GrowthOut_Class,Capture_Out,PackingDeaths_Immigration_Class,N_Immigration_Class,Deaths_AfterImmiMort_Age,Deaths_AfterImmiMort_Size
0,50.0,391,49.89521479697508,9.951068505769301,390,49.81984791086637,9.851737206896134,0,0,0,0,0,0,0,0,29,526,0,0
1,100.0,276,134.4593188156105,0.0,1,79.28830037937226,0.0,391,0,12,379,0,0,0,0,0,3,0,0
2,150.0,252,181.3429854668015,2.842170943040401e-14,276,134.4593188156105,0.0,276,0,11,265,0,0,348,0,15,333,0,0
3,200.0,123,218.25988232814925,1.1368683772161603e-13,375,193.4517276373236,17.33192282690059,375,0,66,309,0,0,434,0,89,345,0,0
4,250.0,85,247.3287963277921,8.526512829121202e-14,124,254.5278489440138,10.628023525815166,124,0,28,96,0,0,155,0,26,129,0,0
5,300.0,39,270.2180918255229,1.1368683772161603e-13,47,296.5707502685286,10.511180085073923,47,0,10,37,0,0,57,0,9,48,0,0
6,350.0,47,296.5707502685286,10.511180085073923,0,nan,nan,0,0,0,0,0,0,2,0,0,2,0,0
Totals,7,1213,NA,NA,1213,NA,NA,1213,0,127,1086,0,0,996,0,168,1386,0,0
