Age,Class,N_Initial_Age,AgeSize_Mean,AgeSize_Std,N_Initial_Class,ClassSize_Mean,ClassSize_Std,N_GrowthBack_Class,Capture_Back,PackingDeaths_Emigration_Class,N_AfterEmigration_Class,Deaths_AfterEmiMort_Age,Deaths_AfterEmiMort_Size,N_GrowthOut_Class,Capture_Out,PackingDeaths_Immigration_Class,N_Immigration_Class,Deaths_AfterImmiMort_Age,Deaths_AfterImmiMort_Size
0,50.0,727,49.52005608408891,10.175274357088671,723,49.369268286097544,9.998017950684527,0,0,0,0,0,0,0,0,25,544,0,0
1,100.0,493,134.45931881561046,2.842170943040401e-14,4,76.77495057102564,1.7120943798700496,727,0,35,692,0,0,0,0,0,6,0,0
2,150.0,230,181.34298546680157,8.526512829121202e-14,493,134.45931881561046,2.842170943040401e-14,493,0,51,442,0,0,663,0,73,590,0,0
3,200.0,120,218.25988232814927,8.526512829121202e-14,350,194.00020724783505,17.523130080763295,350,0,28,322,0,0,588,0,138,450,0,0
4,250.0,88,247.32879632779216,2.842170943040401e-14,118,253.14810874246936,9.96672285525905,118,0,7,111,0,0,179,0,26,153,0,0
5,300.0,30,270.2180918255227,5.684341886080802e-14,36,299.7474622562821,12.537283244489089,36,0,9,27,0,0,50,0,9,41,0,0
6,350.0,38,301.3047632508187,13.876743561004751,2,329.3361811524784,0.0,2,0,0,2,0,0,7,0,0,7,0,0
Totals,7,1726,NA,NA,1726,NA,NA,1726,0,130,1596,0,0,1487,0,271,1791,0,0
