Age,Class,N_Initial_Age,AgeSize_Mean,AgeSize_Std,N_Initial_Class,ClassSize_Mean,ClassSize_Std,N_GrowthBack_Class,Capture_Back,PackingDeaths_Emigration_Class,N_AfterEmigration_Class,Deaths_AfterEmiMort_Age,Deaths_AfterEmiMort_Size,N_GrowthOut_Class,Capture_Out,PackingDeaths_Immigration_Class,N_Immigration_Class,Deaths_AfterImmiMort_Age,Deaths_AfterImmiMort_Size
0,50.0,843,49.668448612858754,10.101887095144685,837,49.46414616838693,9.839447159603267,0,0,0,0,0,0,0,0,0,504,0,0
1,100.0,398,134.4593188156105,0.0,6,78.16863961667785,3.744892842298544,843,0,111,732,0,0,0,0,0,1,0,0
2,150.0,191,181.34298546680157,8.526512829121202e-14,398,134.4593188156105,0.0,398,0,27,371,0,0,683,0,88,595,0,0
3,200.0,136,218.25988232814936,0.0,327,196.6968018984324,18.195482368389342,327,0,50,277,0,0,479,0,105,374,0,0
4,250.0,77,247.3287963277921,8.526512829121202e-14,116,255.02433533133947,10.81314689215808,116,0,15,101,0,0,165,0,53,112,0,0
5,300.0,39,270.2180918255229,1.1368683772161603e-13,39,300.01498107073724,11.919608790208711,39,0,3,36,0,0,59,0,16,43,0,0
6,350.0,45,305.3490982993625,17.63709125642607,6,340.0208602854265,4.735726829726862,6,0,0,6,0,0,9,0,1,8,0,0
Totals,7,1729,NA,NA,1729,NA,NA,1729,0,206,1523,0,0,1395,0,263,1637,0,0
