Age,Class,N_Initial_Age,AgeSize_Mean,AgeSize_Std,N_Initial_Class,ClassSize_Mean,ClassSize_Std,N_GrowthBack_Class,Capture_Back,PackingDeaths_Emigration_Class,N_AfterEmigration_Class,Deaths_AfterEmiMort_Age,Deaths_AfterEmiMort_Size,N_GrowthOut_Class,Capture_Out,PackingDeaths_Immigration_Class,N_Immigration_Class,Deaths_AfterImmiMort_Age,Deaths_AfterImmiMort_Size
0,50.0,832,50.08286126358996,9.482529493294916,827,49.91414411245385,9.256229114073333,0,0,0,0,0,0,0,0,52,1104,0,0
1,100.0,476,134.4593188156105,0.0,5,77.98867806150486,2.8051469350015523,832,0,15,817,0,0,0,0,0,8,0,0
2,150.0,334,181.34298546680154,5.684341886080802e-14,476,134.4593188156105,0.0,476,0,21,455,0,0,757,0,153,604,0,0
3,200.0,132,218.25988232814936,0.0,466,191.80013221722618,16.634106224546308,466,0,67,399,0,0,673,0,200,473,0,0
4,250.0,97,247.32879632779216,2.842170943040401e-14,155,255.89382303016873,11.076450005494848,155,0,15,140,0,0,182,0,43,139,0,0
5,300.0,58,270.21809182552283,5.684341886080802e-14,67,295.39076687620775,9.585159233416146,67,0,25,42,0,0,87,0,22,65,0,0
6,350.0,73,298.73944922764883,14.6218630668579,6,336.1330688187406,7.1956210262544165,6,0,2,4,0,0,5,0,0,5,0,0
Totals,7,2002,NA,NA,2002,NA,NA,2002,0,145,1857,0,0,1704,0,470,2398,0,0
