Age,Class,N_Initial_Age,AgeSize_Mean,AgeSize_Std,N_Initial_Class,ClassSize_Mean,ClassSize_Std,N_GrowthBack_Class,Capture_Back,PackingDeaths_Emigration_Class,N_AfterEmigration_Class,Deaths_AfterEmiMort_Age,Deaths_AfterEmiMort_Size,N_GrowthOut_Class,Capture_Out,PackingDeaths_Immigration_Class,N_Immigration_Class,Deaths_AfterImmiMort_Age,Deaths_AfterImmiMort_Size
0,50.0,671,50.34053292078894,9.77476488802095,664,50.062987828352966,9.438490541955485,0,0,0,0,0,0,0,0,20,463,0,0
1,100.0,481,134.45931881561046,2.842170943040401e-14,7,76.66766740328718,2.825938487245044,671,0,85,586,0,0,0,0,0,3,0,0
2,150.0,256,181.34298546680154,5.684341886080802e-14,481,134.45931881561046,2.842170943040401e-14,481,0,66,415,0,0,557,0,91,466,0,0
3,200.0,121,218.25988232814927,8.526512829121202e-14,377,193.19164467163728,17.234413388852058,377,0,63,314,0,0,582,0,192,390,0,0
4,250.0,62,247.32879632779222,2.842170943040401e-14,105,256.7025078173389,11.255717884943964,105,0,15,90,0,0,129,0,34,95,0,0
5,300.0,43,270.21809182552283,5.684341886080802e-14,53,299.96218235393957,13.015865205606522,53,0,16,37,0,0,64,0,16,48,0,0
6,350.0,58,303.1813856552126,16.355071491957837,5,337.3049406487057,5.729069005181669,5,0,1,4,0,0,9,0,3,6,0,0
Totals,7,1692,NA,NA,1692,NA,NA,1692,0,246,1446,0,0,1341,0,356,1471,0,0
