Age,Class,N_Initial_Age,AgeSize_Mean,AgeSize_Std,N_Initial_Class,ClassSize_Mean,ClassSize_Std,N_GrowthBack_Class,Capture_Back,PackingDeaths_Emigration_Class,N_AfterEmigration_Class,Deaths_AfterEmiMort_Age,Deaths_AfterEmiMort_Size,N_GrowthOut_Class,Capture_Out,PackingDeaths_Immigration_Class,N_Immigration_Class,Deaths_AfterImmiMort_Age,Deaths_AfterImmiMort_Size
0,50.0,616,49.55041326946387,10.42247536909421,612,49.37504200739866,10.227425906856617,0,0,0,0,0,0,0,0,51,734,0,0
1,100.0,481,134.45931881561046,2.842170943040401e-14,4,76.38221636544066,0.47210756520127567,616,0,24,592,0,0,0,0,0,2,0,0
2,150.0,254,181.34298546680154,5.684341886080802e-14,481,134.45931881561046,2.842170943040401e-14,481,0,69,412,0,0,553,0,91,462,0,0
3,200.0,91,218.25988232814927,8.526512829121202e-14,345,191.08048579834542,16.26835525552998,345,0,68,277,0,0,578,0,185,393,0,0
4,250.0,92,247.3287963277921,8.526512829121202e-14,141,255.28323235182614,10.89946715263906,141,0,29,112,0,0,124,0,25,99,0,0
5,300.0,49,270.21809182552283,5.684341886080802e-14,58,296.78144874205645,10.760400503388695,58,0,10,48,0,0,78,0,27,51,0,0
6,350.0,63,299.96981598170584,15.038009261032634,5,336.9548759616404,4.522051337759613,5,0,0,5,0,0,5,0,0,5,0,0
Totals,7,1646,NA,NA,1646,NA,NA,1646,0,200,1446,0,0,1338,0,379,1746,0,0
