Age,Class,N_Initial_Age,AgeSize_Mean,AgeSize_Std,N_Initial_Class,ClassSize_Mean,ClassSize_Std,N_GrowthBack_Class,Capture_Back,PackingDeaths_Emigration_Class,N_AfterEmigration_Class,Deaths_AfterEmiMort_Age,Deaths_AfterEmiMort_Size,N_GrowthOut_Class,Capture_Out,PackingDeaths_Immigration_Class,N_Immigration_Class,Deaths_AfterImmiMort_Age,Deaths_AfterImmiMort_Size
0,50.0,412,49.15175375266773,9.443335602696115,409,48.93493744944151,9.128270790233165,0,0,0,0,0,0,0,0,7,507,0,0
1,100.0,303,134.4593188156105,0.0,3,78.71104309250981,2.5957276989618876,412,0,26,386,0,0,0,0,0,2,0,0
2,150.0,228,181.34298546680157,8.526512829121202e-14,303,134.4593188156105,0.0,303,0,17,286,0,0,360,0,15,345,0,0
3,200.0,122,218.25988232814925,1.1368683772161603e-13,350,194.21116094418565,17.591565216761282,350,0,38,312,0,0,449,0,88,361,0,0
4,250.0,68,247.32879632779216,2.842170943040401e-14,109,255.9385313315256,11.087976903975624,109,0,7,102,0,0,159,0,26,133,0,0
5,300.0,41,270.21809182552283,5.684341886080802e-14,32,303.2146306685644,12.168946352234201,32,0,2,30,0,0,57,0,7,50,0,0
6,350.0,35,306.107507755603,15.076954435233644,3,336.9648633506819,5.56825712570553,3,0,0,3,0,0,7,0,1,6,0,0
Totals,7,1209,NA,NA,1209,NA,NA,1209,0,90,1119,0,0,1032,0,144,1404,0,0
