Age,Class,N_Initial_Age,AgeSize_Mean,AgeSize_Std,N_Initial_Class,ClassSize_Mean,ClassSize_Std,N_GrowthBack_Class,Capture_Back,PackingDeaths_Emigration_Class,N_AfterEmigration_Class,Deaths_AfterEmiMort_Age,Deaths_AfterEmiMort_Size,N_GrowthOut_Class,Capture_Out,PackingDeaths_Immigration_Class,N_Immigration_Class,Deaths_AfterImmiMort_Age,Deaths_AfterImmiMort_Size
0,50.0,780,49.656847241632455,9.84460281595833,779,49.62004674397156,9.797156724262877,0,0,0,0,0,0,0,0,11,511,0,0
1,100.0,486,134.4593188156105,0.0,1,78.32443491947312,0.0,780,0,39,741,0,0,0,0,0,3,0,0
2,150.0,258,181.3429854668015,2.842170943040401e-14,486,134.4593188156105,0.0,486,0,15,471,0,0,714,0,186,528,0,0
3,200.0,114,218.25988232814927,8.526512829121202e-14,372,192.6562280533436,17.0194110330773,372,0,51,321,0,0,627,0,183,444,0,0
4,250.0,53,247.32879632779222,2.842170943040401e-14,83,255.60203566432125,10.996459920254827,83,0,12,71,0,0,129,0,32,97,0,0
5,300.0,30,270.2180918255227,5.684341886080802e-14,49,298.30948849760784,12.077509600566678,49,0,2,47,0,0,61,0,10,51,0,0
6,350.0,56,303.0130535686582,16.910517721771836,7,335.9380090660107,5.267242612462084,7,0,0,7,0,0,10,0,4,6,0,0
Totals,7,1777,NA,NA,1777,NA,NA,1777,0,119,1658,0,0,1541,0,426,1640,0,0
