Age,Class,N_Initial_Age,AgeSize_Mean,AgeSize_Std,N_Initial_Class,ClassSize_Mean,ClassSize_Std,N_GrowthBack_Class,Capture_Back,PackingDeaths_Emigration_Class,N_AfterEmigration_Class,Deaths_AfterEmiMort_Age,Deaths_AfterEmiMort_Size,N_GrowthOut_Class,Capture_Out,PackingDeaths_Immigration_Class,N_Immigration_Class,Deaths_AfterImmiMort_Age,Deaths_AfterImmiMort_Size
0,50.0,545,49.892592373729734,10.166358185755032,543,49.783737670549094,10.025214043450198,0,0,0,0,0,0,0,0,10,457,0,0
1,100.0,373,134.45931881561046,2.842170943040401e-14,2,79.44664428727165,0.6705362189187198,545,0,0,545,0,0,0,0,0,3,0,0
2,150.0,254,181.34298546680154,5.684341886080802e-14,373,134.45931881561046,2.842170943040401e-14,373,0,0,373,0,0,513,0,34,479,0,0
3,200.0,133,218.25988232814936,0.0,387,194.0301877473164,17.533027015952598,387,0,31,356,0,0,546,0,142,404,0,0
4,250.0,71,247.3287963277921,8.526512829121202e-14,116,256.2082644088083,11.153466517960277,116,0,12,104,0,0,166,0,33,133,0,0
5,300.0,45,270.2180918255229,1.1368683772161603e-13,49,298.86770643367447,11.11733028461079,49,0,6,43,0,0,81,0,29,52,0,0
6,350.0,53,301.59902615952024,14.430245630727919,4,335.057692801131,5.845170149679162,4,0,0,4,0,0,5,0,0,5,0,0
Totals,7,1474,NA,NA,1474,NA,NA,1474,0,49,1425,0,0,1311,0,248,1533,0,0
