Age,Class,N_Initial_Age,AgeSize_Mean,AgeSize_Std,N_Initial_Class,ClassSize_Mean,ClassSize_Std,N_GrowthBack_Class,Capture_Back,PackingDeaths_Emigration_Class,N_AfterEmigration_Class,Deaths_AfterEmiMort_Age,Deaths_AfterEmiMort_Size,N_GrowthOut_Class,Capture_Out,PackingDeaths_Immigration_Class,N_Immigration_Class,Deaths_AfterImmiMort_Age,Deaths_AfterImmiMort_Size
0,50.0,573,49.905910993729194,10.464319622830669,569,49.70665313357551,10.225101184648494,0,0,0,0,0,0,0,0,121,659,0,0
1,100.0,404,134.4593188156105,0.0,4,78.25034160059082,2.117551249403876,573,0,101,472,0,0,0,0,0,5,0,0
2,150.0,215,181.34298546680157,8.526512829121202e-14,404,134.4593188156105,0.0,404,0,38,366,0,0,434,0,64,370,0,0
3,200.0,117,218.25988232814922,1.4210854715202004e-13,332,194.35285574625243,17.635966505918077,332,0,38,294,0,0,501,0,149,352,0,0
4,250.0,64,247.32879632779216,2.842170943040401e-14,108,256.6540648639046,11.246697019487929,108,0,15,93,0,0,148,0,37,111,0,0
5,300.0,44,270.21809182552283,5.684341886080802e-14,41,300.20039623847026,12.582733171328073,41,0,10,31,0,0,61,0,11,50,0,0
6,350.0,45,303.12818661863093,15.284117442895903,4,333.1380380152783,4.094019832758606,4,0,1,3,0,0,7,0,1,6,0,0
Totals,7,1462,NA,NA,1462,NA,NA,1462,0,203,1259,0,0,1151,0,383,1553,0,0
