Age,Class,N_Initial_Age,AgeSize_Mean,AgeSize_Std,N_Initial_Class,ClassSize_Mean,ClassSize_Std,N_GrowthBack_Class,Capture_Back,PackingDeaths_Emigration_Class,N_AfterEmigration_Class,Deaths_AfterEmiMort_Age,Deaths_AfterEmiMort_Size,N_GrowthOut_Class,Capture_Out,PackingDeaths_Immigration_Class,N_Immigration_Class,Deaths_AfterImmiMort_Age,Deaths_AfterImmiMort_Size
0,50.0,636,50.30599544192218,10.09422235131292,632,50.1351099898886,9.892788621189458,0,0,0,0,0,0,0,0,0,522,0,0
1,100.0,479,134.4593188156105,0.0,4,77.30589686322769,2.0980822870943303,636,0,0,636,0,0,0,0,0,5,0,0
2,150.0,258,181.3429854668015,2.842170943040401e-14,479,134.4593188156105,0.0,479,0,17,462,0,0,611,0,40,571,0,0
3,200.0,128,218.25988232814927,8.526512829121202e-14,386,193.58485800113448,17.38011802586167,386,0,41,345,0,0,632,0,122,510,0,0
4,250.0,71,247.3287963277921,8.526512829121202e-14,110,255.4440920042602,10.94967473825739,110,0,8,102,0,0,160,0,7,153,0,0
5,300.0,39,270.2180918255229,1.1368683772161603e-13,45,297.49905400884234,12.005699530236386,45,0,0,45,0,0,67,0,15,52,0,0
6,350.0,47,299.06130796182117,13.925851259674818,2,334.2120219038451,4.875840751366667,2,0,0,2,0,0,5,0,0,5,0,0
Totals,7,1658,NA,NA,1658,NA,NA,1658,0,66,1592,0,0,1475,0,184,1818,0,0
