Age,Class,N_Initial_Age,AgeSize_Mean,AgeSize_Std,N_Initial_Class,ClassSize_Mean,ClassSize_Std,N_GrowthBack_Class,Capture_Back,PackingDeaths_Emigration_Class,N_AfterEmigration_Class,Deaths_AfterEmiMort_Age,Deaths_AfterEmiMort_Size,N_GrowthOut_Class,Capture_Out,PackingDeaths_Immigration_Class,N_Immigration_Class,Deaths_AfterImmiMort_Age,Deaths_AfterImmiMort_Size
0,50.0,544,50.359050345247105,9.828700879953447,543,50.31073480809522,9.772991300255944,0,0,0,0,0,0,0,0,19,530,0,0
1,100.0,430,134.4593188156105,0.0,1,76.59438701871925,0.0,544,0,0,544,0,0,0,0,0,1,0,0
2,150.0,267,181.3429854668015,2.842170943040401e-14,430,134.4593188156105,0.0,430,0,41,389,0,0,527,0,82,445,0,0
3,200.0,124,218.25988232814925,1.1368683772161603e-13,391,193.05064585249752,17.179673432275486,391,0,61,330,0,0,568,0,185,383,0,0
4,250.0,61,247.3287963277922,0.0,102,256.5293954984485,11.222486715262624,102,0,19,83,0,0,145,0,27,118,0,0
5,300.0,41,270.21809182552283,5.684341886080802e-14,29,298.2109943299177,12.32035787970312,29,0,9,20,0,0,43,0,6,37,0,0
6,350.0,33,302.57607016521524,16.739668489682792,4,334.2228699711225,8.463993314670395,4,0,2,2,0,0,3,0,0,3,0,0
Totals,7,1500,NA,NA,1500,NA,NA,1500,0,132,1368,0,0,1286,0,319,1517,0,0
