Age,Class,N_Initial_Age,AgeSize_Mean,AgeSize_Std,N_Initial_Class,ClassSize_Mean,ClassSize_Std,N_GrowthBack_Class,Capture_Back,PackingDeaths_Emigration_Class,N_AfterEmigration_Class,Deaths_AfterEmiMort_Age,Deaths_AfterEmiMort_Size,N_GrowthOut_Class,Capture_Out,PackingDeaths_Immigration_Class,N_Immigration_Class,Deaths_AfterImmiMort_Age,Deaths_AfterImmiMort_Size
0,50.0,559,49.819316929346975,9.671800801179629,556,49.676515225694246,9.49929984518181,0,0,0,0,0,0,0,0,0,651,0,0
1,100.0,367,134.4593188156105,0.0,3,76.28523267298696,1.491020153385248,559,0,0,559,0,0,0,0,0,3,0,0
2,150.0,197,181.34298546680154,5.684341886080802e-14,367,134.4593188156105,0.0,367,0,40,327,0,0,546,0,99,447,0,0
3,200.0,107,218.25988232814925,1.1368683772161603e-13,304,194.33676166471014,17.630986241736252,304,0,29,275,0,0,451,0,82,369,0,0
4,250.0,77,247.3287963277921,8.526512829121202e-14,117,255.1541964979564,10.857302107783244,117,0,19,98,0,0,149,0,26,123,0,0
5,300.0,40,270.2180918255228,0.0,47,297.82375950057394,11.399528422932297,47,0,17,30,0,0,57,0,9,48,0,0
6,350.0,49,299.22132254653883,13.070910888779242,2,332.0640541267116,2.7278729742332075,2,0,0,2,0,0,5,0,2,3,0,0
Totals,7,1396,NA,NA,1396,NA,NA,1396,0,105,1291,0,0,1208,0,218,1644,0,0
