Age,Class,N_Initial_Age,AgeSize_Mean,AgeSize_Std,N_Initial_Class,ClassSize_Mean,ClassSize_Std,N_GrowthBack_Class,Capture_Back,PackingDeaths_Emigration_Class,N_AfterEmigration_Class,Deaths_AfterEmiMort_Age,Deaths_AfterEmiMort_Size,N_GrowthOut_Class,Capture_Out,PackingDeaths_Immigration_Class,N_Immigration_Class,Deaths_AfterImmiMort_Age,Deaths_AfterImmiMort_Size
0,50.0,577,49.6447353784171,9.852797507985251,576,49.595646092710794,9.790593746884126,0,0,0,0,0,0,0,0,15,637,0,0
1,100.0,454,134.4593188156105,0.0,1,77.92016394525348,0.0,577,0,5,572,0,0,0,0,0,1,0,0
2,150.0,243,181.34298546680154,5.684341886080802e-14,454,134.4593188156105,0.0,454,0,35,419,0,0,542,0,51,491,0,0
3,200.0,133,218.25988232814936,0.0,376,194.40135589914,17.65087748752856,376,0,53,323,0,0,563,0,135,428,0,0
4,250.0,61,247.3287963277922,0.0,107,257.1690542053211,11.331632505352484,107,0,12,95,0,0,157,0,23,134,0,0
5,300.0,46,270.2180918255229,1.1368683772161603e-13,42,298.7702730418908,11.002717023890835,42,0,4,38,0,0,69,0,12,57,0,0
6,350.0,47,302.5089025556684,15.134588739016388,5,333.9133904714005,5.707059010582163,5,0,0,5,0,0,7,0,0,7,0,0
Totals,7,1561,NA,NA,1561,NA,NA,1561,0,109,1452,0,0,1338,0,236,1755,0,0
