Age,Class,N_Initial_Age,AgeSize_Mean,AgeSize_Std,N_Initial_Class,ClassSize_Mean,ClassSize_Std,N_GrowthBack_Class,Capture_Back,PackingDeaths_Emigration_Class,N_AfterEmigration_Class,Deaths_AfterEmiMort_Age,Deaths_AfterEmiMort_Size,N_GrowthOut_Class,Capture_Out,PackingDeaths_Immigration_Class,N_Immigration_Class,Deaths_AfterImmiMort_Age,Deaths_AfterImmiMort_Size
0,50.0,508,50.2942207409568,9.612060055181342,507,50.243766902279425,9.554097079997916,0,0,0,0,0,0,0,0,31,475,0,0
1,100.0,352,134.4593188156105,0.0,1,75.8743169503858,0.0,508,0,7,501,0,0,0,0,0,4,0,0
2,150.0,241,181.34298546680157,8.526512829121202e-14,352,134.4593188156105,0.0,352,0,8,344,0,0,472,0,47,425,0,0
3,200.0,94,218.25988232814922,1.4210854715202004e-13,335,191.7017565264036,16.58642652750724,335,0,44,291,0,0,501,0,126,375,0,0
4,250.0,70,247.32879632779213,5.684341886080802e-14,114,256.1632612567408,11.143020584303851,114,0,20,94,0,0,130,0,17,113,0,0
5,300.0,44,270.21809182552283,5.684341886080802e-14,41,298.4663135980148,10.739431639935543,41,0,6,35,0,0,62,0,23,39,0,0
6,350.0,41,298.4663135980148,10.739431639935543,0,nan,nan,0,0,0,0,0,0,2,0,0,2,0,0
Totals,7,1350,NA,NA,1350,NA,NA,1350,0,85,1265,0,0,1167,0,244,1433,0,0
