Age,Class,N_Initial_Age,AgeSize_Mean,AgeSize_Std,N_Initial_Class,ClassSize_Mean,ClassSize_Std,N_GrowthBack_Class,Capture_Back,PackingDeaths_Emigration_Class,N_AfterEmigration_Class,Deaths_AfterEmiMort_Age,Deaths_AfterEmiMort_Size,N_GrowthOut_Class,Capture_Out,PackingDeaths_Immigration_Class,N_Immigration_Class,Deaths_AfterImmiMort_Age,Deaths_AfterImmiMort_Size
0,50.0,601,49.899885747382164,10.049457974497823,595,49.619350136879405,9.697960363224016,0,0,0,0,0,0,0,0,0,569,0,0
1,100.0,374,134.4593188156105,0.0,6,77.71966712223838,2.7531181035848826,601,0,71,530,0,0,0,0,0,1,0,0
2,150.0,193,181.3429854668015,2.842170943040401e-14,374,134.4593188156105,0.0,374,0,4,370,0,0,510,0,35,475,0,0
3,200.0,97,218.2598823281493,5.684341886080802e-14,290,193.6910509687006,17.417736332014744,290,0,10,280,0,0,504,0,68,436,0,0
4,250.0,66,247.32879632779216,2.842170943040401e-14,100,255.11115679702053,10.842860045994195,100,0,10,90,0,0,138,0,25,113,0,0
5,300.0,34,270.21809182552283,5.684341886080802e-14,35,299.9900056243683,12.91094656730647,35,0,11,24,0,0,42,0,9,33,0,0
6,350.0,36,301.3022682613425,14.910846920592855,1,347.231460555441,0.0,1,0,0,1,0,0,4,0,0,4,0,0
Totals,7,1401,NA,NA,1401,NA,NA,1401,0,106,1295,0,0,1198,0,137,1631,0,0
