Age,Class,N_Initial_Age,AgeSize_Mean,AgeSize_Std,N_Initial_Class,ClassSize_Mean,ClassSize_Std,N_GrowthBack_Class,Capture_Back,PackingDeaths_Emigration_Class,N_AfterEmigration_Class,Deaths_AfterEmiMort_Age,Deaths_AfterEmiMort_Size,N_GrowthOut_Class,Capture_Out,PackingDeaths_Immigration_Class,N_Immigration_Class,Deaths_AfterImmiMort_Age,Deaths_AfterImmiMort_Size
0,50.0,515,49.97435633308841,10.254767721573911,511,49.76334986816222,10.012098944465123,0,0,0,0,0,0,0,0,0,704,0,0
1,100.0,455,134.4593188156105,0.0,4,76.93043222740913,1.0649737749053036,515,0,44,471,0,0,0,0,0,6,0,0
2,150.0,207,181.34298546680157,8.526512829121202e-14,455,134.4593188156105,0.0,455,0,60,395,0,0,449,0,54,395,0,0
3,200.0,144,218.25988232814936,0.0,351,196.48837905094425,18.158688995952467,351,0,45,306,0,0,523,0,146,377,0,0
4,250.0,70,247.32879632779213,5.684341886080802e-14,114,256.1632612567408,11.143020584303853,114,0,27,87,0,0,163,0,25,138,0,0
5,300.0,44,270.21809182552283,5.684341886080802e-14,60,297.6025518650614,12.376843034343873,60,0,20,40,0,0,60,0,10,50,0,0
6,350.0,62,298.71421322834044,13.621986749857427,2,332.0640541267116,2.7278729742332075,2,0,0,2,0,0,5,0,0,5,0,0
Totals,7,1497,NA,NA,1497,NA,NA,1497,0,196,1301,0,0,1200,0,235,1675,0,0
