Age,Class,N_Initial_Age,AgeSize_Mean,AgeSize_Std,N_Initial_Class,ClassSize_Mean,ClassSize_Std,N_GrowthBack_Class,Capture_Back,PackingDeaths_Emigration_Class,N_AfterEmigration_Class,Deaths_AfterEmiMort_Age,Deaths_AfterEmiMort_Size,N_GrowthOut_Class,Capture_Out,PackingDeaths_Immigration_Class,N_Immigration_Class,Deaths_AfterImmiMort_Age,Deaths_AfterImmiMort_Size
0,50.0,587,49.19998046420233,9.781703699561962,584,49.05607811542856,9.59773512147472,0,0,0,0,0,0,0,0,0,704,0,0
1,100.0,510,134.45931881561052,2.842170943040401e-14,3,77.21297102549666,0.9747159208503434,587,0,0,587,0,0,0,0,0,3,0,0
2,150.0,272,181.3429854668015,2.842170943040401e-14,510,134.45931881561052,2.842170943040401e-14,510,0,37,473,0,0,545,0,53,492,0,0
3,200.0,103,218.25988232814922,1.4210854715202004e-13,375,191.48282647138507,16.47771491920051,375,0,32,343,0,0,660,0,217,443,0,0
4,250.0,80,247.3287963277922,0.0,127,255.7996379686845,11.051535609488425,127,0,16,111,0,0,154,0,31,123,0,0
5,300.0,47,270.2180918255229,1.1368683772161603e-13,40,296.18525865048485,9.8959022576361,40,0,10,30,0,0,63,0,14,49,0,0
6,350.0,43,298.6249915215185,13.073716474233311,3,331.1547631353005,2.571863304394423,3,0,0,3,0,0,5,0,2,3,0,0
Totals,7,1642,NA,NA,1642,NA,NA,1642,0,95,1547,0,0,1427,0,317,1817,0,0
