Age,Class,N_Initial_Age,AgeSize_Mean,AgeSize_Std,N_Initial_Class,ClassSize_Mean,ClassSize_Std,N_GrowthBack_Class,Capture_Back,PackingDeaths_Emigration_Class,N_AfterEmigration_Class,Deaths_AfterEmiMort_Age,Deaths_AfterEmiMort_Size,N_GrowthOut_Class,Capture_Out,PackingDeaths_Immigration_Class,N_Immigration_Class,Deaths_AfterImmiMort_Age,Deaths_AfterImmiMort_Size
0,50.0,532,50.10465957280226,10.233450356367875,528,49.885446765017974,9.951404971647623,0,0,0,0,0,0,0,0,25,719,0,0
1,100.0,552,134.4593188156105,0.0,4,79.04075020032826,3.544711770902509,532,0,73,459,0,0,0,0,0,2,0,0
2,150.0,203,181.34298546680154,5.684341886080802e-14,552,134.4593188156105,0.0,552,0,57,495,0,0,436,0,51,385,0,0
3,200.0,126,218.25988232814922,1.4210854715202004e-13,329,195.48137149880708,17.945790017144994,329,0,44,285,0,0,604,0,121,483,0,0
4,250.0,78,247.32879632779208,1.1368683772161603e-13,112,254.2773324610318,10.52449250251258,112,0,20,92,0,0,152,0,18,134,0,0
5,300.0,34,270.21809182552283,5.684341886080802e-14,63,300.9947150048013,13.241318251011066,63,0,10,53,0,0,66,0,12,54,0,0
6,350.0,65,301.95069467009097,14.10511909506603,2,332.0640541267116,2.7278729742332075,2,0,0,2,0,0,13,0,3,10,0,0
Totals,7,1590,NA,NA,1590,NA,NA,1590,0,204,1386,0,0,1271,0,230,1787,0,0
