Age,Class,N_Initial_Age,AgeSize_Mean,AgeSize_Std,N_Initial_Class,ClassSize_Mean,ClassSize_Std,N_GrowthBack_Class,Capture_Back,PackingDeaths_Emigration_Class,N_AfterEmigration_Class,Deaths_AfterEmiMort_Age,Deaths_AfterEmiMort_Size,N_GrowthOut_Class,Capture_Out,PackingDeaths_Immigration_Class,N_Immigration_Class,Deaths_AfterImmiMort_Age,Deaths_AfterImmiMort_Size
0,50.0,512,49.667459422117574,9.832174986962508,508,49.45117683270499,9.561490875813988,0,0,0,0,0,0,0,0,76,580,0,0
1,100.0,415,134.4593188156105,0.0,4,77.13534827751596,1.714551204681814,512,0,34,478,0,0,0,0,0,2,0,0
2,150.0,225,181.34298546680154,5.684341886080802e-14,415,134.4593188156105,0.0,415,0,25,390,0,0,467,0,42,425,0,0
3,200.0,108,218.25988232814925,1.1368683772161603e-13,333,193.3160330975089,17.28160568152285,333,0,30,303,0,0,537,0,92,445,0,0
4,250.0,69,247.32879632779213,5.684341886080802e-14,106,255.31845607699992,10.91068375574283,106,0,7,99,0,0,149,0,18,131,0,0
5,300.0,37,270.2180918255229,1.1368683772161603e-13,40,299.29671350661226,11.013302873452147,40,0,4,36,0,0,60,0,6,54,0,0
6,350.0,44,302.37319755285455,14.367932570203738,4,333.1380380152783,4.094019832758606,4,0,0,4,0,0,7,0,3,4,0,0
Totals,7,1410,NA,NA,1410,NA,NA,1410,0,100,1310,0,0,1220,0,237,1641,0,0
