Age,Class,N_Initial_Age,AgeSize_Mean,AgeSize_Std,N_Initial_Class,ClassSize_Mean,ClassSize_Std,N_GrowthBack_Class,Capture_Back,PackingDeaths_Emigration_Class,N_AfterEmigration_Class,Deaths_AfterEmiMort_Age,Deaths_AfterEmiMort_Size,N_GrowthOut_Class,Capture_Out,PackingDeaths_Immigration_Class,N_Immigration_Class,Deaths_AfterImmiMort_Age,Deaths_AfterImmiMort_Size
0,50.0,866,50.02119527829109,9.879138704630112,863,49.9212522620886,9.747738045802096,0,0,0,0,0,0,0,0,0,808,0,0
1,100.0,676,134.4593188156105,0.0,3,78.77146960586906,3.1675863498052403,866,0,117,749,0,0,0,0,0,4,0,0
2,150.0,295,181.3429854668015,2.842170943040401e-14,676,134.4593188156105,0.0,676,0,71,605,0,0,713,0,110,603,0,0
3,200.0,260,218.2598823281493,5.684341886080802e-14,555,198.63738760004554,18.42170770274268,555,0,47,508,0,0,810,0,338,472,0,0
4,250.0,64,247.32879632779216,2.842170943040401e-14,134,259.28589099078573,11.433169300583621,134,0,17,117,0,0,262,0,54,208,0,0
5,300.0,70,270.21809182552266,1.1368683772161603e-13,55,298.6156127853544,9.977249601953899,55,0,5,50,0,0,102,0,27,75,0,0
6,350.0,61,301.6373080345797,13.17010635215227,6,329.33618115247833,5.684341886080802e-14,6,0,2,4,0,0,6,0,0,6,0,0
Totals,7,2292,NA,NA,2292,NA,NA,2292,0,259,2033,0,0,1893,0,529,2176,0,0
