Age,Class,N_Initial_Age,AgeSize_Mean,AgeSize_Std,N_Initial_Class,ClassSize_Mean,ClassSize_Std,N_GrowthBack_Class,Capture_Back,PackingDeaths_Emigration_Class,N_AfterEmigration_Class,Deaths_AfterEmiMort_Age,Deaths_AfterEmiMort_Size,N_GrowthOut_Class,Capture_Out,PackingDeaths_Immigration_Class,N_Immigration_Class,Deaths_AfterImmiMort_Age,Deaths_AfterImmiMort_Size
0,50.0,492,49.51261947003541,9.81864572186114,486,49.17585826330319,9.395243511570072,0,0,0,0,0,0,0,0,12,690,0,0
1,100.0,337,134.45931881561046,2.842170943040401e-14,6,76.7902772153448,1.449341764240109,492,0,21,471,0,0,0,0,0,9,0,0
2,150.0,225,181.34298546680154,5.684341886080802e-14,337,134.45931881561046,2.842170943040401e-14,337,0,11,326,0,0,432,0,38,394,0,0
3,200.0,118,218.25988232814922,1.4210854715202004e-13,343,194.04325902260047,17.537324213750736,343,0,35,308,0,0,476,0,98,378,0,0
4,250.0,78,247.32879632779208,1.1368683772161603e-13,109,253.8385959647613,10.326046494574943,109,0,7,102,0,0,162,0,26,136,0,0
5,300.0,31,270.2180918255228,0.0,41,298.53376027996245,11.767222543977494,41,0,12,29,0,0,54,0,14,40,0,0
6,350.0,47,303.4947826588894,17.230483746042587,6,337.39510224822374,7.875804075542652,6,0,0,6,0,0,6,0,0,6,0,0
Totals,7,1328,NA,NA,1328,NA,NA,1328,0,86,1242,0,0,1130,0,188,1653,0,0
