Age,Class,N_Initial_Age,AgeSize_Mean,AgeSize_Std,N_Initial_Class,ClassSize_Mean,ClassSize_Std,N_GrowthBack_Class,Capture_Back,PackingDeaths_Emigration_Class,N_AfterEmigration_Class,Deaths_AfterEmiMort_Age,Deaths_AfterEmiMort_Size,N_GrowthOut_Class,Capture_Out,PackingDeaths_Immigration_Class,N_Immigration_Class,Deaths_AfterImmiMort_Age,Deaths_AfterImmiMort_Size
0,50.0,439,49.53657445284611,9.944698567594793,439,49.53657445284611,9.944698567594793,0,0,0,0,0,0,0,0,0,623,0,0
1,100.0,353,134.45931881561046,2.842170943040401e-14,0,nan,nan,439,0,25,414,0,0,0,0,0,3,0,0
2,150.0,241,181.34298546680157,8.526512829121202e-14,353,134.45931881561046,2.842170943040401e-14,353,0,38,315,0,0,398,0,48,350,0,0
3,200.0,129,218.25988232814936,0.0,370,194.21401166981195,17.592470870166633,370,0,40,330,0,0,470,0,102,368,0,0
4,250.0,76,247.3287963277921,8.526512829121202e-14,126,256.4118500967328,11.198340768595648,126,0,12,114,0,0,167,0,38,129,0,0
5,300.0,50,270.21809182552283,5.684341886080802e-14,38,298.4472037654385,11.349780496790073,38,0,11,27,0,0,67,0,15,52,0,0
6,350.0,42,301.83163282706954,15.103794840616098,4,333.9837089125642,5.3823473758633416,4,0,0,4,0,0,4,0,1,3,0,0
Totals,7,1330,NA,NA,1330,NA,NA,1330,0,126,1204,0,0,1106,0,204,1528,0,0
