Age,Class,N_Initial_Age,AgeSize_Mean,AgeSize_Std,N_Initial_Class,ClassSize_Mean,ClassSize_Std,N_GrowthBack_Class,Capture_Back,PackingDeaths_Emigration_Class,N_AfterEmigration_Class,Deaths_AfterEmiMort_Age,Deaths_AfterEmiMort_Size,N_GrowthOut_Class,Capture_Out,PackingDeaths_Immigration_Class,N_Immigration_Class,Deaths_AfterImmiMort_Age,Deaths_AfterImmiMort_Size
0,50.0,512,50.02532244773752,10.001232926995742,508,49.788760843360485,9.67259300759787,0,0,0,0,0,0,0,0,32,621,0,0
1,100.0,474,134.4593188156105,0.0,4,80.06864620362197,3.3834954120682226,512,0,50,462,0,0,0,0,0,1,0,0
2,150.0,239,181.34298546680157,8.526512829121202e-14,474,134.4593188156105,0.0,474,0,53,421,0,0,433,0,77,356,0,0
3,200.0,149,218.25988232814936,0.0,388,195.51983503469023,17.955005698858624,388,0,45,343,0,0,571,0,181,390,0,0
4,250.0,72,247.3287963277922,0.0,126,257.13849439824804,11.327263643293406,126,0,13,113,0,0,178,0,25,153,0,0
5,300.0,54,270.2180918255229,1.1368683772161603e-13,56,297.14728176223963,11.456703511837691,56,0,14,42,0,0,75,0,19,56,0,0
6,350.0,60,299.94404369292283,15.336098113640944,4,339.09871072248916,6.910830116642073,4,0,2,2,0,0,5,0,1,4,0,0
Totals,7,1560,NA,NA,1560,NA,NA,1560,0,177,1383,0,0,1262,0,335,1581,0,0
