Age,Class,N_Initial_Age,AgeSize_Mean,AgeSize_Std,N_Initial_Class,ClassSize_Mean,ClassSize_Std,N_GrowthBack_Class,Capture_Back,PackingDeaths_Emigration_Class,N_AfterEmigration_Class,Deaths_AfterEmiMort_Age,Deaths_AfterEmiMort_Size,N_GrowthOut_Class,Capture_Out,PackingDeaths_Immigration_Class,N_Immigration_Class,Deaths_AfterImmiMort_Age,Deaths_AfterImmiMort_Size
0,50.0,581,50.65061937082331,9.82377763289375,577,50.452507923183916,9.556454611671604,0,0,0,0,0,0,0,0,0,587,0,0
1,100.0,431,134.4593188156105,0.0,4,79.2281956928062,4.636273397083347,581,0,21,560,0,0,0,0,0,5,0,0
2,150.0,234,181.34298546680154,5.684341886080802e-14,431,134.4593188156105,0.0,431,0,23,408,0,0,529,0,89,440,0,0
3,200.0,122,218.25988232814925,1.1368683772161603e-13,356,193.99428158220726,17.521167211550843,356,0,51,305,0,0,566,0,156,410,0,0
4,250.0,77,247.3287963277921,8.526512829121202e-14,124,256.0045776858029,11.104654024561222,124,0,25,99,0,0,141,0,19,122,0,0
5,300.0,47,270.2180918255229,1.1368683772161603e-13,44,296.94752942459667,11.363413415751866,44,0,7,37,0,0,58,0,11,47,0,0
6,350.0,47,299.71920308497545,15.338043972924442,3,340.3704167705325,5.158759988952594,3,0,1,2,0,0,5,0,3,2,0,0
Totals,7,1539,NA,NA,1539,NA,NA,1539,0,128,1411,0,0,1299,0,278,1613,0,0
