Age,Class,N_Initial_Age,AgeSize_Mean,AgeSize_Std,N_Initial_Class,ClassSize_Mean,ClassSize_Std,N_GrowthBack_Class,Capture_Back,PackingDeaths_Emigration_Class,N_AfterEmigration_Class,Deaths_AfterEmiMort_Age,Deaths_AfterEmiMort_Size,N_GrowthOut_Class,Capture_Out,PackingDeaths_Immigration_Class,N_Immigration_Class,Deaths_AfterImmiMort_Age,Deaths_AfterImmiMort_Size
0,50.0,593,49.72101728616225,10.19222948418199,587,49.429395653854954,9.81764610147028,0,0,0,0,0,0,0,0,0,752,0,0
1,100.0,464,134.4593188156105,0.0,6,78.2513336468933,3.8573643405527704,593,0,17,576,0,0,0,0,0,6,0,0
2,150.0,287,181.3429854668015,2.842170943040401e-14,464,134.4593188156105,0.0,464,0,28,436,0,0,551,0,84,467,0,0
3,200.0,118,218.25988232814922,1.4210854715202004e-13,405,192.09901961405845,16.774597839425617,405,0,52,353,0,0,615,0,169,446,0,0
4,250.0,104,247.32879632779216,2.842170943040401e-14,149,254.2416708069725,10.509186130608626,149,0,25,124,0,0,175,0,23,152,0,0
5,300.0,45,270.2180918255229,1.1368683772161603e-13,46,299.7058380530543,10.324142623218217,46,0,1,45,0,0,72,0,23,49,0,0
6,350.0,53,304.4829039942843,15.713811547590318,7,335.8750516080813,5.805365611088217,7,0,6,1,0,0,2,0,0,2,0,0
Totals,7,1664,NA,NA,1664,NA,NA,1664,0,129,1535,0,0,1415,0,299,1874,0,0
