Age,Class,N_Initial_Age,AgeSize_Mean,AgeSize_Std,N_Initial_Class,ClassSize_Mean,ClassSize_Std,N_GrowthBack_Class,Capture_Back,PackingDeaths_Emigration_Class,N_AfterEmigration_Class,Deaths_AfterEmiMort_Age,Deaths_AfterEmiMort_Size,N_GrowthOut_Class,Capture_Out,PackingDeaths_Immigration_Class,N_Immigration_Class,Deaths_AfterImmiMort_Age,Deaths_AfterImmiMort_Size
0,50.0,561,50.35198678546465,9.632917883991272,558,50.19836498183001,9.425796429017257,0,0,0,0,0,0,0,0,8,515,0,0
1,100.0,293,134.45931881561046,2.842170943040401e-14,3,78.92564226150874,2.485749375149368,561,0,0,561,0,0,0,0,0,4,0,0
2,150.0,205,181.34298546680157,8.526512829121202e-14,293,134.45931881561046,2.842170943040401e-14,293,0,19,274,0,0,545,0,57,488,0,0
3,200.0,84,218.25988232814927,8.526512829121202e-14,289,192.07315618082652,16.762697933274243,289,0,27,262,0,0,419,0,57,362,0,0
4,250.0,58,247.3287963277922,0.0,99,256.808201533923,11.27465227152634,99,0,8,91,0,0,117,0,6,111,0,0
5,300.0,41,270.21809182552283,5.684341886080802e-14,34,298.1557165947336,11.146285883930645,34,0,8,26,0,0,58,0,15,43,0,0
6,350.0,38,301.8685875441119,15.130277201100675,4,333.42799061382823,2.362407293982971,4,0,0,4,0,0,5,0,0,5,0,0
Totals,7,1280,NA,NA,1280,NA,NA,1280,0,62,1218,0,0,1144,0,143,1528,0,0
