Age,Class,N_Initial_Age,AgeSize_Mean,AgeSize_Std,N_Initial_Class,ClassSize_Mean,ClassSize_Std,N_GrowthBack_Class,Capture_Back,PackingDeaths_Emigration_Class,N_AfterEmigration_Class,Deaths_AfterEmiMort_Age,Deaths_AfterEmiMort_Size,N_GrowthOut_Class,Capture_Out,PackingDeaths_Immigration_Class,N_Immigration_Class,Deaths_AfterImmiMort_Age,Deaths_AfterImmiMort_Size
0,50.0,650,49.9600015020033,9.805319836159889,647,49.83650013890089,9.65829906594658,0,0,0,0,0,0,0,0,0,534,0,0
1,100.0,378,134.4593188156105,0.0,3,76.59512881109039,0.753068395000081,650,0,43,607,0,0,0,0,0,4,0,0
2,150.0,277,181.34298546680154,5.684341886080802e-14,378,134.4593188156105,0.0,378,0,5,373,0,0,588,0,72,516,0,0
3,200.0,130,218.25988232814936,0.0,407,193.13462328492247,17.212436048514455,407,0,43,364,0,0,557,0,143,414,0,0
4,250.0,68,247.32879632779216,2.842170943040401e-14,121,257.3546860912609,11.35636772363774,121,0,10,111,0,0,169,0,43,126,0,0
5,300.0,53,270.2180918255229,1.1368683772161603e-13,44,298.2771143198436,11.147665041298028,44,0,4,40,0,0,74,0,10,64,0,0
6,350.0,45,298.9673158050133,11.936059089879466,1,329.3361811524784,0.0,1,0,0,1,0,0,3,0,0,3,0,0
Totals,7,1601,NA,NA,1601,NA,NA,1601,0,105,1496,0,0,1391,0,268,1661,0,0
