Age,Class,N_Initial_Age,AgeSize_Mean,AgeSize_Std,N_Initial_Class,ClassSize_Mean,ClassSize_Std,N_GrowthBack_Class,Capture_Back,PackingDeaths_Emigration_Class,N_AfterEmigration_Class,Deaths_AfterEmiMort_Age,Deaths_AfterEmiMort_Size,N_GrowthOut_Class,Capture_Out,PackingDeaths_Immigration_Class,N_Immigration_Class,Deaths_AfterImmiMort_Age,Deaths_AfterImmiMort_Size
0,50.0,479,49.93658055873713,10.53452487756619,476,49.76192779583605,10.333542955496116,0,0,0,0,0,0,0,0,0,584,0,0
1,100.0,466,134.4593188156105,0.0,3,77.64815227237592,1.9156375155278613,479,0,56,423,0,0,0,0,0,3,0,0
2,150.0,271,181.3429854668015,2.842170943040401e-14,466,134.4593188156105,0.0,466,0,17,449,0,0,401,0,30,371,0,0
3,200.0,121,218.25988232814927,8.526512829121202e-14,392,192.73825210002371,17.053614906054236,392,0,51,341,0,0,603,0,174,429,0,0
4,250.0,58,247.3287963277922,0.0,89,255.30147228767584,10.905291100751198,89,0,7,82,0,0,146,0,24,122,0,0
5,300.0,31,270.2180918255228,0.0,46,299.8315401092643,10.96856814589462,46,0,11,35,0,0,57,0,3,54,0,0
6,350.0,52,303.9286219928369,15.473401700356337,6,335.3395831002263,6.1083736950033005,6,0,0,6,0,0,9,0,1,8,0,0
Totals,7,1478,NA,NA,1478,NA,NA,1478,0,142,1336,0,0,1216,0,232,1571,0,0
