Age,Class,N_Initial_Age,AgeSize_Mean,AgeSize_Std,N_Initial_Class,ClassSize_Mean,ClassSize_Std,N_GrowthBack_Class,Capture_Back,PackingDeaths_Emigration_Class,N_AfterEmigration_Class,Deaths_AfterEmiMort_Age,Deaths_AfterEmiMort_Size,N_GrowthOut_Class,Capture_Out,PackingDeaths_Immigration_Class,N_Immigration_Class,Deaths_AfterImmiMort_Age,Deaths_AfterImmiMort_Size
0,50.0,802,50.12989292988458,9.940274431504502,798,49.9911260184565,9.767700266646791,0,0,0,0,0,0,0,0,52,874,0,0
1,100.0,645,134.4593188156105,0.0,4,77.8138917597859,2.660930818873609,802,0,80,722,0,0,0,0,0,2,0,0
2,150.0,288,181.3429854668015,2.842170943040401e-14,645,134.4593188156105,0.0,645,0,105,540,0,0,681,0,132,549,0,0
3,200.0,140,218.25988232814936,0.0,428,193.4186059354667,17.319752471535168,428,0,88,340,0,0,710,0,275,435,0,0
4,250.0,106,247.32879632779213,5.684341886080802e-14,157,254.7641725722779,10.719407824118711,157,0,50,107,0,0,159,0,42,117,0,0
5,300.0,51,270.21809182552283,5.684341886080802e-14,61,298.5995825414752,10.509495232280512,61,0,23,38,0,0,61,0,23,38,0,0
6,350.0,62,299.25261931750316,11.605254220876695,1,339.0878626552117,0.0,1,0,0,1,0,0,3,0,1,2,0,0
Totals,7,2094,NA,NA,2094,NA,NA,2094,0,346,1748,0,0,1614,0,525,2017,0,0
