Age,Class,N_Initial_Age,AgeSize_Mean,AgeSize_Std,N_Initial_Class,ClassSize_Mean,ClassSize_Std,N_GrowthBack_Class,Capture_Back,PackingDeaths_Emigration_Class,N_AfterEmigration_Class,Deaths_AfterEmiMort_Age,Deaths_AfterEmiMort_Size,N_GrowthOut_Class,Capture_Out,PackingDeaths_Immigration_Class,N_Immigration_Class,Deaths_AfterImmiMort_Age,Deaths_AfterImmiMort_Size
0,50.0,583,49.227881173144326,10.508756056641502,576,48.8812073591008,10.083815800184587,0,0,0,0,0,0,0,0,17,907,0,0
1,100.0,533,134.4593188156105,0.0,7,77.75418358586892,2.616318853170255,583,0,0,583,0,0,0,0,0,5,0,0
2,150.0,217,181.34298546680154,5.684341886080802e-14,533,134.4593188156105,0.0,533,0,9,524,0,0,564,0,23,541,0,0
3,200.0,128,218.25988232814927,8.526512829121202e-14,345,195.03968922985229,17.83367898635085,345,0,14,331,0,0,663,0,152,511,0,0
4,250.0,89,247.32879632779216,2.842170943040401e-14,146,256.2650281317007,11.166369667116257,146,0,10,136,0,0,189,0,18,171,0,0
5,300.0,57,270.21809182552283,5.684341886080802e-14,60,295.37509906553083,10.39689145468487,60,0,12,48,0,0,90,0,17,73,0,0
6,350.0,65,298.5484302090191,14.924766674985932,5,336.62840393087697,5.259619347239668,5,0,1,4,0,0,6,0,0,6,0,0
Totals,7,1672,NA,NA,1672,NA,NA,1672,0,46,1626,0,0,1512,0,227,2214,0,0
