Age,Class,N_Initial_Age,AgeSize_Mean,AgeSize_Std,N_Initial_Class,ClassSize_Mean,ClassSize_Std,N_GrowthBack_Class,Capture_Back,PackingDeaths_Emigration_Class,N_AfterEmigration_Class,Deaths_AfterEmiMort_Age,Deaths_AfterEmiMort_Size,N_GrowthOut_Class,Capture_Out,PackingDeaths_Immigration_Class,N_Immigration_Class,Deaths_AfterImmiMort_Age,Deaths_AfterImmiMort_Size
0,50.0,759,50.197264041588674,9.637517771666655,757,50.127305489368645,9.553447359218943,0,0,0,0,0,0,0,0,31,1092,0,0
1,100.0,545,134.45931881561046,2.842170943040401e-14,2,76.6765760568714,0.73779101797453,759,0,67,692,0,0,0,0,0,5,0,0
2,150.0,291,181.3429854668015,2.842170943040401e-14,545,134.45931881561046,2.842170943040401e-14,545,0,53,492,0,0,662,0,74,588,0,0
3,200.0,127,218.2598823281492,1.7053025658242404e-13,418,192.55936322132584,16.9784195610046,418,0,67,351,0,0,671,0,209,462,0,0
4,250.0,145,247.32879632779216,2.842170943040401e-14,184,252.18033178655028,9.35472246652166,184,0,43,141,0,0,196,0,36,160,0,0
5,300.0,39,270.2180918255229,1.1368683772161603e-13,68,296.05351399892174,10.873682459336353,68,0,13,55,0,0,71,0,19,52,0,0
6,350.0,74,299.0470138193975,14.517057717303937,6,332.9733451181226,2.571863304394423,6,0,3,3,0,0,4,0,1,3,0,0
Totals,7,1980,NA,NA,1980,NA,NA,1980,0,246,1734,0,0,1604,0,370,2362,0,0
