Age,Class,N_Initial_Age,AgeSize_Mean,AgeSize_Std,N_Initial_Class,ClassSize_Mean,ClassSize_Std,N_GrowthBack_Class,Capture_Back,PackingDeaths_Emigration_Class,N_AfterEmigration_Class,Deaths_AfterEmiMort_Age,Deaths_AfterEmiMort_Size,N_GrowthOut_Class,Capture_Out,PackingDeaths_Immigration_Class,N_Immigration_Class,Deaths_AfterImmiMort_Age,Deaths_AfterImmiMort_Size
0,50.0,510,50.219244563579686,10.58942233896819,504,49.867935041625174,10.139549319063862,0,0,0,0,0,0,0,0,20,448,0,0
1,100.0,471,134.4593188156105,0.0,6,79.72924440775896,3.7765933582381033,510,0,21,489,0,0,0,0,0,4,0,0
2,150.0,169,181.34298546680154,5.684341886080802e-14,471,134.4593188156105,0.0,471,0,21,450,0,0,458,0,34,424,0,0
3,200.0,101,218.25988232814925,1.1368683772161603e-13,270,195.15263947789828,17.863455122466025,270,0,36,234,0,0,536,0,137,399,0,0
4,250.0,78,247.32879632779208,1.1368683772161603e-13,105,253.2146151700657,10.00396837674169,105,0,7,98,0,0,147,0,23,124,0,0
5,300.0,27,270.2180918255227,5.684341886080802e-14,37,300.89973805379907,13.385368564344438,37,0,4,33,0,0,45,0,6,39,0,0
6,350.0,40,303.2762633237684,15.393911091526858,3,332.58674165338954,4.596986745702774,3,0,0,3,0,0,9,0,2,7,0,0
Totals,7,1396,NA,NA,1396,NA,NA,1396,0,89,1307,0,0,1195,0,222,1445,0,0
