Age,Class,N_Initial_Age,AgeSize_Mean,AgeSize_Std,N_Initial_Class,ClassSize_Mean,ClassSize_Std,N_GrowthBack_Class,Capture_Back,PackingDeaths_Emigration_Class,N_AfterEmigration_Class,Deaths_AfterEmiMort_Age,Deaths_AfterEmiMort_Size,N_GrowthOut_Class,Capture_Out,PackingDeaths_Immigration_Class,N_Immigration_Class,Deaths_AfterImmiMort_Age,Deaths_AfterImmiMort_Size
0,50.0,623,49.52482035884919,10.135605917471848,620,49.380864600322575,9.944351146806923,0,0,0,0,0,0,0,0,0,644,0,0
1,100.0,471,134.4593188156105,0.0,3,79.2756771210157,2.648456649816184,623,0,23,600,0,0,0,0,0,6,0,0
2,150.0,201,181.34298546680154,5.684341886080802e-14,471,134.4593188156105,0.0,471,0,6,465,0,0,567,0,49,518,0,0
3,200.0,145,218.2598823281494,2.842170943040401e-14,346,196.81393935378256,18.215081521070786,346,0,6,340,0,0,590,0,139,451,0,0
4,250.0,76,247.3287963277921,8.526512829121202e-14,107,253.96027446264864,10.383321258749056,107,0,9,98,0,0,199,0,35,164,0,0
5,300.0,31,270.2180918255228,0.0,45,297.1222276701373,11.142680020809218,45,0,4,41,0,0,63,0,17,46,0,0
6,350.0,52,302.1485406552768,16.48319421489312,7,334.46055270260206,3.696944478467622,7,0,1,6,0,0,9,0,1,8,0,0
Totals,7,1599,NA,NA,1599,NA,NA,1599,0,49,1550,0,0,1428,0,241,1837,0,0
