Age,Class,N_Initial_Age,AgeSize_Mean,AgeSize_Std,N_Initial_Class,ClassSize_Mean,ClassSize_Std,N_GrowthBack_Class,Capture_Back,PackingDeaths_Emigration_Class,N_AfterEmigration_Class,Deaths_AfterEmiMort_Age,Deaths_AfterEmiMort_Size,N_GrowthOut_Class,Capture_Out,PackingDeaths_Immigration_Class,N_Immigration_Class,Deaths_AfterImmiMort_Age,Deaths_AfterImmiMort_Size
0,50.0,755,49.98312692029227,9.603868424963993,752,49.85600141083471,9.407897975663811,0,0,0,0,0,0,0,0,7,634,0,0
1,100.0,469,134.45931881561046,2.842170943040401e-14,3,81.8492546243217,2.5793655495715533,755,0,11,744,0,0,0,0,0,3,0,0
2,150.0,219,181.34298546680154,5.684341886080802e-14,469,134.45931881561046,2.842170943040401e-14,469,0,30,439,0,0,716,0,140,576,0,0
3,200.0,137,218.25988232814936,0.0,356,195.5497688095112,17.962117426618594,356,0,50,306,0,0,576,0,171,405,0,0
4,250.0,76,247.3287963277921,8.526512829121202e-14,112,254.68606988063416,10.689870638940873,112,0,11,101,0,0,178,0,36,142,0,0
5,300.0,36,270.21809182552283,5.684341886080802e-14,51,296.95882856727764,10.648629199038433,51,0,14,37,0,0,57,0,16,41,0,0
6,350.0,53,298.3646094479028,12.665111277426403,2,334.2120219038451,4.875840751366667,2,0,0,2,0,0,4,0,1,3,0,0
Totals,7,1745,NA,NA,1745,NA,NA,1745,0,116,1629,0,0,1531,0,371,1804,0,0
