Age,Class,N_Initial_Age,AgeSize_Mean,AgeSize_Std,N_Initial_Class,ClassSize_Mean,ClassSize_Std,N_GrowthBack_Class,Capture_Back,PackingDeaths_Emigration_Class,N_AfterEmigration_Class,Deaths_AfterEmiMort_Age,Deaths_AfterEmiMort_Size,N_GrowthOut_Class,Capture_Out,PackingDeaths_Immigration_Class,N_Immigration_Class,Deaths_AfterImmiMort_Age,Deaths_AfterImmiMort_Size
0,50.0,492,50.18934747538301,9.840146061832812,488,49.9512191193963,9.514683775127507,0,0,0,0,0,0,0,0,34,529,0,0
1,100.0,319,134.4593188156105,0.0,4,79.2410069057617,3.7976480378270607,492,0,12,480,0,0,0,0,0,3,0,0
2,150.0,208,181.34298546680154,5.684341886080802e-14,319,134.4593188156105,0.0,319,0,2,317,0,0,465,0,52,413,0,0
3,200.0,121,218.25988232814927,8.526512829121202e-14,329,194.92032443404494,17.80137884754601,329,0,35,294,0,0,454,0,94,360,0,0
4,250.0,47,247.32879632779225,5.684341886080802e-14,82,257.0986175768235,11.321436229165512,82,0,9,73,0,0,134,0,22,112,0,0
5,300.0,35,270.21809182552283,5.684341886080802e-14,40,294.33585022460557,10.233836810667361,40,0,5,35,0,0,62,0,10,52,0,0
6,350.0,41,295.32258380695527,11.879508305969033,1,334.7919271009448,0.0,1,0,0,1,0,0,1,0,0,1,0,0
Totals,7,1263,NA,NA,1263,NA,NA,1263,0,63,1200,0,0,1116,0,212,1470,0,0
