Age,Class,N_Initial_Age,AgeSize_Mean,AgeSize_Std,N_Initial_Class,ClassSize_Mean,ClassSize_Std,N_GrowthBack_Class,Capture_Back,PackingDeaths_Emigration_Class,N_AfterEmigration_Class,Deaths_AfterEmiMort_Age,Deaths_AfterEmiMort_Size,N_GrowthOut_Class,Capture_Out,PackingDeaths_Immigration_Class,N_Immigration_Class,Deaths_AfterImmiMort_Age,Deaths_AfterImmiMort_Size
0,50.0,423,49.96523011501787,10.158068374048533,420,49.76696404920988,9.917345122897997,0,0,0,0,0,0,0,0,0,625,0,0
1,100.0,427,134.4593188156105,0.0,3,77.72247932813637,1.945451448436551,423,0,0,423,0,0,0,0,0,6,0,0
2,150.0,220,181.34298546680154,5.684341886080802e-14,427,134.4593188156105,0.0,427,0,2,425,0,0,391,0,13,378,0,0
3,200.0,137,218.25988232814936,0.0,357,195.50997389818713,17.95265132347747,357,0,25,332,0,0,591,0,177,414,0,0
4,250.0,79,247.32879632779205,1.4210854715202004e-13,118,254.89390246687253,10.767038543330075,118,0,9,109,0,0,174,0,19,155,0,0
5,300.0,39,270.2180918255229,1.1368683772161603e-13,50,299.52228179747317,12.652547552266178,50,0,12,38,0,0,60,0,15,45,0,0
6,350.0,54,302.36753455585637,15.884422132419324,4,337.933194035646,6.249342204717007,4,0,0,4,0,0,6,0,0,6,0,0
Totals,7,1379,NA,NA,1379,NA,NA,1379,0,48,1331,0,0,1222,0,224,1629,0,0
