Age,Class,N_Initial_Age,AgeSize_Mean,AgeSize_Std,N_Initial_Class,ClassSize_Mean,ClassSize_Std,N_GrowthBack_Class,Capture_Back,PackingDeaths_Emigration_Class,N_AfterEmigration_Class,Deaths_AfterEmiMort_Age,Deaths_AfterEmiMort_Size,N_GrowthOut_Class,Capture_Out,PackingDeaths_Immigration_Class,N_Immigration_Class,Deaths_AfterImmiMort_Age,Deaths_AfterImmiMort_Size
0,50.0,553,50.61921818658247,9.99440695620133,550,50.46100470691597,9.788453630829359,0,0,0,0,0,0,0,0,59,510,0,0
1,100.0,361,134.45931881561046,2.842170943040401e-14,3,79.62502279210752,0.9621744026403536,553,0,0,553,0,0,0,0,0,2,0,0
2,150.0,231,181.3429854668016,1.1368683772161603e-13,361,134.45931881561046,2.842170943040401e-14,361,0,24,337,0,0,512,0,51,461,0,0
3,200.0,128,218.25988232814927,8.526512829121202e-14,359,194.50555593547148,17.682420509630752,359,0,40,319,0,0,495,0,94,401,0,0
4,250.0,68,247.32879632779216,2.842170943040401e-14,114,256.5648278444203,11.229513633025517,114,0,18,96,0,0,150,0,37,113,0,0
5,300.0,46,270.2180918255229,1.1368683772161603e-13,40,297.7524539395465,12.967105976883108,40,0,9,31,0,0,61,0,9,52,0,0
6,350.0,42,299.2564409496861,14.331030364570713,2,329.3361811524784,0.0,2,0,0,2,0,0,8,0,2,6,0,0
Totals,7,1429,NA,NA,1429,NA,NA,1429,0,91,1338,0,0,1226,0,252,1545,0,0
