Age,Class,N_Initial_Age,AgeSize_Mean,AgeSize_Std,N_Initial_Class,ClassSize_Mean,ClassSize_Std,N_GrowthBack_Class,Capture_Back,PackingDeaths_Emigration_Class,N_AfterEmigration_Class,Deaths_AfterEmiMort_Age,Deaths_AfterEmiMort_Size,N_GrowthOut_Class,Capture_Out,PackingDeaths_Immigration_Class,N_Immigration_Class,Deaths_AfterImmiMort_Age,Deaths_AfterImmiMort_Size
0,50.0,790,50.46061368256144,10.088935153060147,783,50.2067816504895,9.765883995823856,0,0,0,0,0,0,0,0,88,735,0,0
1,100.0,421,134.45931881561046,2.842170943040401e-14,7,78.85353955575067,2.426259164817313,790,0,100,690,0,0,0,0,0,3,0,0
2,150.0,211,181.34298546680154,5.684341886080802e-14,421,134.45931881561046,2.842170943040401e-14,421,0,16,405,0,0,655,0,82,573,0,0
3,200.0,136,218.25988232814936,0.0,347,195.81185570640758,18.022141502196817,347,0,38,309,0,0,539,0,141,398,0,0
4,250.0,82,247.32879632779213,5.684341886080802e-14,130,255.78022851156962,11.046294522441599,130,0,20,110,0,0,172,0,45,127,0,0
5,300.0,48,270.2180918255228,0.0,51,300.692449216284,12.100767945174665,51,0,9,42,0,0,69,0,17,52,0,0
6,350.0,59,305.09185108733413,15.881844555537931,8,333.1380380152783,4.094019832758606,8,0,1,7,0,0,9,0,4,5,0,0
Totals,7,1747,NA,NA,1747,NA,NA,1747,0,184,1563,0,0,1444,0,377,1893,0,0
