Age,Class,N_Initial_Age,AgeSize_Mean,AgeSize_Std,N_Initial_Class,ClassSize_Mean,ClassSize_Std,N_GrowthBack_Class,Capture_Back,PackingDeaths_Emigration_Class,N_AfterEmigration_Class,Deaths_AfterEmiMort_Age,Deaths_AfterEmiMort_Size,N_GrowthOut_Class,Capture_Out,PackingDeaths_Immigration_Class,N_Immigration_Class,Deaths_AfterImmiMort_Age,Deaths_AfterImmiMort_Size
0,50.0,589,50.225483166705715,10.393714016301315,584,49.970441596879624,10.058886933109823,0,0,0,0,0,0,0,0,0,675,0,0
1,100.0,495,134.4593188156105,0.0,5,80.01433852239192,3.5933670092691075,589,0,32,557,0,0,0,0,0,5,0,0
2,150.0,233,181.34298546680154,5.684341886080802e-14,495,134.4593188156105,0.0,495,0,50,445,0,0,543,0,116,427,0,0
3,200.0,129,218.25988232814936,0.0,362,194.4984542378343,17.68029199977426,362,0,73,289,0,0,565,0,196,369,0,0
4,250.0,77,247.3287963277921,8.526512829121202e-14,104,253.27120958201067,10.03520690676214,104,0,14,90,0,0,150,0,26,124,0,0
5,300.0,27,270.2180918255227,5.684341886080802e-14,59,299.1935849265465,12.170617356994347,59,0,17,42,0,0,55,0,11,44,0,0
6,350.0,67,303.29714176683007,16.043003703656037,8,333.5608734639213,4.800429215119311,8,0,2,6,0,0,9,0,5,4,0,0
Totals,7,1617,NA,NA,1617,NA,NA,1617,0,188,1429,0,0,1322,0,354,1648,0,0
