Age,Class,N_Initial_Age,AgeSize_Mean,AgeSize_Std,N_Initial_Class,ClassSize_Mean,ClassSize_Std,N_GrowthBack_Class,Capture_Back,PackingDeaths_Emigration_Class,N_AfterEmigration_Class,Deaths_AfterEmiMort_Age,Deaths_AfterEmiMort_Size,N_GrowthOut_Class,Capture_Out,PackingDeaths_Immigration_Class,N_Immigration_Class,Deaths_AfterImmiMort_Age,Deaths_AfterImmiMort_Size
0,50.0,822,50.0507681151122,10.15904452574937,820,49.98124689843611,10.073272894668355,0,0,0,0,0,0,0,0,0,568,0,0
1,100.0,494,134.4593188156105,0.0,2,78.55446695230619,0.5107459133295578,822,0,41,781,0,0,0,0,0,2,0,0
2,150.0,279,181.3429854668015,2.842170943040401e-14,494,134.4593188156105,0.0,494,0,15,479,0,0,743,0,92,651,0,0
3,200.0,120,218.25988232814927,8.526512829121202e-14,399,192.44581159051515,16.929534516495053,399,0,36,363,0,0,670,0,144,526,0,0
4,250.0,63,247.32879632779222,2.842170943040401e-14,106,256.6140765768715,11.23908777866228,106,0,5,101,0,0,151,0,27,124,0,0
5,300.0,43,270.21809182552283,5.684341886080802e-14,28,301.68401958178674,12.813381146799554,28,0,3,25,0,0,52,0,10,42,0,0
6,350.0,29,303.09045153566836,14.625549093586995,1,342.4705462443555,0.0,1,0,0,1,0,0,3,0,0,3,0,0
Totals,7,1850,NA,NA,1850,NA,NA,1850,0,100,1750,0,0,1619,0,273,1916,0,0
