Age,Class,N_Initial_Age,AgeSize_Mean,AgeSize_Std,N_Initial_Class,ClassSize_Mean,ClassSize_Std,N_GrowthBack_Class,Capture_Back,PackingDeaths_Emigration_Class,N_AfterEmigration_Class,Deaths_AfterEmiMort_Age,Deaths_AfterEmiMort_Size,N_GrowthOut_Class,Capture_Out,PackingDeaths_Immigration_Class,N_Immigration_Class,Deaths_AfterImmiMort_Age,Deaths_AfterImmiMort_Size
0,50.0,8802,50.174286538365116,10.00698124826386,8744,49.99308430814055,9.787580295207576,0,0,0,0,0,0,0,0,0,7271,0,0
1,100.0,10138,113.44465676002007,0.0,10196,113.24014036420087,2.707749302895837,8802,0,0,8802,0,0,8802,0,0,8846,0,0
2,150.0,2318,164.79572781619694,0.0,2318,164.79572781619694,0.0,10138,0,7999,2139,0,0,2139,0,0,2139,0,0
3,200.0,1993,205.23032539160798,2.842170943040401e-14,1993,205.23032539160798,2.842170943040401e-14,4311,0,253,4058,0,0,2173,0,0,2173,0,0
4,250.0,451,237.0691292852372,5.684341886080802e-14,658,244.95600168754325,11.641472400297447,658,0,0,658,0,0,2336,0,1532,804,0,0
5,300.0,207,262.1394773080264,5.684341886080802e-14,688,298.0911696870478,14.293911131223682,688,0,0,688,0,0,784,0,92,692,0,0
6,350.0,1016,310.8112015087987,22.372934024582364,328,337.4922438666176,8.40545781062066,328,0,8,320,0,0,431,0,130,301,0,0
Totals,7,24925,NA,NA,24925,NA,NA,24925,0,8260,16665,0,0,16665,0,1754,22226,0,0
