Age,Class,N_Initial_Age,AgeSize_Mean,AgeSize_Std,N_Initial_Class,ClassSize_Mean,ClassSize_Std,N_GrowthBack_Class,Capture_Back,PackingDeaths_Emigration_Class,N_AfterEmigration_Class,Deaths_AfterEmiMort_Age,Deaths_AfterEmiMort_Size,N_GrowthOut_Class,Capture_Out,PackingDeaths_Immigration_Class,N_Immigration_Class,Deaths_AfterImmiMort_Age,Deaths_AfterImmiMort_Size
0,50.0,625,50.447344,9.676814030499088,623,50.30901444622793,9.443189467760819,0,0,0,0,0,0,0,0,0,9104,0,0
1,100.0,656,100.50995731707319,9.998708260839162,661,100.53845839636914,9.911273651962881,625,0,0,625,0,0,625,0,0,685,0,0
2,150.0,849,150.23017785630154,9.998150215613572,851,150.4406803760282,9.756169873256761,656,0,0,656,0,0,656,0,0,656,0,0
3,200.0,809,199.79927317676146,10.29545409665841,800,199.86741999999998,9.69528250122708,1658,0,0,1658,0,0,849,0,0,849,0,0
4,250.0,806,250.43341563275433,9.912450474861371,812,250.36222783251233,9.926959004395034,1450,0,0,1450,0,0,1615,0,489,1126,0,0
5,300.0,644,299.5335807453416,10.097974625409078,642,299.61185202492214,9.727187314016641,611,0,32,579,0,0,1223,0,1030,193,0,0
6,350.0,611,350.0698068739771,10.101820538164803,611,350.12509983633385,9.973796225959909,0,0,0,0,0,0,0,0,0,0,0,0
Totals,7,5000,NA,NA,5000,NA,NA,5000,0,32,4968,0,0,4968,0,1519,12613,0,0
