Age,Class,N_Initial_Age,AgeSize_Mean,AgeSize_Std,N_Initial_Class,ClassSize_Mean,ClassSize_Std,N_GrowthBack_Class,Capture_Back,PackingDeaths_Emigration_Class,N_AfterEmigration_Class,Deaths_AfterEmiMort_Age,Deaths_AfterEmiMort_Size,N_GrowthOut_Class,Capture_Out,PackingDeaths_Immigration_Class,N_Immigration_Class,Deaths_AfterImmiMort_Age,Deaths_AfterImmiMort_Size
0,50.0,9550,50.110496246952174,10.03956755774518,9487,49.92492157287124,9.807748159800447,0,0,0,0,0,0,0,0,0,5807,0,0
1,100.0,8423,113.44465676002007,0.0,8486,113.18192930546934,3.0470461458723124,9550,0,0,9550,0,0,9550,0,0,9585,0,0
2,150.0,2808,164.79572781619694,0.0,2808,164.79572781619694,0.0,8423,0,5216,3207,0,0,3207,0,0,3207,0,0
3,200.0,1110,205.23032539160798,2.842170943040401e-14,1110,205.23032539160798,2.842170943040401e-14,3918,0,188,3730,0,0,2678,0,88,2590,0,0
4,250.0,352,237.06912928523724,2.842170943040401e-14,659,248.74833542028475,12.505914860201328,659,0,0,659,0,0,1404,0,34,1370,0,0
5,300.0,307,262.13947730802647,0.0,390,296.60434897359454,15.682023395318714,390,0,0,390,0,0,591,0,29,562,0,0
6,350.0,720,312.1076368204767,20.744222976430603,330,330.429704275883,5.338163434654886,330,0,6,324,0,0,430,0,125,305,0,0
Totals,7,23270,NA,NA,23270,NA,NA,23270,0,5410,17860,0,0,17860,0,276,23426,0,0
