Age,Class,N_Initial_Age,AgeSize_Mean,AgeSize_Std,N_Initial_Class,ClassSize_Mean,ClassSize_Std,N_GrowthBack_Class,Capture_Back,PackingDeaths_Emigration_Class,N_AfterEmigration_Class,Deaths_AfterEmiMort_Age,Deaths_AfterEmiMort_Size,N_GrowthOut_Class,Capture_Out,PackingDeaths_Immigration_Class,N_Immigration_Class,Deaths_AfterImmiMort_Age,Deaths_AfterImmiMort_Size
0,50.0,8839,49.97135708300009,10.073549021575056,8787,49.80457588372991,9.864798446452324,0,0,0,0,0,0,0,0,0,11558,0,0
1,100.0,9389,113.44465676002008,1.4210854715202004e-14,9441,113.25028061499117,2.6180029970817595,8839,0,0,8839,0,0,8839,0,0,8921,0,0
2,150.0,2691,164.79572781619694,0.0,2691,164.79572781619694,0.0,9389,0,6412,2977,0,0,2977,0,0,2977,0,0
3,200.0,1863,205.23032539160798,2.842170943040401e-14,1863,205.23032539160798,2.842170943040401e-14,4554,0,2560,1994,0,0,1174,0,0,1174,0,0
4,250.0,993,237.0691292852372,5.684341886080802e-14,1431,244.7426529987115,11.55400120636456,1431,0,0,1431,0,0,1813,0,725,1088,0,0
5,300.0,438,262.13947730802647,0.0,611,292.0335500628109,12.053731736583625,611,0,0,611,0,0,1008,0,387,621,0,0
6,350.0,945,310.04227085513503,26.724262173056566,334,342.98636787342843,8.734554310666848,334,0,0,334,0,0,375,0,47,328,0,0
Totals,7,25158,NA,NA,25158,NA,NA,25158,0,8972,16186,0,0,16186,0,1159,26667,0,0
