Age,Class,N_Initial_Age,AgeSize_Mean,AgeSize_Std,N_Initial_Class,ClassSize_Mean,ClassSize_Std,N_GrowthBack_Class,Capture_Back,PackingDeaths_Emigration_Class,N_AfterEmigration_Class,Deaths_AfterEmiMort_Age,Deaths_AfterEmiMort_Size,N_GrowthOut_Class,Capture_Out,PackingDeaths_Immigration_Class,N_Immigration_Class,Deaths_AfterImmiMort_Age,Deaths_AfterImmiMort_Size
0,50.0,9109,49.87248166040666,10.099686461853445,9046,49.67553471004129,9.85114237427645,0,0,0,0,0,0,0,0,0,8803,0,0
1,100.0,9484,113.44465676002008,1.4210854715202004e-14,9547,113.21176004709763,2.867577914652034,9109,0,0,9109,0,0,9109,0,0,9165,0,0
2,150.0,2574,164.79572781619694,0.0,2574,164.79572781619694,0.0,9484,0,7003,2481,0,0,2481,0,0,2481,0,0
3,200.0,2053,205.23032539160795,5.684341886080802e-14,2053,205.23032539160795,5.684341886080802e-14,4627,0,947,3680,0,0,2048,0,0,2048,0,0
4,250.0,674,237.06912928523727,0.0,859,242.46844754392873,10.305830882202404,859,0,0,859,0,0,2306,0,1453,853,0,0
5,300.0,185,262.13947730802647,0.0,724,299.3109815876446,13.467458388499576,724,0,19,705,0,0,791,0,126,665,0,0
6,350.0,1036,313.1459145986378,24.42613318778545,312,345.2500540215836,9.24261764735588,312,0,20,292,0,0,391,0,116,275,0,0
Totals,7,25115,NA,NA,25115,NA,NA,25115,0,7989,17126,0,0,17126,0,1695,24290,0,0
