Age,Class,N_Initial_Age,AgeSize_Mean,AgeSize_Std,N_Initial_Class,ClassSize_Mean,ClassSize_Std,N_GrowthBack_Class,Capture_Back,PackingDeaths_Emigration_Class,N_AfterEmigration_Class,Deaths_AfterEmiMort_Age,Deaths_AfterEmiMort_Size,N_GrowthOut_Class,Capture_Out,PackingDeaths_Immigration_Class,N_Immigration_Class,Deaths_AfterImmiMort_Age,Deaths_AfterImmiMort_Size
0,50.0,5977,49.9506385269245,10.111683804548944,5939,49.77099793699531,9.888048486295057,0,0,0,0,0,0,0,0,0,9198,0,0
1,100.0,6052,113.44465676002007,0.0,6090,113.22365721498423,2.7979070295262614,5977,0,0,5977,0,0,5977,0,0,6033,0,0
2,150.0,4550,164.79572781619694,0.0,4550,164.79572781619694,0.0,6052,0,664,5388,0,0,5388,0,0,5388,0,0
3,200.0,2700,205.230325391608,0.0,2700,205.230325391608,0.0,7250,0,5698,1552,0,0,998,0,0,998,0,0
4,250.0,265,237.06912928523724,2.842170943040401e-14,298,239.84537587836496,7.867269103122152,298,0,0,298,0,0,819,0,0,819,0,0
5,300.0,33,262.13947730802647,0.0,733,292.78835096431135,11.742868748388831,733,0,0,733,0,0,709,0,0,709,0,0
6,350.0,774,294.73377655190666,14.09677276184445,41,329.51419010574415,2.9655031494439372,41,0,0,41,0,0,98,0,0,98,0,0
Totals,7,20351,NA,NA,20351,NA,NA,20351,0,6362,13989,0,0,13989,0,0,23243,0,0
