Age,Class,N_Initial_Age,AgeSize_Mean,AgeSize_Std,N_Initial_Class,ClassSize_Mean,ClassSize_Std,N_GrowthBack_Class,Capture_Back,PackingDeaths_Emigration_Class,N_AfterEmigration_Class,Deaths_AfterEmiMort_Age,Deaths_AfterEmiMort_Size,N_GrowthOut_Class,Capture_Out,PackingDeaths_Immigration_Class,N_Immigration_Class,Deaths_AfterImmiMort_Age,Deaths_AfterImmiMort_Size
0,50.0,8859,49.96398843919505,10.082150989772337,8803,49.78608941742132,9.861564399499045,0,0,0,0,0,0,0,0,0,9407,0,0
1,100.0,9109,113.44465676002007,0.0,9165,113.22764941279779,2.774498590467079,8859,0,0,8859,0,0,8859,0,0,8913,0,0
2,150.0,2481,164.79572781619692,2.842170943040401e-14,2481,164.79572781619692,2.842170943040401e-14,9109,0,6341,2768,0,0,2768,0,0,2768,0,0
3,200.0,2048,205.23032539160798,2.842170943040401e-14,2048,205.23032539160798,2.842170943040401e-14,4529,0,663,3866,0,0,2114,0,0,2114,0,0
4,250.0,588,237.06912928523727,0.0,853,244.85768992537692,11.601734740967256,853,0,0,853,0,0,2340,0,1427,913,0,0
5,300.0,265,262.13947730802647,0.0,665,302.26925078399057,13.786743870482084,665,0,0,665,0,0,761,0,109,652,0,0
6,350.0,940,314.0441793278886,22.470637695192135,275,342.5180974431332,10.966514481562982,275,0,0,275,0,0,444,0,156,288,0,0
Totals,7,24290,NA,NA,24290,NA,NA,24290,0,7004,17286,0,0,17286,0,1692,25055,0,0
