Age,Class,N_Initial_Age,AgeSize_Mean,AgeSize_Std,N_Initial_Class,ClassSize_Mean,ClassSize_Std,N_GrowthBack_Class,Capture_Back,PackingDeaths_Emigration_Class,N_AfterEmigration_Class,Deaths_AfterEmiMort_Age,Deaths_AfterEmiMort_Size,N_GrowthOut_Class,Capture_Out,PackingDeaths_Immigration_Class,N_Immigration_Class,Deaths_AfterImmiMort_Age,Deaths_AfterImmiMort_Size
0,50.0,9164,49.88158947908385,10.042732161890312,9104,49.69704983424594,9.812416916138423,0,0,0,0,0,0,0,0,0,5102,0,0
1,100.0,625,113.4446567600201,2.842170943040401e-14,685,110.3297149932291,10.077412432040957,9164,0,0,9164,0,0,9164,0,0,9198,0,0
2,150.0,656,164.79572781619692,2.842170943040401e-14,656,164.79572781619692,2.842170943040401e-14,625,0,0,625,0,0,625,0,0,625,0,0
3,200.0,849,205.230325391608,0.0,849,205.230325391608,0.0,1505,0,0,1505,0,0,656,0,0,656,0,0
4,250.0,560,237.06912928523727,0.0,1126,249.67109818479204,12.534996048617579,1126,0,0,1126,0,0,1409,0,136,1273,0,0
5,300.0,566,262.13947730802647,0.0,193,289.4509791959211,7.769477539716806,193,0,0,193,0,0,759,0,102,657,0,0
6,350.0,193,289.4509791959211,7.769477539716806,0,nan,nan,0,0,0,0,0,0,0,0,0,0,0,0
Totals,7,12613,NA,NA,12613,NA,NA,12613,0,0,12613,0,0,12613,0,238,17511,0,0
