Age,Class,N_Initial_Age,AgeSize_Mean,AgeSize_Std,N_Initial_Class,ClassSize_Mean,ClassSize_Std,N_GrowthBack_Class,Capture_Back,PackingDeaths_Emigration_Class,N_AfterEmigration_Class,Deaths_AfterEmiMort_Age,Deaths_AfterEmiMort_Size,N_GrowthOut_Class,Capture_Out,PackingDeaths_Immigration_Class,N_Immigration_Class,Deaths_AfterImmiMort_Age,Deaths_AfterImmiMort_Size
0,50.0,12337,50.04336875161683,10.014230232934231,12264,49.87649939632279,9.804982981218583,0,0,0,0,0,0,0,0,0,8960,0,0
1,100.0,9409,113.44465676002007,0.0,9482,113.17237156161391,3.099228509352902,12337,0,1791,10546,0,0,10546,0,343,10269,0,0
2,150.0,1783,164.79572781619692,2.842170943040401e-14,1783,164.79572781619692,2.842170943040401e-14,9409,0,4424,4985,0,0,4985,0,0,4985,0,0
3,200.0,948,205.23032539160798,2.842170943040401e-14,948,205.23032539160798,2.842170943040401e-14,2731,0,247,2484,0,0,1621,0,0,1621,0,0
4,250.0,596,237.06912928523724,2.842170943040401e-14,1317,250.79405026050756,12.478585242642337,1317,0,0,1317,0,0,1459,0,159,1300,0,0
5,300.0,721,262.13947730802647,0.0,732,294.14374927129364,13.222667227022782,732,0,0,732,0,0,1380,0,953,427,0,0
6,350.0,1059,309.286124031494,25.691853878845947,327,343.18281615524523,9.166109999936692,327,0,21,306,0,0,379,0,79,300,0,0
Totals,7,26853,NA,NA,26853,NA,NA,26853,0,6483,20370,0,0,20370,0,1534,27862,0,0
