Age,Class,N_Initial_Age,AgeSize_Mean,AgeSize_Std,N_Initial_Class,ClassSize_Mean,ClassSize_Std,N_GrowthBack_Class,Capture_Back,PackingDeaths_Emigration_Class,N_AfterEmigration_Class,Deaths_AfterEmiMort_Age,Deaths_AfterEmiMort_Size,N_GrowthOut_Class,Capture_Out,PackingDeaths_Immigration_Class,N_Immigration_Class,Deaths_AfterImmiMort_Age,Deaths_AfterImmiMort_Size
0,50.0,8536,49.98774060352702,10.033505140796983,8487,49.82331163804749,9.823234998654867,0,0,0,0,0,0,0,0,0,6305,0,0
1,100.0,7067,113.44465676002008,1.4210854715202004e-14,7116,113.20380793179586,2.90202391070558,8536,0,0,8536,0,0,8536,0,0,8577,0,0
2,150.0,2154,164.79572781619694,0.0,2154,164.79572781619694,0.0,7067,0,1718,5349,0,0,5349,0,66,5283,0,0
3,200.0,734,205.230325391608,0.0,734,205.230325391608,0.0,2888,0,0,2888,0,0,2154,0,0,2154,0,0
4,250.0,226,237.0691292852372,5.684341886080802e-14,706,254.11412510809677,11.695815265503214,706,0,0,706,0,0,960,0,0,960,0,0
5,300.0,480,262.13947730802647,0.0,556,295.3697234824985,12.345937180619682,556,0,0,556,0,0,997,0,228,769,0,0
6,350.0,857,312.1390271692897,25.206620740202574,301,343.11488381332924,6.965849874960812,301,0,12,289,0,0,328,0,0,328,0,0
Totals,7,20054,NA,NA,20054,NA,NA,20054,0,1730,18324,0,0,18324,0,294,24376,0,0
