Age,Class,N_Initial_Age,AgeSize_Mean,AgeSize_Std,N_Initial_Class,ClassSize_Mean,ClassSize_Std,N_GrowthBack_Class,Capture_Back,PackingDeaths_Emigration_Class,N_AfterEmigration_Class,Deaths_AfterEmiMort_Age,Deaths_AfterEmiMort_Size,N_GrowthOut_Class,Capture_Out,PackingDeaths_Immigration_Class,N_Immigration_Class,Deaths_AfterImmiMort_Age,Deaths_AfterImmiMort_Size
0,50.0,9254,49.82600022350697,9.992378304657462,9198,49.6507817602115,9.763573033690006,0,0,0,0,0,0,0,0,0,8441,0,0
1,100.0,5977,113.44465676002008,1.4210854715202004e-14,6033,113.12127115739237,3.3534042902490944,9254,0,0,9254,0,0,9254,0,0,9307,0,0
2,150.0,5388,164.79572781619694,0.0,5388,164.79572781619694,0.0,5977,0,391,5586,0,0,5586,0,0,5586,0,0
3,200.0,998,205.23032539160798,2.842170943040401e-14,998,205.23032539160798,2.842170943040401e-14,6386,0,4423,1963,0,0,1656,0,0,1656,0,0
4,250.0,554,237.06912928523727,0.0,819,245.18102455512627,11.72881889496499,819,0,0,819,0,0,861,0,0,861,0,0
5,300.0,265,262.13947730802647,0.0,709,303.2119320217454,8.52118137943376,709,0,0,709,0,0,923,0,0,923,0,0
6,350.0,807,306.49597094827396,12.000260686876663,98,330.25498726366936,4.244534888143428,98,0,0,98,0,0,149,0,0,149,0,0
Totals,7,23243,NA,NA,23243,NA,NA,23243,0,4814,18429,0,0,18429,0,0,26923,0,0
