Age,Class,N_Initial_Age,AgeSize_Mean,AgeSize_Std,N_Initial_Class,ClassSize_Mean,ClassSize_Std,N_GrowthBack_Class,Capture_Back,PackingDeaths_Emigration_Class,N_AfterEmigration_Class,Deaths_AfterEmiMort_Age,Deaths_AfterEmiMort_Size,N_GrowthOut_Class,Capture_Out,PackingDeaths_Immigration_Class,N_Immigration_Class,Deaths_AfterImmiMort_Age,Deaths_AfterImmiMort_Size
0,50.0,8134,50.00291595863231,10.079688915585725,8084,49.828864567213294,9.859835639685585,0,0,0,0,0,0,0,0,0,8487,0,0
1,100.0,7544,113.44465676002008,1.4210854715202004e-14,7594,113.21222910768427,2.8705944443678497,8134,0,0,8134,0,0,8134,0,0,8179,0,0
2,150.0,1772,164.79572781619692,2.842170943040401e-14,1772,164.79572781619692,2.842170943040401e-14,7544,0,2582,4962,0,0,4962,0,0,4962,0,0
3,200.0,1121,205.23032539160798,2.842170943040401e-14,1121,205.23032539160798,2.842170943040401e-14,2893,0,0,2893,0,0,1772,0,0,1772,0,0
4,250.0,457,237.0691292852372,5.684341886080802e-14,1012,250.81818378390128,12.476260724214173,1012,0,0,1012,0,0,1578,0,250,1328,0,0
5,300.0,555,262.1394773080264,5.684341886080802e-14,685,295.09113390067563,13.038984472315486,685,0,5,680,0,0,1159,0,607,552,0,0
6,350.0,1001,310.5418304794549,25.56001604096953,316,344.03463793661876,7.856039990590826,316,0,23,293,0,0,369,0,62,307,0,0
Totals,7,20584,NA,NA,20584,NA,NA,20584,0,2610,17974,0,0,17974,0,919,25587,0,0
