Age,Class,N_Initial_Age,AgeSize_Mean,AgeSize_Std,N_Initial_Class,ClassSize_Mean,ClassSize_Std,N_GrowthBack_Class,Capture_Back,PackingDeaths_Emigration_Class,N_AfterEmigration_Class,Deaths_AfterEmiMort_Age,Deaths_AfterEmiMort_Size,N_GrowthOut_Class,Capture_Out,PackingDeaths_Immigration_Class,N_Immigration_Class,Deaths_AfterImmiMort_Age,Deaths_AfterImmiMort_Size
0,50.0,8951,49.745996856253065,9.974049048301046,8905,49.594062194375574,9.767870582086367,0,0,0,0,0,0,0,0,0,9451,0,0
1,100.0,9022,113.44465676002007,0.0,9068,113.27073084564485,2.4543229470339027,8951,0,0,8951,0,0,8951,0,0,8999,0,0
2,150.0,1995,164.79572781619697,2.842170943040401e-14,1995,164.79572781619697,2.842170943040401e-14,9022,0,4973,4049,0,0,4049,0,0,4049,0,0
3,200.0,946,205.23032539160795,5.684341886080802e-14,946,205.23032539160795,5.684341886080802e-14,2941,0,31,2910,0,0,1974,0,0,1974,0,0
4,250.0,329,237.06912928523727,0.0,1109,254.7020160821494,11.451808235048015,1109,0,0,1109,0,0,1265,0,0,1265,0,0
5,300.0,780,262.13947730802647,0.0,754,291.2545237873755,12.077004627917562,754,0,0,754,0,0,1487,0,1175,312,0,0
6,350.0,1090,307.1476950072385,26.33847810060878,336,342.81272804228814,9.182451399415003,336,0,0,336,0,0,383,0,44,339,0,0
Totals,7,23113,NA,NA,23113,NA,NA,23113,0,5004,18109,0,0,18109,0,1219,26389,0,0
