Age,Class,N_Initial_Age,AgeSize_Mean,AgeSize_Std,N_Initial_Class,ClassSize_Mean,ClassSize_Std,N_GrowthBack_Class,Capture_Back,PackingDeaths_Emigration_Class,N_AfterEmigration_Class,Deaths_AfterEmiMort_Age,Deaths_AfterEmiMort_Size,N_GrowthOut_Class,Capture_Out,PackingDeaths_Immigration_Class,N_Immigration_Class,Deaths_AfterImmiMort_Age,Deaths_AfterImmiMort_Size
0,50.0,8494,50.08959555335707,10.088018631301198,8441,49.913618585307646,9.868961599845015,0,0,0,0,0,0,0,0,0,9487,0,0
1,100.0,9254,113.44465676002005,1.4210854715202004e-14,9307,113.24347521315771,2.6664853192502043,8494,0,71,8423,0,0,8423,0,0,8486,0,0
2,150.0,5586,164.79572781619692,2.842170943040401e-14,5586,164.79572781619692,2.842170943040401e-14,9254,0,6446,2808,0,0,2808,0,0,2808,0,0
3,200.0,1656,205.23032539160798,2.842170943040401e-14,1656,205.23032539160798,2.842170943040401e-14,7242,0,5780,1462,0,0,1110,0,0,1110,0,0
4,250.0,307,237.06912928523727,0.0,861,253.20034044043496,12.008293149166999,861,0,0,861,0,0,659,0,0,659,0,0
5,300.0,554,262.1394773080264,5.684341886080802e-14,923,304.2359055129006,15.043367996015055,923,0,36,887,0,0,1170,0,780,390,0,0
6,350.0,1072,308.1732082313099,17.15309232898194,149,332.56334520508057,4.908442378741733,149,0,0,149,0,0,420,0,90,330,0,0
Totals,7,26923,NA,NA,26923,NA,NA,26923,0,12333,14590,0,0,14590,0,870,23270,0,0
