Age,Class,N_Initial_Age,AgeSize_Mean,AgeSize_Std,N_Initial_Class,ClassSize_Mean,ClassSize_Std,N_GrowthBack_Class,Capture_Back,PackingDeaths_Emigration_Class,N_AfterEmigration_Class,Deaths_AfterEmiMort_Age,Deaths_AfterEmiMort_Size,N_GrowthOut_Class,Capture_Out,PackingDeaths_Immigration_Class,N_Immigration_Class,Deaths_AfterImmiMort_Age,Deaths_AfterImmiMort_Size
0,50.0,9386,50.03296103464491,9.974983094746786,9324,49.848770916976726,9.746791566568481,0,0,0,0,0,0,0,0,0,9323,0,0
1,100.0,8532,113.44465676002007,0.0,8594,113.18701928296224,3.0269723951165792,9386,0,0,9386,0,0,9386,0,0,9452,0,0
2,150.0,3655,164.79572781619692,2.842170943040401e-14,3655,164.79572781619692,2.842170943040401e-14,8532,0,5265,3267,0,0,3267,0,0,3267,0,0
3,200.0,915,205.23032539160798,2.842170943040401e-14,915,205.23032539160798,2.842170943040401e-14,4570,0,2120,2450,0,0,1965,0,0,1965,0,0
4,250.0,320,237.06912928523724,2.842170943040401e-14,1260,255.77240479430222,10.912612492450162,1260,0,0,1260,0,0,805,0,0,805,0,0
5,300.0,940,262.13947730802647,0.0,706,295.41528266194894,13.761497275038414,706,0,6,700,0,0,1545,0,1236,309,0,0
6,350.0,1015,309.89091102727195,25.22187515152841,309,342.96467680694195,9.179740221184195,309,0,13,296,0,0,391,0,59,332,0,0
Totals,7,24763,NA,NA,24763,NA,NA,24763,0,7404,17359,0,0,17359,0,1295,25453,0,0
