Age,Class,N_Initial_Age,AgeSize_Mean,AgeSize_Std,N_Initial_Class,ClassSize_Mean,ClassSize_Std,N_GrowthBack_Class,Capture_Back,PackingDeaths_Emigration_Class,N_AfterEmigration_Class,Deaths_AfterEmiMort_Age,Deaths_AfterEmiMort_Size,N_GrowthOut_Class,Capture_Out,PackingDeaths_Immigration_Class,N_Immigration_Class,Deaths_AfterImmiMort_Age,Deaths_AfterImmiMort_Size
0,50.0,9423,50.04287784574141,9.96487095443756,9355,49.8400731706488,9.70924346557628,0,0,0,0,0,0,0,0,0,9429,0,0
1,100.0,10392,113.44465676002007,0.0,10460,113.21386486416158,2.861157667796844,9423,0,0,9423,0,0,9423,0,0,9478,0,0
2,150.0,2532,164.79572781619694,0.0,2532,164.79572781619694,0.0,10392,0,8131,2261,0,0,2261,0,0,2261,0,0
3,200.0,1889,205.23032539160798,2.842170943040401e-14,1889,205.23032539160798,2.842170943040401e-14,4421,0,923,3498,0,0,1983,0,0,1983,0,0
4,250.0,662,237.0691292852373,2.842170943040401e-14,1039,246.1658773166054,12.054369094889283,1039,0,0,1039,0,0,2177,0,1428,749,0,0
5,300.0,377,262.13947730802647,0.0,735,290.0954882396033,11.058640189499066,735,0,0,735,0,0,1087,0,500,587,0,0
6,350.0,1023,305.6767205082642,26.96409495807384,288,345.4413236939094,8.347325748819864,288,0,0,288,0,0,313,0,13,300,0,0
Totals,7,26298,NA,NA,26298,NA,NA,26298,0,9054,17244,0,0,17244,0,1941,24787,0,0
