Age,Class,N_Initial_Age,AgeSize_Mean,AgeSize_Std,N_Initial_Class,ClassSize_Mean,ClassSize_Std,N_GrowthBack_Class,Capture_Back,PackingDeaths_Emigration_Class,N_AfterEmigration_Class,Deaths_AfterEmiMort_Age,Deaths_AfterEmiMort_Size,N_GrowthOut_Class,Capture_Out,PackingDeaths_Immigration_Class,N_Immigration_Class,Deaths_AfterImmiMort_Age,Deaths_AfterImmiMort_Size
0,50.0,9499,49.856622331768,10.066602860701781,9451,49.71219682123079,9.88353161146806,0,0,0,0,0,0,0,0,0,9555,0,0
1,100.0,8951,113.44465676002007,0.0,8999,113.25716257705875,2.5683802564019134,9499,0,0,9499,0,0,9499,0,0,9561,0,0
2,150.0,4049,164.79572781619694,0.0,4049,164.79572781619694,0.0,8951,0,5860,3091,0,0,3091,0,0,3091,0,0
3,200.0,1974,205.23032539160798,2.842170943040401e-14,1974,205.23032539160798,2.842170943040401e-14,6023,0,4318,1705,0,0,1146,0,0,1146,0,0
4,250.0,936,237.06912928523718,8.526512829121202e-14,1265,243.58940161685598,10.997797292120437,1265,0,0,1265,0,0,1495,0,115,1380,0,0
5,300.0,329,262.13947730802647,0.0,312,292.19261147779093,11.635145309189053,312,0,0,312,0,0,627,0,0,627,0,0
6,350.0,651,318.59844800040696,27.377130505482068,339,342.90116479998284,9.07575177471243,339,0,4,335,0,0,349,0,27,322,0,0
Totals,7,26389,NA,NA,26389,NA,NA,26389,0,10182,16207,0,0,16207,0,142,25682,0,0
