Age,Class,N_Initial_Age,AgeSize_Mean,AgeSize_Std,N_Initial_Class,ClassSize_Mean,ClassSize_Std,N_GrowthBack_Class,Capture_Back,PackingDeaths_Emigration_Class,N_AfterEmigration_Class,Deaths_AfterEmiMort_Age,Deaths_AfterEmiMort_Size,N_GrowthOut_Class,Capture_Out,PackingDeaths_Immigration_Class,N_Immigration_Class,Deaths_AfterImmiMort_Age,Deaths_AfterImmiMort_Size
0,50.0,7067,49.97674669245301,9.974381820223439,7023,49.79900847250697,9.745275885021982,0,0,0,0,0,0,0,0,0,8487,0,0
1,100.0,9839,113.44465676002007,0.0,9883,113.28839524789906,2.3468971944933816,7067,0,0,7067,0,0,7067,0,0,7116,0,0
2,150.0,6328,164.79572781619692,2.842170943040401e-14,6328,164.79572781619692,2.842170943040401e-14,9839,0,7685,2154,0,0,2154,0,0,2154,0,0
3,200.0,1796,205.230325391608,0.0,1796,205.230325391608,0.0,8124,0,7164,960,0,0,734,0,0,734,0,0
4,250.0,480,237.06912928523718,8.526512829121202e-14,706,245.0944814851669,11.695815265503214,706,0,0,706,0,0,706,0,0,706,0,0
5,300.0,226,262.13947730802647,0.0,377,291.8428448217998,11.793886904800798,377,0,0,377,0,0,582,0,26,556,0,0
6,350.0,687,314.1585479461136,26.61056543730905,310,341.2973223908436,7.615631024855341,310,0,0,310,0,0,331,0,30,301,0,0
Totals,7,26423,NA,NA,26423,NA,NA,26423,0,14849,11574,0,0,11574,0,56,20054,0,0
