Age,Class,N_Initial_Age,AgeSize_Mean,AgeSize_Std,N_Initial_Class,ClassSize_Mean,ClassSize_Std,N_GrowthBack_Class,Capture_Back,PackingDeaths_Emigration_Class,N_AfterEmigration_Class,Deaths_AfterEmiMort_Age,Deaths_AfterEmiMort_Size,N_GrowthOut_Class,Capture_Out,PackingDeaths_Immigration_Class,N_Immigration_Class,Deaths_AfterImmiMort_Age,Deaths_AfterImmiMort_Size
0,50.0,5136,50.07643846097441,9.927362216425635,5102,49.893107650047064,9.700302192484564,0,0,0,0,0,0,0,0,0,6801,0,0
1,100.0,9164,113.44465676002007,0.0,9198,113.31210994279718,2.1806894482594315,5136,0,0,5136,0,0,5136,0,0,5179,0,0
2,150.0,625,164.79572781619692,2.842170943040401e-14,625,164.79572781619692,2.842170943040401e-14,9164,0,1688,7476,0,0,7476,0,224,7252,0,0
3,200.0,656,205.230325391608,0.0,656,205.230325391608,0.0,1281,0,0,1281,0,0,625,0,0,625,0,0
4,250.0,770,237.06912928523724,2.842170943040401e-14,1273,246.97516624946581,12.256354510341227,1273,0,0,1273,0,0,1426,0,40,1386,0,0
5,300.0,503,262.13947730802647,0.0,657,287.0951906513515,9.707707845810296,657,0,0,657,0,0,1160,0,870,290,0,0
6,350.0,657,287.09519065135146,9.707707845810296,0,nan,nan,0,0,0,0,0,0,0,0,0,0,0,0
Totals,7,17511,NA,NA,17511,NA,NA,17511,0,1688,15823,0,0,15823,0,1134,21533,0,0
