Age,Class,N_Initial_Age,AgeSize_Mean,AgeSize_Std,N_Initial_Class,ClassSize_Mean,ClassSize_Std,N_GrowthBack_Class,Capture_Back,PackingDeaths_Emigration_Class,N_AfterEmigration_Class,Deaths_AfterEmiMort_Age,Deaths_AfterEmiMort_Size,N_GrowthOut_Class,Capture_Out,PackingDeaths_Immigration_Class,N_Immigration_Class,Deaths_AfterImmiMort_Age,Deaths_AfterImmiMort_Size
0,50.0,10959,49.85603407251883,10.042473660423175,10893,49.682135028724026,9.817415446119677,0,0,0,0,0,0,0,0,0,12834,0,0
1,100.0,8881,113.44465676002007,0.0,8947,113.18730046033099,2.997412051155131,10959,0,516,10443,0,0,10443,0,0,10540,0,0
2,150.0,4076,164.79572781619694,0.0,4076,164.79572781619694,0.0,8881,0,5789,3092,0,0,3092,0,0,3092,0,0
3,200.0,2157,205.23032539160795,5.684341886080802e-14,2157,205.23032539160795,5.684341886080802e-14,6233,0,4698,1535,0,0,997,0,0,997,0,0
4,250.0,873,237.0691292852372,5.684341886080802e-14,1262,244.79683560921902,11.5766507216217,1262,0,0,1262,0,0,1411,0,142,1269,0,0
5,300.0,389,262.13947730802647,0.0,713,302.3159465960573,14.620252948372178,713,0,0,713,0,0,894,0,320,574,0,0
6,350.0,1028,312.5712182811263,20.206534290767195,315,335.783944349235,8.472779750261196,315,0,21,294,0,0,502,0,256,246,0,0
Totals,7,28363,NA,NA,28363,NA,NA,28363,0,11024,17339,0,0,17339,0,718,29552,0,0
