Age,Class,N_Initial_Age,AgeSize_Mean,AgeSize_Std,N_Initial_Class,ClassSize_Mean,ClassSize_Std,N_GrowthBack_Class,Capture_Back,PackingDeaths_Emigration_Class,N_AfterEmigration_Class,Deaths_AfterEmiMort_Age,Deaths_AfterEmiMort_Size,N_GrowthOut_Class,Capture_Out,PackingDeaths_Immigration_Class,N_Immigration_Class,Deaths_AfterImmiMort_Age,Deaths_AfterImmiMort_Size
0,50.0,6052,49.947057641321756,10.083414241860511,6014,49.76900208407428,9.860938178522122,0,0,0,0,0,0,0,0,0,5939,0,0
1,100.0,6844,113.44465676002005,1.4210854715202004e-14,6882,113.24964329805782,2.6222056178461957,6052,0,0,6052,0,0,6052,0,0,6090,0,0
2,150.0,4840,164.79572781619692,2.842170943040401e-14,4840,164.79572781619692,2.842170943040401e-14,6844,0,2294,4550,0,0,4550,0,0,4550,0,0
3,200.0,474,205.23032539160798,2.842170943040401e-14,474,205.23032539160798,2.842170943040401e-14,5314,0,2349,2965,0,0,2700,0,0,2700,0,0
4,250.0,33,237.06912928523727,0.0,673,260.9101734673845,5.413675939509903,673,0,0,673,0,0,298,0,0,298,0,0
5,300.0,640,262.13947730802647,0.0,928,288.15899519943184,10.96918316492415,928,0,111,817,0,0,1434,0,701,733,0,0
6,350.0,946,288.8959630991118,12.084472513825613,18,326.89075259371907,5.684341886080802e-14,18,0,0,18,0,0,41,0,0,41,0,0
Totals,7,19829,NA,NA,19829,NA,NA,19829,0,4754,15075,0,0,15075,0,701,20351,0,0
