Age,Class,N_Initial_Age,AgeSize_Mean,AgeSize_Std,N_Initial_Class,ClassSize_Mean,ClassSize_Std,N_GrowthBack_Class,Capture_Back,PackingDeaths_Emigration_Class,N_AfterEmigration_Class,Deaths_AfterEmiMort_Age,Deaths_AfterEmiMort_Size,N_GrowthOut_Class,Capture_Out,PackingDeaths_Immigration_Class,N_Immigration_Class,Deaths_AfterImmiMort_Age,Deaths_AfterImmiMort_Size
0,50.0,8881,50.27363293345284,10.062751549404435,8819,50.07634521112336,9.815152289937533,0,0,0,0,0,0,0,0,0,10893,0,0
1,100.0,7315,113.44465676002007,0.0,7377,113.14958789001552,3.215904941349275,8881,0,0,8881,0,0,8881,0,0,8947,0,0
2,150.0,2919,164.79572781619692,2.842170943040401e-14,2919,164.79572781619692,2.842170943040401e-14,7315,0,3239,4076,0,0,4076,0,0,4076,0,0
3,200.0,1893,205.23032539160798,2.842170943040401e-14,1893,205.23032539160798,2.842170943040401e-14,4812,0,1278,3534,0,0,2157,0,0,2157,0,0
4,250.0,660,237.06912928523724,2.842170943040401e-14,864,242.98851701284022,10.647157336262934,864,0,0,864,0,0,2037,0,775,1262,0,0
5,300.0,204,262.1394773080264,5.684341886080802e-14,675,301.77508424237294,13.410656875563468,675,0,0,675,0,0,747,0,34,713,0,0
6,350.0,911,310.7436534204578,19.536977919139595,236,336.3952813662513,8.42306217680108,236,0,0,236,0,0,368,0,53,315,0,0
Totals,7,22783,NA,NA,22783,NA,NA,22783,0,4517,18266,0,0,18266,0,862,28363,0,0
