Age,Class,N_Initial_Age,AgeSize_Mean,AgeSize_Std,N_Initial_Class,ClassSize_Mean,ClassSize_Std,N_GrowthBack_Class,Capture_Back,PackingDeaths_Emigration_Class,N_AfterEmigration_Class,Deaths_AfterEmiMort_Age,Deaths_AfterEmiMort_Size,N_GrowthOut_Class,Capture_Out,PackingDeaths_Immigration_Class,N_Immigration_Class,Deaths_AfterImmiMort_Age,Deaths_AfterImmiMort_Size
0,50.0,6844,49.7732338348969,10.095466508577404,6801,49.59673779715789,9.876802513418767,0,0,0,0,0,0,0,0,0,6014,0,0
1,100.0,5136,113.44465676002007,0.0,5179,113.1477805999279,3.2553621668222372,6844,0,0,6844,0,0,6844,0,0,6882,0,0
2,150.0,7252,164.79572781619692,2.842170943040401e-14,7252,164.79572781619692,2.842170943040401e-14,5136,0,296,4840,0,0,4840,0,0,4840,0,0
3,200.0,625,205.230325391608,0.0,625,205.230325391608,0.0,7877,0,7370,507,0,0,474,0,0,474,0,0
4,250.0,640,237.06912928523724,2.842170943040401e-14,1386,250.56298182852788,12.498460823974463,1386,0,0,1386,0,0,673,0,0,673,0,0
5,300.0,746,262.13947730802647,0.0,290,292.84660608837777,11.518615486199296,290,0,0,290,0,0,1018,0,90,928,0,0
6,350.0,290,292.8466060883777,11.518615486199296,0,nan,nan,0,0,0,0,0,0,18,0,0,18,0,0
Totals,7,21533,NA,NA,21533,NA,NA,21533,0,7666,13867,0,0,13867,0,90,19829,0,0
