Age,Class,N_Initial_Age,AgeSize_Mean,AgeSize_Std,N_Initial_Class,ClassSize_Mean,ClassSize_Std,N_GrowthBack_Class,Capture_Back,PackingDeaths_Emigration_Class,N_AfterEmigration_Class,Deaths_AfterEmiMort_Age,Deaths_AfterEmiMort_Size,N_GrowthOut_Class,Capture_Out,PackingDeaths_Immigration_Class,N_Immigration_Class,Deaths_AfterImmiMort_Age,Deaths_AfterImmiMort_Size
0,50.0,10184,49.96364289419754,9.952919441862452,10117,49.77769032877516,9.71687140843114,0,0,0,0,0,0,0,0,0,9684,0,0
1,100.0,9194,113.44465676002007,0.0,9261,113.18853476189548,3.0081224230782904,10184,0,377,9807,0,0,9807,0,0,9871,0,0
2,150.0,2538,164.79572781619694,0.0,2538,164.79572781619694,0.0,9194,0,6226,2968,0,0,2968,0,0,2968,0,0
3,200.0,1754,205.23032539160795,5.684341886080802e-14,1754,205.23032539160795,5.684341886080802e-14,4292,0,640,3652,0,0,2166,0,0,2166,0,0
4,250.0,601,237.06912928523727,0.0,1000,247.0721981463301,12.276767938010321,1000,0,0,1000,0,0,2087,0,1186,901,0,0
5,300.0,399,262.1394773080264,5.684341886080802e-14,644,297.33537862616424,14.01307537730859,644,0,0,644,0,0,954,0,203,751,0,0
6,350.0,924,309.25447942049243,22.124071024384218,280,336.6684112474474,9.238527444189202,280,0,0,280,0,0,369,0,31,338,0,0
Totals,7,25594,NA,NA,25594,NA,NA,25594,0,7243,18351,0,0,18351,0,1420,26679,0,0
