Age,Class,N_Initial_Age,AgeSize_Mean,AgeSize_Std,N_Initial_Class,ClassSize_Mean,ClassSize_Std,N_GrowthBack_Class,Capture_Back,PackingDeaths_Emigration_Class,N_AfterEmigration_Class,Deaths_AfterEmiMort_Age,Deaths_AfterEmiMort_Size,N_GrowthOut_Class,Capture_Out,PackingDeaths_Immigration_Class,N_Immigration_Class,Deaths_AfterImmiMort_Age,Deaths_AfterImmiMort_Size
0,50.0,1615,49.84040488775298,9.965800858762623,1602,49.606234232668406,9.65694927082613,0,0,0,0,0,0,0,0,4,1887,0,0
1,100.0,961,134.45931881561046,2.842170943040401e-14,13,78.69743484509931,2.583365486085124,1615,0,101,1514,0,0,0,0,0,12,0,0
2,150.0,376,181.34298546680154,5.684341886080802e-14,961,134.45931881561046,2.842170943040401e-14,961,0,46,915,0,0,1456,0,381,1075,0,0
3,200.0,192,218.2598823281493,5.684341886080802e-14,568,193.82193651852472,17.46310194561581,568,0,8,560,0,0,1184,0,497,687,0,0
4,250.0,144,247.3287963277922,0.0,228,255.76169466906128,11.04125570763814,228,0,11,217,0,0,294,0,50,244,0,0
5,300.0,84,270.2180918255227,5.684341886080802e-14,82,299.30438399818655,11.79920469338612,82,0,6,76,0,0,136,0,33,103,0,0
6,350.0,87,301.3820600812665,14.350979755095512,5,335.455947843778,8.27576358935429,5,0,1,4,0,0,10,0,1,9,0,0
Totals,7,3459,NA,NA,3459,NA,NA,3459,0,173,3286,0,0,3080,0,966,4017,0,0
