Age,Class,N_Initial_Age,AgeSize_Mean,AgeSize_Std,N_Initial_Class,ClassSize_Mean,ClassSize_Std,N_GrowthBack_Class,Capture_Back,PackingDeaths_Emigration_Class,N_AfterEmigration_Class,Deaths_AfterEmiMort_Age,Deaths_AfterEmiMort_Size,N_GrowthOut_Class,Capture_Out,PackingDeaths_Immigration_Class,N_Immigration_Class,Deaths_AfterImmiMort_Age,Deaths_AfterImmiMort_Size
0,50.0,1796,49.96118618451835,9.763112875940639,1787,49.81979007031621,9.580556921093043,0,0,0,0,0,0,0,0,92,1578,0,0
1,100.0,762,134.45931881561046,2.842170943040401e-14,9,78.03617019332128,2.074513095880333,1796,0,204,1592,0,0,0,0,0,11,0,0
2,150.0,411,181.34298546680154,5.684341886080802e-14,762,134.45931881561046,2.842170943040401e-14,762,0,74,688,0,0,1527,0,681,846,0,0
3,200.0,180,218.2598823281493,5.684341886080802e-14,591,192.58671039919173,16.990058366914514,591,0,59,532,0,0,968,0,447,521,0,0
4,250.0,167,247.32879632779213,5.684341886080802e-14,217,252.60282754846742,9.638643771695024,217,0,35,182,0,0,282,0,78,204,0,0
5,300.0,50,270.21809182552283,5.684341886080802e-14,98,296.60826074210706,10.845420452786371,98,0,26,72,0,0,100,0,21,79,0,0
6,350.0,107,299.66700615691207,14.496950680691848,9,332.97334511812267,2.571863304394423,9,0,1,8,0,0,10,0,0,10,0,0
Totals,7,3473,NA,NA,3473,NA,NA,3473,0,399,3074,0,0,2887,0,1319,3249,0,0
