Age,Class,N_Initial_Age,AgeSize_Mean,AgeSize_Std,N_Initial_Class,ClassSize_Mean,ClassSize_Std,N_GrowthBack_Class,Capture_Back,PackingDeaths_Emigration_Class,N_AfterEmigration_Class,Deaths_AfterEmiMort_Age,Deaths_AfterEmiMort_Size,N_GrowthOut_Class,Capture_Out,PackingDeaths_Immigration_Class,N_Immigration_Class,Deaths_AfterImmiMort_Age,Deaths_AfterImmiMort_Size
0,50.0,1203,49.72585830084836,10.090398547237983,1197,49.58291478800906,9.910470436852451,0,0,0,0,0,0,0,0,63,1450,0,0
1,100.0,964,134.4593188156105,0.0,6,78.2430891122898,1.5657872570873825,1203,0,27,1176,0,0,0,0,0,6,0,0
2,150.0,467,181.34298546680154,5.684341886080802e-14,964,134.4593188156105,0.0,964,0,51,889,0,0,1115,0,130,985,0,0
3,200.0,183,218.25988232814925,1.1368683772161603e-13,650,191.7365118139194,16.603353584562967,650,0,38,606,0,0,1211,0,471,740,0,0
4,250.0,93,247.3287963277921,8.526512829121202e-14,182,258.52191335690213,11.441883341156158,182,0,3,179,0,0,243,0,10,233,0,0
5,300.0,89,270.2180918255227,5.684341886080802e-14,81,298.8360339566832,11.732765239157487,81,0,3,78,0,0,149,0,39,110,0,0
6,350.0,96,304.42173392694036,16.995983289125196,15,334.58451376632917,5.205816749661152,15,0,1,14,0,0,20,0,3,17,0,0
Totals,7,3095,NA,NA,3095,NA,NA,3095,0,123,2942,0,0,2738,0,716,3541,0,0
