Age,Class,N_Initial_Age,AgeSize_Mean,AgeSize_Std,N_Initial_Class,ClassSize_Mean,ClassSize_Std,N_GrowthBack_Class,Capture_Back,PackingDeaths_Emigration_Class,N_AfterEmigration_Class,Deaths_AfterEmiMort_Age,Deaths_AfterEmiMort_Size,N_GrowthOut_Class,Capture_Out,PackingDeaths_Immigration_Class,N_Immigration_Class,Deaths_AfterImmiMort_Age,Deaths_AfterImmiMort_Size
0,50.0,1501,49.86972049439897,10.23962049979858,1493,49.71943779144435,10.057669005687254,0,0,0,0,0,0,0,0,0,1514,0,0
1,100.0,887,134.4593188156105,0.0,8,77.91622993330316,1.8047583303545425,1501,0,49,1435,0,0,0,0,0,9,0,0
2,150.0,346,181.3429854668015,2.842170943040401e-14,887,134.4593188156105,0.0,887,0,31,842,0,0,1368,0,432,936,0,0
3,200.0,170,218.2598823281493,5.684341886080802e-14,516,193.50552900639286,17.351538838682053,516,0,20,496,0,0,1089,0,391,698,0,0
4,250.0,134,247.32879632779213,5.684341886080802e-14,198,254.72735648867473,10.705565717232322,198,0,18,178,0,0,255,0,59,196,0,0
5,300.0,64,270.2180918255228,0.0,71,299.7466370356835,11.821409806896801,71,0,9,62,0,0,109,0,35,74,0,0
6,350.0,84,305.4195349858975,17.2616626697441,13,336.4022853293737,5.137394042426519,13,0,1,11,0,0,12,0,5,7,0,0
Totals,7,3186,NA,NA,3186,NA,NA,3186,0,128,3024,0,0,2833,0,922,3434,0,0
