Age,Class,N_Initial_Age,AgeSize_Mean,AgeSize_Std,N_Initial_Class,ClassSize_Mean,ClassSize_Std,N_GrowthBack_Class,Capture_Back,PackingDeaths_Emigration_Class,N_AfterEmigration_Class,Deaths_AfterEmiMort_Age,Deaths_AfterEmiMort_Size,N_GrowthOut_Class,Capture_Out,PackingDeaths_Immigration_Class,N_Immigration_Class,Deaths_AfterImmiMort_Age,Deaths_AfterImmiMort_Size
0,50.0,1299,49.92071304036476,10.170479129322512,1291,49.73813846728719,9.93163625578229,0,0,0,0,0,0,0,0,63,1263,0,0
1,100.0,725,134.4593188156105,0.0,8,79.38368477075682,2.1895177843960747,1299,0,129,1170,0,0,0,0,0,18,0,0
2,150.0,383,181.34298546680157,8.526512829121202e-14,725,134.4593188156105,0.0,725,0,94,631,0,0,1125,0,304,821,0,0
3,200.0,207,218.25988232814925,1.1368683772161603e-13,590,194.29518487408797,17.61804586667584,590,0,70,520,0,0,892,0,365,527,0,0
4,250.0,97,247.32879632779216,2.842170943040401e-14,149,255.31700683706725,10.910224732075024,149,0,17,132,0,0,242,0,54,188,0,0
5,300.0,52,270.21809182552283,5.684341886080802e-14,60,297.388429872832,11.70306111306553,60,0,8,52,0,0,89,0,26,63,0,0
6,350.0,64,300.2045867174728,15.849582915390295,4,342.44693938708303,7.845152424213131,4,0,0,4,0,0,6,0,1,5,0,0
Totals,7,2827,NA,NA,2827,NA,NA,2827,0,318,2509,0,0,2354,0,813,2885,0,0
