Age,Class,N_Initial_Age,AgeSize_Mean,AgeSize_Std,N_Initial_Class,ClassSize_Mean,ClassSize_Std,N_GrowthBack_Class,Capture_Back,PackingDeaths_Emigration_Class,N_AfterEmigration_Class,Deaths_AfterEmiMort_Age,Deaths_AfterEmiMort_Size,N_GrowthOut_Class,Capture_Out,PackingDeaths_Immigration_Class,N_Immigration_Class,Deaths_AfterImmiMort_Age,Deaths_AfterImmiMort_Size
0,50.0,1294,49.618406229795205,10.42464367607989,1283,49.37187158600142,10.11889529847053,0,0,0,0,0,0,0,0,56,1179,0,0
1,100.0,793,134.45931881561046,2.842170943040401e-14,11,78.37331059228842,2.7111840883464464,1294,0,84,1210,0,0,0,0,0,8,0,0
2,150.0,389,181.3429854668015,2.842170943040401e-14,793,134.45931881561046,2.842170943040401e-14,793,0,127,650,0,0,1169,0,314,855,0,0
3,200.0,186,218.25988232814933,2.842170943040401e-14,575,193.2847990602114,17.26985202211085,575,0,68,495,0,0,906,0,319,587,0,0
4,250.0,116,247.3287963277921,8.526512829121202e-14,196,256.6713659187025,11.249943533789695,196,0,30,164,0,0,242,0,38,204,0,0
5,300.0,80,270.2180918255227,5.684341886080802e-14,73,297.1379541153764,10.823659711763751,73,0,13,60,0,0,108,0,33,75,0,0
6,350.0,86,303.2098356070722,17.669544031683373,13,337.3057855219797,6.164085441873365,13,0,0,13,0,0,16,0,5,11,0,0
Totals,7,2944,NA,NA,2944,NA,NA,2944,0,322,2592,0,0,2441,0,765,2919,0,0
