Age,Class,N_Initial_Age,AgeSize_Mean,AgeSize_Std,N_Initial_Class,ClassSize_Mean,ClassSize_Std,N_GrowthBack_Class,Capture_Back,PackingDeaths_Emigration_Class,N_AfterEmigration_Class,Deaths_AfterEmiMort_Age,Deaths_AfterEmiMort_Size,N_GrowthOut_Class,Capture_Out,PackingDeaths_Immigration_Class,N_Immigration_Class,Deaths_AfterImmiMort_Age,Deaths_AfterImmiMort_Size
0,50.0,1447,50.17187255489732,10.021327378904807,1437,49.96296553925794,9.732094015441925,0,0,0,0,0,0,0,0,33,1524,0,0
1,100.0,1029,134.4593188156105,0.0,10,80.19181070227653,3.737261193841889,1447,0,68,1379,0,0,0,0,0,7,0,0
2,150.0,393,181.34298546680154,5.684341886080802e-14,1029,134.4593188156105,0.0,1029,0,62,967,0,0,1335,0,359,976,0,0
3,200.0,208,218.2598823281493,5.684341886080802e-14,601,194.11954877322472,17.562189496263493,601,0,59,542,0,0,1220,0,498,722,0,0
4,250.0,107,247.32879632779213,5.684341886080802e-14,182,256.7611983186152,11.266358289387409,182,0,14,168,0,0,258,0,19,239,0,0
5,300.0,75,270.2180918255227,5.684341886080802e-14,85,298.13500886557057,11.862632159321883,85,0,19,66,0,0,116,0,19,97,0,0
6,350.0,100,303.7205497784491,17.441374743048847,15,335.37194828476026,7.210009771315484,15,0,1,14,0,0,16,0,1,15,0,0
Totals,7,3359,NA,NA,3359,NA,NA,3359,0,223,3136,0,0,2945,0,929,3580,0,0
