Age,Class,N_Initial_Age,AgeSize_Mean,AgeSize_Std,N_Initial_Class,ClassSize_Mean,ClassSize_Std,N_GrowthBack_Class,Capture_Back,PackingDeaths_Emigration_Class,N_AfterEmigration_Class,Deaths_AfterEmiMort_Age,Deaths_AfterEmiMort_Size,N_GrowthOut_Class,Capture_Out,PackingDeaths_Immigration_Class,N_Immigration_Class,Deaths_AfterImmiMort_Age,Deaths_AfterImmiMort_Size
0,50.0,1255,50.31224520042649,10.087927856097892,1246,50.120440319654186,9.867118547858961,0,0,0,0,0,0,0,0,47,1209,0,0
1,100.0,690,134.45931881561046,2.842170943040401e-14,9,76.86656536068065,1.2503350593394305,1255,0,105,1150,0,0,0,0,0,5,0,0
2,150.0,321,181.3429854668015,2.842170943040401e-14,690,134.45931881561046,2.842170943040401e-14,690,0,50,640,0,0,1107,0,239,868,0,0
3,200.0,161,218.2598823281493,5.684341886080802e-14,482,193.6741481113596,17.41179736164857,482,0,54,428,0,0,835,0,276,559,0,0
4,250.0,101,247.3287963277921,8.526512829121202e-14,174,256.93177662281704,11.2954956989533,174,0,23,151,0,0,208,0,42,166,0,0
5,300.0,73,270.2180918255227,5.684341886080802e-14,46,299.4951357256925,11.424677067488624,46,0,7,39,0,0,92,0,19,73,0,0
6,350.0,53,304.1662924252102,16.19862788241684,7,334.8624650220408,6.5835625228688865,7,0,0,7,0,0,9,0,0,9,0,0
Totals,7,2654,NA,NA,2654,NA,NA,2654,0,239,2415,0,0,2251,0,623,2889,0,0
