Age,Class,N_Initial_Age,AgeSize_Mean,AgeSize_Std,N_Initial_Class,ClassSize_Mean,ClassSize_Std,N_GrowthBack_Class,Capture_Back,PackingDeaths_Emigration_Class,N_AfterEmigration_Class,Deaths_AfterEmiMort_Age,Deaths_AfterEmiMort_Size,N_GrowthOut_Class,Capture_Out,PackingDeaths_Immigration_Class,N_Immigration_Class,Deaths_AfterImmiMort_Age,Deaths_AfterImmiMort_Size
0,50.0,1504,50.644719857048806,10.093411729454369,1497,50.513368329478986,9.931196267694034,0,0,0,0,0,0,0,0,149,1458,0,0
1,100.0,785,134.45931881561046,2.842170943040401e-14,7,78.73518225305065,1.9456452897552088,1504,0,125,1379,0,0,0,0,0,9,0,0
2,150.0,461,181.34298546680154,5.684341886080802e-14,785,134.45931881561046,2.842170943040401e-14,785,0,108,667,0,0,1324,0,428,896,0,0
3,200.0,202,218.25988232814927,8.526512829121202e-14,663,192.59066746678985,16.9917381674138,663,0,143,519,0,0,954,0,396,558,0,0
4,250.0,125,247.3287963277921,8.526512829121202e-14,183,254.58332714128053,10.650017941932074,183,0,37,145,0,0,228,0,44,184,0,0
5,300.0,58,270.21809182552283,5.684341886080802e-14,79,299.75949886795905,12.312688780396101,79,0,22,55,0,0,89,0,20,69,0,0
6,350.0,90,304.65235086952674,17.56552687097419,11,339.7919243353312,5.3832068402861815,11,0,3,8,0,0,13,0,5,8,0,0
Totals,7,3225,NA,NA,3225,NA,NA,3225,0,438,2773,0,0,2608,0,1042,3182,0,0
