Age,Class,N_Initial_Age,AgeSize_Mean,AgeSize_Std,N_Initial_Class,ClassSize_Mean,ClassSize_Std,N_GrowthBack_Class,Capture_Back,PackingDeaths_Emigration_Class,N_AfterEmigration_Class,Deaths_AfterEmiMort_Age,Deaths_AfterEmiMort_Size,N_GrowthOut_Class,Capture_Out,PackingDeaths_Immigration_Class,N_Immigration_Class,Deaths_AfterImmiMort_Age,Deaths_AfterImmiMort_Size
0,50.0,1632,50.024705257636356,10.069342103373694,1623,49.86088366270062,9.851761147809741,0,0,0,0,0,0,0,0,0,1592,0,0
1,100.0,861,134.4593188156105,0.0,9,79.56719954438157,2.332227126785173,1632,0,211,1421,0,0,0,0,0,17,0,0
2,150.0,407,181.34298546680157,8.526512829121202e-14,861,134.4593188156105,0.0,861,0,19,842,0,0,1359,0,430,929,0,0
3,200.0,211,218.25988232814927,8.526512829121202e-14,618,193.94729814923582,17.505525216600386,618,0,65,553,0,0,1120,0,527,593,0,0
4,250.0,120,247.32879632779216,2.842170943040401e-14,199,256.4155015756349,11.199110199363124,199,0,9,190,0,0,284,0,38,246,0,0
5,300.0,79,270.21809182552266,1.1368683772161603e-13,82,298.6887515931875,11.02616785016237,82,0,8,74,0,0,131,0,36,95,0,0
6,350.0,105,306.68287674870396,18.178767458153153,23,335.1836707814146,5.922497945302865,23,0,4,19,0,0,25,0,5,20,0,0
Totals,7,3415,NA,NA,3415,NA,NA,3415,0,316,3099,0,0,2919,0,1036,3492,0,0
