Age,Class,N_Initial_Age,AgeSize_Mean,AgeSize_Std,N_Initial_Class,ClassSize_Mean,ClassSize_Std,N_GrowthBack_Class,Capture_Back,PackingDeaths_Emigration_Class,N_AfterEmigration_Class,Deaths_AfterEmiMort_Age,Deaths_AfterEmiMort_Size,N_GrowthOut_Class,Capture_Out,PackingDeaths_Immigration_Class,N_Immigration_Class,Deaths_AfterImmiMort_Age,Deaths_AfterImmiMort_Size
0,50.0,1777,49.94064346195091,10.044892633939487,1765,49.759136581656485,9.833370988546786,0,0,0,0,0,0,0,0,9,1623,0,0
1,100.0,983,134.4593188156105,0.0,12,76.63728043858865,1.335145829194099,1777,0,183,1594,0,0,0,0,0,6,0,0
2,150.0,450,181.34298546680154,5.684341886080802e-14,983,134.4593188156105,0.0,983,0,147,836,0,0,1532,0,699,833,0,0
3,200.0,196,218.25988232814927,8.526512829121202e-14,646,192.54377770337146,16.971763168157665,646,0,123,523,0,0,1108,0,556,552,0,0
4,250.0,125,247.3287963277921,8.526512829121202e-14,216,256.97197174581754,11.301975912946622,216,0,35,181,0,0,251,0,65,186,0,0
5,300.0,91,270.2180918255227,5.684341886080802e-14,98,298.2681819228906,11.818709700506547,98,0,12,86,0,0,143,0,50,93,0,0
6,350.0,104,300.3971575394421,14.489625653527035,6,335.1704259431155,8.627729014234793,6,0,0,6,0,0,13,0,2,11,0,0
Totals,7,3726,NA,NA,3726,NA,NA,3726,0,500,3226,0,0,3047,0,1381,3304,0,0
