Age,Class,N_Initial_Age,AgeSize_Mean,AgeSize_Std,N_Initial_Class,ClassSize_Mean,ClassSize_Std,N_GrowthBack_Class,Capture_Back,PackingDeaths_Emigration_Class,N_AfterEmigration_Class,Deaths_AfterEmiMort_Age,Deaths_AfterEmiMort_Size,N_GrowthOut_Class,Capture_Out,PackingDeaths_Immigration_Class,N_Immigration_Class,Deaths_AfterImmiMort_Age,Deaths_AfterImmiMort_Size
0,50.0,1416,49.79414931410254,10.275187683078403,1405,49.56600049134182,9.981779459230502,0,0,0,0,0,0,0,0,80,1299,0,0
1,100.0,732,134.4593188156105,0.0,11,78.9349762212678,2.9829597035463262,1416,0,99,1317,0,0,0,0,0,12,0,0
2,150.0,315,181.34298546680154,5.684341886080802e-14,732,134.4593188156105,0.0,732,0,94,638,0,0,1281,0,380,901,0,0
3,200.0,175,218.25988232814927,8.526512829121202e-14,490,194.52759148871147,17.68900519292625,490,0,58,432,0,0,837,0,270,567,0,0
4,250.0,98,247.32879632779213,5.684341886080802e-14,168,256.8660027851799,11.284574861959749,168,0,43,125,0,0,215,0,39,176,0,0
5,300.0,70,270.21809182552266,1.1368683772161603e-13,73,298.92207040072924,11.742664060188748,73,0,18,55,0,0,94,0,21,73,0,0
6,350.0,80,302.0245713852297,15.14849356431229,7,334.379224509306,6.114847316966631,7,0,1,6,0,0,11,0,2,9,0,0
Totals,7,2886,NA,NA,2886,NA,NA,2886,0,313,2573,0,0,2438,0,792,3037,0,0
