Age,Class,N_Initial_Age,AgeSize_Mean,AgeSize_Std,N_Initial_Class,ClassSize_Mean,ClassSize_Std,N_GrowthBack_Class,Capture_Back,PackingDeaths_Emigration_Class,N_AfterEmigration_Class,Deaths_AfterEmiMort_Age,Deaths_AfterEmiMort_Size,N_GrowthOut_Class,Capture_Out,PackingDeaths_Immigration_Class,N_Immigration_Class,Deaths_AfterImmiMort_Age,Deaths_AfterImmiMort_Size
0,50.0,1351,50.49467229104984,9.902105569956122,1339,50.247196655115204,9.590552541111904,0,0,0,0,0,0,0,0,29,1797,0,0
1,100.0,927,134.4593188156105,0.0,12,78.10882866742291,2.514248141718804,1351,0,158,1193,0,0,0,0,0,13,0,0
2,150.0,464,181.34298546680154,5.684341886080802e-14,927,134.4593188156105,0.0,927,0,83,844,0,0,1130,0,280,850,0,0
3,200.0,227,218.25988232814927,8.526512829121202e-14,691,193.47053335034124,17.338800902315743,691,0,118,573,0,0,1144,0,498,646,0,0
4,250.0,137,247.32879632779216,2.842170943040401e-14,210,255.2855514293842,10.900209492331088,210,0,34,176,0,0,287,0,79,208,0,0
5,300.0,73,270.2180918255227,5.684341886080802e-14,92,297.9880697960516,11.141029837002758,92,0,18,74,0,0,116,0,30,86,0,0
6,350.0,107,303.55234021292017,17.423684814920257,15,337.67986543638057,7.050093291169599,15,0,2,13,0,0,14,0,1,13,0,0
Totals,7,3286,NA,NA,3286,NA,NA,3286,0,413,2873,0,0,2691,0,917,3613,0,0
