Age,Class,N_Initial_Age,AgeSize_Mean,AgeSize_Std,N_Initial_Class,ClassSize_Mean,ClassSize_Std,N_GrowthBack_Class,Capture_Back,PackingDeaths_Emigration_Class,N_AfterEmigration_Class,Deaths_AfterEmiMort_Age,Deaths_AfterEmiMort_Size,N_GrowthOut_Class,Capture_Out,PackingDeaths_Immigration_Class,N_Immigration_Class,Deaths_AfterImmiMort_Age,Deaths_AfterImmiMort_Size
0,50.0,1388,49.669515896367855,10.106068727288513,1382,49.5447684160973,9.948258704904276,0,0,0,0,0,0,0,0,0,1721,0,0
1,100.0,891,134.45931881561046,2.842170943040401e-14,6,78.40301885201866,1.3736497260346077,1388,0,8,1380,0,0,0,0,0,9,0,0
2,150.0,485,181.34298546680157,8.526512829121202e-14,891,134.45931881561046,2.842170943040401e-14,891,0,64,827,0,0,1336,0,396,940,0,0
3,200.0,222,218.25988232814927,8.526512829121202e-14,707,192.9349955137877,17.13377782016764,707,0,74,633,0,0,1173,0,511,662,0,0
4,250.0,140,247.32879632779213,5.684341886080802e-14,205,254.58637782707257,10.651217691756882,205,0,15,190,0,0,302,0,78,224,0,0
5,300.0,65,270.2180918255228,0.0,99,297.9794938235854,12.391859839164116,99,0,9,90,0,0,123,0,29,94,0,0
6,350.0,113,302.6651110464368,17.110517488018896,14,335.79911855088534,4.907045470465822,14,0,0,14,0,0,24,0,0,24,0,0
Totals,7,3304,NA,NA,3304,NA,NA,3304,0,170,3134,0,0,2958,0,1014,3674,0,0
