Age,Class,N_Initial_Age,AgeSize_Mean,AgeSize_Std,N_Initial_Class,ClassSize_Mean,ClassSize_Std,N_GrowthBack_Class,Capture_Back,PackingDeaths_Emigration_Class,N_AfterEmigration_Class,Deaths_AfterEmiMort_Age,Deaths_AfterEmiMort_Size,N_GrowthOut_Class,Capture_Out,PackingDeaths_Immigration_Class,N_Immigration_Class,Deaths_AfterImmiMort_Age,Deaths_AfterImmiMort_Size
0,50.0,1510,49.975803570386695,10.310977344477081,1497,49.724831173383556,9.990285613985137,0,0,0,0,0,0,0,0,0,1583,0,0
1,100.0,871,134.4593188156105,0.0,13,78.87624036374694,3.6784269029741594,1510,0,54,1456,0,0,0,0,0,4,0,0
2,150.0,413,181.34298546680157,8.526512829121202e-14,871,134.4593188156105,0.0,871,0,62,809,0,0,1403,0,485,918,0,0
3,200.0,197,218.25988232814925,1.1368683772161603e-13,610,193.26532756792534,17.26249207144392,610,0,85,525,0,0,1086,0,470,616,0,0
4,250.0,138,247.32879632779213,5.684341886080802e-14,209,255.10458570740397,10.840638374282495,209,0,26,183,0,0,259,0,49,210,0,0
5,300.0,71,270.21809182552266,1.1368683772161603e-13,80,298.9684660842984,11.745548206309735,80,0,9,71,0,0,123,0,40,83,0,0
6,350.0,87,301.873529784096,14.987404573388568,7,335.07425778178316,4.041526237066194,7,0,0,7,0,0,9,0,0,9,0,0
Totals,7,3287,NA,NA,3287,NA,NA,3287,0,236,3051,0,0,2880,0,1044,3423,0,0
