Age,Class,N_Initial_Age,AgeSize_Mean,AgeSize_Std,N_Initial_Class,ClassSize_Mean,ClassSize_Std,N_GrowthBack_Class,Capture_Back,PackingDeaths_Emigration_Class,N_AfterEmigration_Class,Deaths_AfterEmiMort_Age,Deaths_AfterEmiMort_Size,N_GrowthOut_Class,Capture_Out,PackingDeaths_Immigration_Class,N_Immigration_Class,Deaths_AfterImmiMort_Age,Deaths_AfterImmiMort_Size
0,50.0,1238,49.64675993385728,9.823619842703021,1235,49.580907426810484,9.744012366849361,0,0,0,0,0,0,0,0,0,1314,0,0
1,100.0,793,134.45931881561046,2.842170943040401e-14,3,76.75604200145365,1.0346769028180818,1238,0,28,1210,0,0,0,0,0,7,0,0
2,150.0,411,181.34298546680154,5.684341886080802e-14,793,134.45931881561046,2.842170943040401e-14,793,0,67,726,0,0,1165,0,309,856,0,0
3,200.0,184,218.2598823281493,5.684341886080802e-14,595,192.7593031516553,17.062318512635493,595,0,65,530,0,0,1009,0,370,639,0,0
4,250.0,98,247.32879632779213,5.684341886080802e-14,161,256.2854771747302,11.170943683974153,161,0,15,146,0,0,232,0,34,198,0,0
5,300.0,63,270.2180918255228,0.0,58,298.723551128398,11.438645508717672,58,0,11,47,0,0,93,0,11,82,0,0
6,350.0,63,301.68628161213223,15.09326483871705,5,336.0539552234498,8.344475766508731,5,0,0,5,0,0,5,0,1,4,0,0
Totals,7,2850,NA,NA,2850,NA,NA,2850,0,186,2664,0,0,2504,0,725,3100,0,0
