Age,Class,N_Initial_Age,AgeSize_Mean,AgeSize_Std,N_Initial_Class,ClassSize_Mean,ClassSize_Std,N_GrowthBack_Class,Capture_Back,PackingDeaths_Emigration_Class,N_AfterEmigration_Class,Deaths_AfterEmiMort_Age,Deaths_AfterEmiMort_Size,N_GrowthOut_Class,Capture_Out,PackingDeaths_Immigration_Class,N_Immigration_Class,Deaths_AfterImmiMort_Age,Deaths_AfterImmiMort_Size
0,50.0,1381,49.93189766460859,9.952868246038339,1376,49.82765724271191,9.81857408049924,0,0,0,0,0,0,0,0,0,1166,0,0
1,100.0,813,134.4593188156105,0.0,5,78.61886177057343,1.958429023441124,1381,0,20,1361,0,0,0,0,0,10,0,0
2,150.0,406,181.34298546680154,5.684341886080802e-14,813,134.4593188156105,0.0,813,0,15,798,0,0,1304,0,394,910,0,0
3,200.0,154,218.25988232814936,0.0,560,191.49513210367218,16.483921529117694,560,0,68,492,0,0,1067,0,408,659,0,0
4,250.0,133,247.32879632779213,5.684341886080802e-14,196,254.68606988063414,10.689870638940874,196,0,7,189,0,0,238,0,20,218,0,0
5,300.0,63,270.2180918255228,0.0,69,297.92458305706856,11.511719239980843,69,0,7,62,0,0,107,0,20,87,0,0
6,350.0,78,302.24957117635057,16.314111655270302,9,335.40781342417927,6.911813114792915,9,0,1,8,0,0,11,0,3,8,0,0
Totals,7,3028,NA,NA,3028,NA,NA,3028,0,118,2910,0,0,2727,0,845,3058,0,0
