Age,Class,N_Initial_Age,AgeSize_Mean,AgeSize_Std,N_Initial_Class,ClassSize_Mean,ClassSize_Std,N_GrowthBack_Class,Capture_Back,PackingDeaths_Emigration_Class,N_AfterEmigration_Class,Deaths_AfterEmiMort_Age,Deaths_AfterEmiMort_Size,N_GrowthOut_Class,Capture_Out,PackingDeaths_Immigration_Class,N_Immigration_Class,Deaths_AfterImmiMort_Age,Deaths_AfterImmiMort_Size
0,50.0,1452,49.665245076401135,9.72624364799975,1447,49.55458007280267,9.556801884344958,0,0,0,0,0,0,0,0,42,1347,0,0
1,100.0,820,134.4593188156105,0.0,5,81.6916971177949,3.306660916764843,1452,0,175,1247,0,0,0,0,1,6,0,0
2,150.0,430,181.34298546680157,8.526512829121202e-14,820,134.4593188156105,0.0,820,0,106,714,0,0,1211,0,321,890,0,0
3,200.0,193,218.25988232814927,8.526512829121202e-14,623,192.77952012850315,17.070648654604984,623,0,106,517,0,0,995,0,303,692,0,0
4,250.0,92,247.3287963277921,8.526512829121202e-14,165,257.4555755480002,11.368517257619056,165,0,19,146,0,0,221,0,48,173,0,0
5,300.0,73,270.2180918255227,5.684341886080802e-14,74,298.5772887369947,11.880929019076692,74,0,14,59,0,0,104,0,24,80,0,0
6,350.0,87,304.2429049370164,17.575377113402272,13,336.49333561406337,6.395151883732288,13,0,0,13,0,0,16,0,5,11,0,0
Totals,7,3147,NA,NA,3147,NA,NA,3147,0,420,2696,0,0,2547,0,744,3199,0,0
