Age,Class,N_Initial_Age,AgeSize_Mean,AgeSize_Std,N_Initial_Class,ClassSize_Mean,ClassSize_Std,N_GrowthBack_Class,Capture_Back,PackingDeaths_Emigration_Class,N_AfterEmigration_Class,Deaths_AfterEmiMort_Age,Deaths_AfterEmiMort_Size,N_GrowthOut_Class,Capture_Out,PackingDeaths_Immigration_Class,N_Immigration_Class,Deaths_AfterImmiMort_Age,Deaths_AfterImmiMort_Size
0,50.0,1294,50.13990144299091,10.088899329541642,1286,49.97408635182263,9.896196811752176,0,0,0,0,0,0,0,0,38,1503,0,0
1,100.0,888,134.4593188156105,0.0,8,76.79467734829225,2.4425326880509686,1294,0,79,1215,0,0,0,0,0,5,0,0
2,150.0,397,181.34298546680154,5.684341886080802e-14,888,134.4593188156105,0.0,888,0,141,746,0,0,1167,0,286,881,0,0
3,200.0,170,218.2598823281493,5.684341886080802e-14,567,192.41154360865184,16.914604340243958,567,0,99,468,0,0,1008,0,324,684,0,0
4,250.0,127,247.32879632779208,1.1368683772161603e-13,192,255.0777765744197,10.83152823051813,192,0,18,174,0,0,228,0,45,183,0,0
5,300.0,65,270.2180918255228,0.0,72,298.3568720340094,11.725010526183917,72,0,14,58,0,0,103,0,24,79,0,0
6,350.0,85,303.87977804902755,17.047068667588533,13,334.4681805937431,5.8396511791801355,13,0,1,12,0,0,18,0,4,14,0,0
Totals,7,3026,NA,NA,3026,NA,NA,3026,0,352,2673,0,0,2524,0,721,3349,0,0
