Age,Class,N_Initial_Age,AgeSize_Mean,AgeSize_Std,N_Initial_Class,ClassSize_Mean,ClassSize_Std,N_GrowthBack_Class,Capture_Back,PackingDeaths_Emigration_Class,N_AfterEmigration_Class,Deaths_AfterEmiMort_Age,Deaths_AfterEmiMort_Size,N_GrowthOut_Class,Capture_Out,PackingDeaths_Immigration_Class,N_Immigration_Class,Deaths_AfterImmiMort_Age,Deaths_AfterImmiMort_Size
0,50.0,1226,50.208384977759216,10.330976721624841,1212,49.87462752968812,9.901944550309794,0,0,0,0,0,0,0,0,131,1561,0,0
1,100.0,850,134.45931881561046,2.842170943040401e-14,14,79.1022440536279,3.7040723048003916,1226,0,85,1141,0,0,0,0,0,8,0,0
2,150.0,375,181.34298546680157,8.526512829121202e-14,850,134.45931881561046,2.842170943040401e-14,850,0,85,765,0,0,1100,0,222,878,0,0
3,200.0,187,218.2598823281493,5.684341886080802e-14,562,193.6267216110578,17.39503511487725,562,0,50,512,0,0,1018,0,289,729,0,0
4,250.0,100,247.3287963277921,8.526512829121202e-14,152,255.15934478754212,10.85901691793614,152,0,17,135,0,0,240,0,48,192,0,0
5,300.0,52,270.21809182552283,5.684341886080802e-14,81,300.0887135585566,11.887884388487775,81,0,21,60,0,0,94,0,10,84,0,0
6,350.0,94,305.1721358118278,17.00850201336333,13,336.84576677451776,6.856397408881555,13,0,1,12,0,0,14,0,1,13,0,0
Totals,7,2884,NA,NA,2884,NA,NA,2884,0,259,2625,0,0,2466,0,701,3465,0,0
