Age,Class,N_Initial_Age,AgeSize_Mean,AgeSize_Std,N_Initial_Class,ClassSize_Mean,ClassSize_Std,N_GrowthBack_Class,Capture_Back,PackingDeaths_Emigration_Class,N_AfterEmigration_Class,Deaths_AfterEmiMort_Age,Deaths_AfterEmiMort_Size,N_GrowthOut_Class,Capture_Out,PackingDeaths_Immigration_Class,N_Immigration_Class,Deaths_AfterImmiMort_Age,Deaths_AfterImmiMort_Size
0,50.0,1052,50.22161680292457,10.347111126279035,1044,50.00939133407699,10.09712404954434,0,0,0,0,0,0,0,0,0,1309,0,0
1,100.0,698,134.45931881561046,2.842170943040401e-14,8,77.91704048753346,1.0522523487776207,1052,0,136,916,0,0,0,0,0,9,0,0
2,150.0,355,181.34298546680154,5.684341886080802e-14,698,134.45931881561046,2.842170943040401e-14,698,0,31,667,0,0,870,0,100,770,0,0
3,200.0,167,218.2598823281493,5.684341886080802e-14,522,193.15356358144726,17.219760124029627,522,0,30,492,0,0,926,0,402,524,0,0
4,250.0,113,247.32879632779216,2.842170943040401e-14,162,254.25210175611807,10.513678029885975,162,0,20,142,0,0,231,0,49,182,0,0
5,300.0,49,270.21809182552283,5.684341886080802e-14,63,299.32386698245074,11.984025451886948,63,0,14,49,0,0,76,0,24,52,0,0
6,350.0,73,304.04759536722827,16.34251095105635,10,333.807084191326,4.321779194805469,10,0,1,9,0,0,15,0,6,9,0,0
Totals,7,2507,NA,NA,2507,NA,NA,2507,0,232,2275,0,0,2118,0,581,2855,0,0
