Age,Class,N_Initial_Age,AgeSize_Mean,AgeSize_Std,N_Initial_Class,ClassSize_Mean,ClassSize_Std,N_GrowthBack_Class,Capture_Back,PackingDeaths_Emigration_Class,N_AfterEmigration_Class,Deaths_AfterEmiMort_Age,Deaths_AfterEmiMort_Size,N_GrowthOut_Class,Capture_Out,PackingDeaths_Immigration_Class,N_Immigration_Class,Deaths_AfterImmiMort_Age,Deaths_AfterImmiMort_Size
0,50.0,1620,49.794707210977386,9.71800247431208,1611,49.64255417026786,9.528279625147801,0,0,0,0,0,0,0,0,14,1516,0,0
1,100.0,858,134.45931881561046,2.842170943040401e-14,9,77.03010149798337,1.4629313797462165,1620,0,199,1421,0,0,0,0,0,8,0,0
2,150.0,304,181.3429854668015,2.842170943040401e-14,858,134.45931881561046,2.842170943040401e-14,858,0,65,793,0,0,1390,0,387,1003,0,0
3,200.0,197,218.25988232814925,1.1368683772161603e-13,501,195.85921038034544,18.032559225158163,501,0,46,455,0,0,993,0,269,724,0,0
4,250.0,123,247.32879632779213,5.684341886080802e-14,205,256.48451452688437,11.213418908244849,205,0,15,190,0,0,268,0,18,250,0,0
5,300.0,82,270.2180918255227,5.684341886080802e-14,73,298.05109994306304,11.023367578177615,73,0,10,63,0,0,128,0,24,104,0,0
6,350.0,79,301.07606822297,15.057702754177498,6,337.8798489618391,6.407796016481801,6,0,0,6,0,0,8,0,1,7,0,0
Totals,7,3263,NA,NA,3263,NA,NA,3263,0,335,2928,0,0,2787,0,713,3612,0,0
