Age,Class,N_Initial_Age,AgeSize_Mean,AgeSize_Std,N_Initial_Class,ClassSize_Mean,ClassSize_Std,N_GrowthBack_Class,Capture_Back,PackingDeaths_Emigration_Class,N_AfterEmigration_Class,Deaths_AfterEmiMort_Age,Deaths_AfterEmiMort_Size,N_GrowthOut_Class,Capture_Out,PackingDeaths_Immigration_Class,N_Immigration_Class,Deaths_AfterImmiMort_Age,Deaths_AfterImmiMort_Size
0,50.0,1442,50.24348656851384,9.625759712112668,1434,50.08962958664181,9.427864423698434,0,0,0,0,0,0,0,0,7,1342,0,0
1,100.0,862,134.4593188156105,0.0,8,77.82235056907368,1.9241576669529614,1442,0,232,1210,0,0,0,0,0,8,0,0
2,150.0,464,181.34298546680154,5.684341886080802e-14,862,134.4593188156105,0.0,862,0,97,765,0,0,1156,0,368,788,0,0
3,200.0,189,218.25988232814927,8.526512829121202e-14,653,192.02796786618092,16.74179035611661,653,0,113,540,0,0,1067,0,421,646,0,0
4,250.0,103,247.32879632779208,1.1368683772161603e-13,174,256.66868127226843,11.24944156982327,174,0,27,147,0,0,219,0,44,175,0,0
5,300.0,71,270.21809182552266,1.1368683772161603e-13,66,298.6254650242883,11.320156502805357,66,0,15,51,0,0,97,0,26,71,0,0
6,350.0,72,302.2516476655521,16.240278837125157,6,342.13965671945465,4.4339635150495305,6,0,2,4,0,0,6,0,2,4,0,0
Totals,7,3203,NA,NA,3203,NA,NA,3203,0,486,2717,0,0,2545,0,868,3034,0,0
