Age,Class,N_Initial_Age,AgeSize_Mean,AgeSize_Std,N_Initial_Class,ClassSize_Mean,ClassSize_Std,N_GrowthBack_Class,Capture_Back,PackingDeaths_Emigration_Class,N_AfterEmigration_Class,Deaths_AfterEmiMort_Age,Deaths_AfterEmiMort_Size,N_GrowthOut_Class,Capture_Out,PackingDeaths_Immigration_Class,N_Immigration_Class,Deaths_AfterImmiMort_Age,Deaths_AfterImmiMort_Size
0,50.0,1506,50.50673485456843,10.00627464365635,1497,50.33798610852029,9.794190192692149,0,0,0,0,0,0,0,0,0,1595,0,0
1,100.0,864,134.4593188156105,0.0,9,78.57527628057558,2.457908052803143,1506,0,54,1452,0,0,0,0,0,8,0,0
2,150.0,401,181.34298546680154,5.684341886080802e-14,864,134.4593188156105,0.0,864,0,86,778,0,0,1366,0,415,951,0,0
3,200.0,212,218.25988232814927,8.526512829121202e-14,613,194.1103298951959,17.55920424458599,613,0,53,560,0,0,1066,0,521,545,0,0
4,250.0,124,247.3287963277921,8.526512829121202e-14,173,253.81189158437476,10.313241922980925,173,0,16,157,0,0,286,0,70,216,0,0
5,300.0,49,270.21809182552283,5.684341886080802e-14,76,297.9630811435971,11.856375689985095,76,0,5,71,0,0,104,0,26,78,0,0
6,350.0,87,302.47430764804096,16.321557910894683,11,333.64278167874437,4.859068207771212,11,0,0,11,0,0,16,0,1,15,0,0
Totals,7,3243,NA,NA,3243,NA,NA,3243,0,214,3029,0,0,2838,0,1033,3408,0,0
