Age,Class,N_Initial_Age,AgeSize_Mean,AgeSize_Std,N_Initial_Class,ClassSize_Mean,ClassSize_Std,N_GrowthBack_Class,Capture_Back,PackingDeaths_Emigration_Class,N_AfterEmigration_Class,Deaths_AfterEmiMort_Age,Deaths_AfterEmiMort_Size,N_GrowthOut_Class,Capture_Out,PackingDeaths_Immigration_Class,N_Immigration_Class,Deaths_AfterImmiMort_Age,Deaths_AfterImmiMort_Size
0,50.0,1321,49.928702529806294,9.814695535831225,1315,49.80138042024793,9.6535121343152,0,0,0,0,0,0,0,0,23,1404,0,0
1,100.0,771,134.45931881561046,2.842170943040401e-14,6,77.83346487468081,1.3542744170678815,1321,0,68,1253,0,0,0,0,0,9,0,0
2,150.0,373,181.34298546680154,5.684341886080802e-14,771,134.45931881561046,2.842170943040401e-14,771,0,72,699,0,0,1204,0,331,873,0,0
3,200.0,201,218.2598823281493,5.684341886080802e-14,574,194.2703308834059,17.61025888269676,574,0,89,485,0,0,913,0,332,581,0,0
4,250.0,95,247.32879632779208,1.1368683772161603e-13,153,256.0057841635332,11.10495478157801,153,0,5,148,0,0,250,0,43,207,0,0
5,300.0,58,270.21809182552283,5.684341886080802e-14,81,297.6792582006738,11.138400182388924,81,0,13,68,0,0,115,0,22,93,0,0
6,350.0,87,300.2120902996764,14.25523572987124,6,334.4053236362116,3.9904819852490356,6,0,0,6,0,0,9,0,0,9,0,0
Totals,7,2906,NA,NA,2906,NA,NA,2906,0,247,2659,0,0,2491,0,751,3176,0,0
