Age,Class,N_Initial_Age,AgeSize_Mean,AgeSize_Std,N_Initial_Class,ClassSize_Mean,ClassSize_Std,N_GrowthBack_Class,Capture_Back,PackingDeaths_Emigration_Class,N_AfterEmigration_Class,Deaths_AfterEmiMort_Age,Deaths_AfterEmiMort_Size,N_GrowthOut_Class,Capture_Out,PackingDeaths_Immigration_Class,N_Immigration_Class,Deaths_AfterImmiMort_Age,Deaths_AfterImmiMort_Size
0,50.0,1468,49.577448584380406,10.193542052390205,1461,49.433362064619566,9.998054741048918,0,0,0,0,0,0,0,0,56,1508,0,0
1,100.0,875,134.45931881561046,2.842170943040401e-14,7,79.65036363732159,4.362591993859639,1468,0,248,1220,0,0,0,0,0,13,0,0
2,150.0,480,181.34298546680154,5.684341886080802e-14,875,134.45931881561046,2.842170943040401e-14,875,0,60,815,0,0,1183,0,315,868,0,0
3,200.0,179,218.25988232814927,8.526512829121202e-14,659,191.37048855964107,16.420520064184874,659,0,98,561,0,0,1141,0,602,539,0,0
4,250.0,146,247.32879632779216,2.842170943040401e-14,221,255.09665679082286,10.837951713784891,221,0,28,193,0,0,250,0,43,207,0,0
5,300.0,75,270.2180918255227,5.684341886080802e-14,89,297.6780755447325,11.669600974323828,89,0,17,72,0,0,120,0,27,93,0,0
6,350.0,102,302.486140269647,16.81022098189366,13,335.40289107867727,6.565751416473618,13,0,3,10,0,0,14,0,3,11,0,0
Totals,7,3325,NA,NA,3325,NA,NA,3325,0,454,2871,0,0,2708,0,1046,3239,0,0
