Age,Class,N_Initial_Age,AgeSize_Mean,AgeSize_Std,N_Initial_Class,ClassSize_Mean,ClassSize_Std,N_GrowthBack_Class,Capture_Back,PackingDeaths_Emigration_Class,N_AfterEmigration_Class,Deaths_AfterEmiMort_Age,Deaths_AfterEmiMort_Size,N_GrowthOut_Class,Capture_Out,PackingDeaths_Immigration_Class,N_Immigration_Class,Deaths_AfterImmiMort_Age,Deaths_AfterImmiMort_Size
0,50.0,1138,49.69107530883999,9.70794679304705,1133,49.55253897436819,9.501976771600544,0,0,0,0,0,0,0,0,20,1116,0,0
1,100.0,784,134.4593188156105,0.0,5,81.08340870015181,0.9988536983535153,1138,0,50,1088,0,0,0,0,0,10,0,0
2,150.0,356,181.34298546680154,5.684341886080802e-14,784,134.4593188156105,0.0,784,0,15,769,0,0,1036,0,205,831,0,0
3,200.0,146,218.25988232814936,0.0,502,192.0797722033688,16.76574660280942,502,0,16,486,0,0,1025,0,419,606,0,0
4,250.0,96,247.32879632779216,2.842170943040401e-14,150,255.56894270697512,10.98686183891068,150,0,27,123,0,0,195,0,18,177,0,0
5,300.0,54,270.2180918255229,1.1368683772161603e-13,63,295.9324786291394,11.172481398596318,63,0,12,51,0,0,88,0,21,67,0,0
6,350.0,69,299.56266229407737,15.99501739513016,6,337.67959077592644,6.343455096973845,6,0,1,5,0,0,6,0,0,6,0,0
Totals,7,2643,NA,NA,2643,NA,NA,2643,0,121,2522,0,0,2350,0,683,2813,0,0
