Age,Class,N_Initial_Age,AgeSize_Mean,AgeSize_Std,N_Initial_Class,ClassSize_Mean,ClassSize_Std,N_GrowthBack_Class,Capture_Back,PackingDeaths_Emigration_Class,N_AfterEmigration_Class,Deaths_AfterEmiMort_Age,Deaths_AfterEmiMort_Size,N_GrowthOut_Class,Capture_Out,PackingDeaths_Immigration_Class,N_Immigration_Class,Deaths_AfterImmiMort_Age,Deaths_AfterImmiMort_Size
0,50.0,1299,49.409699088499,9.913754115733743,1296,49.34921553876291,9.845093807021305,0,0,0,0,0,0,0,0,0,1311,0,0
1,100.0,780,134.4593188156105,0.0,3,75.53859257448796,0.23510008393588652,1299,0,1,1298,0,0,0,0,0,5,0,0
2,150.0,392,181.3429854668015,2.842170943040401e-14,780,134.4593188156105,0.0,780,0,46,734,0,0,1250,0,249,1001,0,0
3,200.0,170,218.2598823281493,5.684341886080802e-14,562,192.51001832521632,16.957286853163353,562,0,17,545,0,0,1031,0,389,642,0,0
4,250.0,111,247.32879632779208,1.1368683772161603e-13,167,255.00424871026465,10.806161593534068,167,0,5,162,0,0,256,0,31,225,0,0
5,300.0,56,270.2180918255228,0.0,68,298.6638891780376,12.126662417501665,68,0,8,60,0,0,94,0,17,77,0,0
6,350.0,73,301.1306137295645,14.900193281450552,5,334.6780676303303,5.769341310690986,5,0,0,5,0,0,12,0,1,11,0,0
Totals,7,2881,NA,NA,2881,NA,NA,2881,0,77,2804,0,0,2643,0,687,3272,0,0
