Age,Class,N_Initial_Age,AgeSize_Mean,AgeSize_Std,N_Initial_Class,ClassSize_Mean,ClassSize_Std,N_GrowthBack_Class,Capture_Back,PackingDeaths_Emigration_Class,N_AfterEmigration_Class,Deaths_AfterEmiMort_Age,Deaths_AfterEmiMort_Size,N_GrowthOut_Class,Capture_Out,PackingDeaths_Immigration_Class,N_Immigration_Class,Deaths_AfterImmiMort_Age,Deaths_AfterImmiMort_Size
0,50.0,1238,49.6304106277734,10.435620755098533,1232,49.48279182057375,10.238812914783963,0,0,0,0,0,0,0,0,89,1328,0,0
1,100.0,770,134.45931881561046,2.842170943040401e-14,6,79.94147237276756,4.598490164880081,1238,0,80,1158,0,0,0,0,0,11,0,0
2,150.0,402,181.34298546680154,5.684341886080802e-14,770,134.45931881561046,2.842170943040401e-14,770,0,49,721,0,0,1104,0,215,889,0,0
3,200.0,186,218.25988232814933,2.842170943040401e-14,588,193.02077937192175,17.167907346934786,588,0,67,521,0,0,980,0,280,700,0,0
4,250.0,122,247.32879632779213,5.684341886080802e-14,182,254.87471792045056,10.760106712041283,182,0,12,170,0,0,246,0,38,208,0,0
5,300.0,60,270.21809182552283,5.684341886080802e-14,77,297.7134177776944,12.106236561869023,77,0,17,60,0,0,95,0,18,77,0,0
6,350.0,81,299.530136628297,14.263538903409454,4,334.50197450239494,3.4599109852349894,4,0,0,4,0,0,12,0,3,9,0,0
Totals,7,2859,NA,NA,2859,NA,NA,2859,0,225,2634,0,0,2437,0,643,3222,0,0
