Age,Class,N_Initial_Age,AgeSize_Mean,AgeSize_Std,N_Initial_Class,ClassSize_Mean,ClassSize_Std,N_GrowthBack_Class,Capture_Back,PackingDeaths_Emigration_Class,N_AfterEmigration_Class,Deaths_AfterEmiMort_Age,Deaths_AfterEmiMort_Size,N_GrowthOut_Class,Capture_Out,PackingDeaths_Immigration_Class,N_Immigration_Class,Deaths_AfterImmiMort_Age,Deaths_AfterImmiMort_Size
0,50.0,32609,49.99272187477177,10.007776646508267,32389,49.801148553122765,9.764676573630107,0,0,0,0,0,0,0,0,46,1933,0,0
1,100.0,1234,134.45931881561046,2.842170943040401e-14,220,78.19666876063285,2.6349758710274833,32609,0,23028,9581,0,0,0,0,0,13,0,0
2,150.0,815,181.34298546680154,5.684341886080802e-14,1234,134.45931881561046,2.842170943040401e-14,1234,0,94,1140,0,0,9345,0,7063,2282,0,0
3,200.0,164,218.2598823281493,5.684341886080802e-14,979,187.52722559474947,13.786157151619221,979,0,121,858,0,0,1748,0,1021,727,0,0
4,250.0,255,247.32879632779213,5.684341886080802e-14,303,250.95482333733358,8.357579304453111,303,0,46,257,0,0,334,0,77,257,0,0
5,300.0,48,270.2180918255228,0.0,96,294.74607141832047,7.071254050882073,96,0,15,81,0,0,108,0,14,94,0,0
6,350.0,96,294.74607141832047,7.071254050882073,0,nan,nan,0,0,0,0,0,0,0,0,0,0,0,0
Totals,7,35221,NA,NA,35221,NA,NA,35221,0,23304,11917,0,0,11535,0,8221,5306,0,0
