Age,Class,N_Initial_Age,AgeSize_Mean,AgeSize_Std,N_Initial_Class,ClassSize_Mean,ClassSize_Std,N_GrowthBack_Class,Capture_Back,PackingDeaths_Emigration_Class,N_AfterEmigration_Class,Deaths_AfterEmiMort_Age,Deaths_AfterEmiMort_Size,N_GrowthOut_Class,Capture_Out,PackingDeaths_Immigration_Class,N_Immigration_Class,Deaths_AfterImmiMort_Age,Deaths_AfterImmiMort_Size
0,50.0,1647,49.91723628902111,9.966667212414752,1635,49.71374904879151,9.713338069927854,0,0,0,0,0,0,0,0,175,1708,0,0
1,100.0,848,134.4593188156105,0.0,12,77.64237277030277,2.0703854472006515,1647,0,392,1255,0,0,0,0,0,12,0,0
2,150.0,411,181.34298546680154,5.684341886080802e-14,848,134.4593188156105,0.0,848,0,166,682,0,0,1199,0,480,719,0,0
3,200.0,212,218.25988232814927,8.526512829121202e-14,623,193.90539659778986,17.491456846945756,623,0,137,486,0,0,916,0,364,552,0,0
4,250.0,97,247.32879632779216,2.842170943040401e-14,168,257.002248591714,11.30676030743216,168,0,29,139,0,0,226,0,53,173,0,0
5,300.0,71,270.21809182552266,1.1368683772161603e-13,103,297.1866223090279,11.411010352217605,103,0,29,74,0,0,112,0,30,82,0,0
6,350.0,110,299.7035792552367,14.762242321227061,7,336.738802892309,6.612776035850164,7,0,1,6,0,0,11,0,2,9,0,0
Totals,7,3396,NA,NA,3396,NA,NA,3396,0,754,2642,0,0,2464,0,1104,3255,0,0
