Age,Class,N_Initial_Age,AgeSize_Mean,AgeSize_Std,N_Initial_Class,ClassSize_Mean,ClassSize_Std,N_GrowthBack_Class,Capture_Back,PackingDeaths_Emigration_Class,N_AfterEmigration_Class,Deaths_AfterEmiMort_Age,Deaths_AfterEmiMort_Size,N_GrowthOut_Class,Capture_Out,PackingDeaths_Immigration_Class,N_Immigration_Class,Deaths_AfterImmiMort_Age,Deaths_AfterImmiMort_Size
0,50.0,2196,49.8304042396332,10.107106785356356,2187,49.71399815870245,9.96258333973861,0,0,0,0,0,0,0,0,118,1935,0,0
1,100.0,4456,113.44465676002007,0.0,4465,113.37344776255355,1.586738320585774,2196,0,200,1996,0,0,1946,0,276,1678,0,0
2,150.0,1051,164.79572781619694,0.0,1051,164.79572781619694,0.0,4456,0,1629,2827,0,0,2793,0,1314,1479,0,0
3,200.0,609,205.23032539160798,2.842170943040401e-14,609,205.23032539160798,2.842170943040401e-14,1660,0,592,1068,0,0,647,0,183,464,0,0
4,250.0,166,237.0691292852373,2.842170943040401e-14,335,249.7165585862861,12.534671365691533,335,0,63,272,0,0,518,0,194,324,0,0
5,300.0,169,262.13947730802647,0.0,98,299.180497751433,10.740680335391549,98,0,11,87,0,0,205,0,83,122,0,0
6,350.0,98,299.18049775143305,10.740680335391549,0,nan,nan,0,0,0,0,0,0,0,0,0,0,0,0
Totals,7,8745,NA,NA,8745,NA,NA,8745,0,2495,6250,0,0,6109,0,2168,6002,0,0
