Age,Class,N_Initial_Age,AgeSize_Mean,AgeSize_Std,N_Initial_Class,ClassSize_Mean,ClassSize_Std,N_GrowthBack_Class,Capture_Back,PackingDeaths_Emigration_Class,N_AfterEmigration_Class,Deaths_AfterEmiMort_Age,Deaths_AfterEmiMort_Size,N_GrowthOut_Class,Capture_Out,PackingDeaths_Immigration_Class,N_Immigration_Class,Deaths_AfterImmiMort_Age,Deaths_AfterImmiMort_Size
0,50.0,1709,50.12384084754597,10.159777082129855,1699,49.949181634097805,9.926000977445634,0,0,0,0,0,0,0,0,0,1510,0,0
1,100.0,1238,113.44465676002007,0.0,1248,113.17505567390123,3.0200069652390247,1709,0,133,1576,0,0,1539,0,63,1484,0,0
2,150.0,783,164.7957278161969,5.684341886080802e-14,783,164.7957278161969,5.684341886080802e-14,1238,0,258,980,0,0,899,0,53,846,0,0
3,200.0,455,205.23032539160795,5.684341886080802e-14,455,205.23032539160795,5.684341886080802e-14,1238,0,376,862,0,0,495,0,68,427,0,0
4,250.0,177,237.06912928523727,0.0,267,245.5198083940426,11.85105433649956,267,0,32,235,0,0,434,0,156,278,0,0
5,300.0,90,262.1394773080264,5.684341886080802e-14,104,289.9988995440388,11.841284387205508,104,0,23,81,0,0,149,0,46,103,0,0
6,350.0,121,296.29243376225,19.219186204997804,17,334.79405486189495,6.827720380624563,17,0,1,16,0,0,17,0,2,15,0,0
Totals,7,4573,NA,NA,4573,NA,NA,4573,0,823,3750,0,0,3533,0,388,4663,0,0
