Age,Class,N_Initial_Age,AgeSize_Mean,AgeSize_Std,N_Initial_Class,ClassSize_Mean,ClassSize_Std,N_GrowthBack_Class,Capture_Back,PackingDeaths_Emigration_Class,N_AfterEmigration_Class,Deaths_AfterEmiMort_Age,Deaths_AfterEmiMort_Size,N_GrowthOut_Class,Capture_Out,PackingDeaths_Immigration_Class,N_Immigration_Class,Deaths_AfterImmiMort_Age,Deaths_AfterImmiMort_Size
0,50.0,1999,49.85519415666889,9.850986420588498,1990,49.72608322442162,9.68141710165568,0,0,0,0,0,0,0,0,26,1841,0,0
1,100.0,1290,113.44465676002008,1.4210854715202004e-14,1299,113.20187430562582,2.9193825093439965,1999,0,182,1817,0,0,1779,0,301,1499,0,0
2,150.0,839,164.7957278161969,5.684341886080802e-14,839,164.7957278161969,5.684341886080802e-14,1290,0,324,966,0,0,912,0,184,728,0,0
3,200.0,425,205.23032539160798,2.842170943040401e-14,425,205.23032539160798,2.842170943040401e-14,1264,0,511,753,0,0,491,0,127,364,0,0
4,250.0,187,237.06912928523724,2.842170943040401e-14,283,245.57355829650143,11.869443215242502,283,0,78,205,0,0,371,0,152,219,0,0
5,300.0,96,262.13947730802647,0.0,122,292.7452745860757,13.369823498614014,122,0,31,91,0,0,132,0,47,85,0,0
6,350.0,140,298.26710247904055,19.22389289937977,18,335.69282486469115,7.44679816510981,18,0,3,15,0,0,25,0,5,20,0,0
Totals,7,4976,NA,NA,4976,NA,NA,4976,0,1129,3847,0,0,3710,0,842,4756,0,0
