Age,Class,N_Initial_Age,AgeSize_Mean,AgeSize_Std,N_Initial_Class,ClassSize_Mean,ClassSize_Std,N_GrowthBack_Class,Capture_Back,PackingDeaths_Emigration_Class,N_AfterEmigration_Class,Deaths_AfterEmiMort_Age,Deaths_AfterEmiMort_Size,N_GrowthOut_Class,Capture_Out,PackingDeaths_Immigration_Class,N_Immigration_Class,Deaths_AfterImmiMort_Age,Deaths_AfterImmiMort_Size
0,50.0,1867,49.84407550441051,9.938824736297256,1849,49.56765140679715,9.57575593828462,0,0,0,0,0,0,0,0,0,1628,0,0
1,100.0,1187,113.44465676002005,1.4210854715202004e-14,1205,112.91876273005008,4.2923241181076985,1867,0,62,1805,0,0,1749,0,177,1583,0,0
2,150.0,741,164.79572781619692,2.842170943040401e-14,741,164.79572781619692,2.842170943040401e-14,1187,0,174,1013,0,0,953,0,155,798,0,0
3,200.0,372,205.23032539160798,2.842170943040401e-14,372,205.23032539160798,2.842170943040401e-14,1113,0,344,769,0,0,492,0,82,410,0,0
4,250.0,195,237.06912928523724,2.842170943040401e-14,306,246.16327513664118,12.053626537191777,306,0,54,252,0,0,399,0,133,266,0,0
5,300.0,111,262.13947730802636,1.1368683772161603e-13,85,295.78825099323086,13.32118182739189,85,0,2,83,0,0,156,0,25,131,0,0
6,350.0,99,301.5939317472929,19.287605532493043,14,336.8427077540982,10.302252997812106,14,0,0,14,0,0,21,0,1,20,0,0
Totals,7,4572,NA,NA,4572,NA,NA,4572,0,636,3936,0,0,3770,0,573,4836,0,0
