Age,Class,N_Initial_Age,AgeSize_Mean,AgeSize_Std,N_Initial_Class,ClassSize_Mean,ClassSize_Std,N_GrowthBack_Class,Capture_Back,PackingDeaths_Emigration_Class,N_AfterEmigration_Class,Deaths_AfterEmiMort_Age,Deaths_AfterEmiMort_Size,N_GrowthOut_Class,Capture_Out,PackingDeaths_Immigration_Class,N_Immigration_Class,Deaths_AfterImmiMort_Age,Deaths_AfterImmiMort_Size
0,50.0,1509,49.606183532034215,10.160923935989494,1499,49.41537446195882,9.920323278109434,0,0,0,0,0,0,0,0,0,1751,0,0
1,100.0,1095,113.44465676002007,0.0,1105,113.12577717971524,3.342176219840877,1509,0,54,1455,0,0,1417,0,49,1381,0,0
2,150.0,711,164.79572781619694,0.0,711,164.79572781619694,0.0,1095,0,58,1037,0,0,952,0,77,875,0,0
3,200.0,374,205.230325391608,0.0,374,205.230325391608,0.0,1085,0,201,884,0,0,537,0,43,494,0,0
4,250.0,150,237.06912928523732,5.684341886080802e-14,259,247.6199707311215,12.377116456000476,259,0,13,246,0,0,424,0,140,284,0,0
5,300.0,109,262.1394773080264,5.684341886080802e-14,76,293.89704680211673,13.401821049212922,76,0,1,75,0,0,163,0,54,109,0,0
6,350.0,90,300.63029013869004,20.14986377444216,14,337.1821825372312,7.275746464679328,14,0,0,14,0,0,21,0,0,21,0,0
Totals,7,4038,NA,NA,4038,NA,NA,4038,0,327,3711,0,0,3514,0,363,4915,0,0
