Age,Class,N_Initial_Age,AgeSize_Mean,AgeSize_Std,N_Initial_Class,ClassSize_Mean,ClassSize_Std,N_GrowthBack_Class,Capture_Back,PackingDeaths_Emigration_Class,N_AfterEmigration_Class,Deaths_AfterEmiMort_Age,Deaths_AfterEmiMort_Size,N_GrowthOut_Class,Capture_Out,PackingDeaths_Immigration_Class,N_Immigration_Class,Deaths_AfterImmiMort_Age,Deaths_AfterImmiMort_Size
0,50.0,1481,49.812897486572105,10.03372473459165,1473,49.64704012541958,9.800877694521128,0,0,0,0,0,0,0,0,15,1592,0,0
1,100.0,1132,113.44465676002005,1.4210854715202004e-14,1140,113.21242326773066,2.779447002896157,1481,0,8,1473,0,0,1420,0,81,1347,0,0
2,150.0,733,164.79572781619692,2.842170943040401e-14,733,164.79572781619692,2.842170943040401e-14,1132,0,68,1064,0,0,983,0,82,901,0,0
3,200.0,348,205.230325391608,0.0,348,205.230325391608,0.0,1081,0,222,859,0,0,548,0,28,520,0,0
4,250.0,132,237.06912928523727,0.0,230,247.75127757320828,12.397454705070444,230,0,19,211,0,0,384,0,77,307,0,0
5,300.0,98,262.1394773080264,5.684341886080802e-14,105,293.02922809288555,13.002914666192037,105,0,13,92,0,0,166,0,37,129,0,0
6,350.0,117,297.70553750196143,18.78518380821719,12,338.6232448313762,9.777255782557393,12,0,2,10,0,0,17,0,3,14,0,0
Totals,7,4041,NA,NA,4041,NA,NA,4041,0,332,3709,0,0,3518,0,323,4810,0,0
