Age,Class,N_Initial_Age,AgeSize_Mean,AgeSize_Std,N_Initial_Class,ClassSize_Mean,ClassSize_Std,N_GrowthBack_Class,Capture_Back,PackingDeaths_Emigration_Class,N_AfterEmigration_Class,Deaths_AfterEmiMort_Age,Deaths_AfterEmiMort_Size,N_GrowthOut_Class,Capture_Out,PackingDeaths_Immigration_Class,N_Immigration_Class,Deaths_AfterImmiMort_Age,Deaths_AfterImmiMort_Size
0,50.0,1600,50.451187026506815,9.625627903634118,1594,50.35047021319551,9.502105077911093,0,0,0,0,0,0,0,0,35,2053,0,0
1,100.0,1226,113.44465676002005,1.4210854715202004e-14,1232,113.26818093373528,2.5242866911335033,1600,0,28,1572,0,0,1523,0,63,1470,0,0
2,150.0,734,164.79572781619692,2.842170943040401e-14,734,164.79572781619692,2.842170943040401e-14,1226,0,156,1070,0,0,978,0,63,915,0,0
3,200.0,388,205.23032539160798,2.842170943040401e-14,388,205.23032539160798,2.842170943040401e-14,1122,0,266,856,0,0,523,0,50,473,0,0
4,250.0,187,237.06912928523724,2.842170943040401e-14,295,246.2474261884957,12.077332635015642,295,0,34,261,0,0,423,0,117,306,0,0
5,300.0,108,262.1394773080264,5.684341886080802e-14,109,293.3705085471949,12.233252525937454,109,0,12,97,0,0,174,0,36,138,0,0
6,350.0,127,299.0895323638426,18.325776164046083,18,333.7213988090982,8.114214682034026,18,0,1,17,0,0,20,0,2,18,0,0
Totals,7,4370,NA,NA,4370,NA,NA,4370,0,497,3873,0,0,3641,0,366,5373,0,0
