Age,Class,N_Initial_Age,AgeSize_Mean,AgeSize_Std,N_Initial_Class,ClassSize_Mean,ClassSize_Std,N_GrowthBack_Class,Capture_Back,PackingDeaths_Emigration_Class,N_AfterEmigration_Class,Deaths_AfterEmiMort_Age,Deaths_AfterEmiMort_Size,N_GrowthOut_Class,Capture_Out,PackingDeaths_Immigration_Class,N_Immigration_Class,Deaths_AfterImmiMort_Age,Deaths_AfterImmiMort_Size
0,50.0,1244,49.7503883402394,10.002962515318242,1236,49.5808297917323,9.809867049667059,0,0,0,0,0,0,0,0,0,1221,0,0
1,100.0,1267,113.4446567600201,2.842170943040401e-14,1275,113.20937850009577,2.9613610698613777,1244,0,21,1223,0,0,1199,0,21,1187,0,0
2,150.0,751,164.79572781619692,2.842170943040401e-14,751,164.79572781619692,2.842170943040401e-14,1267,0,185,1082,0,0,1004,0,115,889,0,0
3,200.0,334,205.23032539160798,2.842170943040401e-14,334,205.23032539160798,2.842170943040401e-14,1085,0,259,826,0,0,527,0,74,453,0,0
4,250.0,145,237.0691292852373,2.842170943040401e-14,224,245.91090381113165,11.978705595198905,224,0,18,206,0,0,370,0,88,282,0,0
5,300.0,79,262.1394773080263,1.7053025658242404e-13,84,291.3013680321918,12.120298616266675,84,0,14,70,0,0,125,0,38,87,0,0
6,350.0,95,296.2473788804166,17.934187943804503,11,334.0169162668607,6.528156777405055,11,0,1,10,0,0,14,0,2,12,0,0
Totals,7,3915,NA,NA,3915,NA,NA,3915,0,498,3417,0,0,3239,0,338,4131,0,0
