Age,Class,N_Initial_Age,AgeSize_Mean,AgeSize_Std,N_Initial_Class,ClassSize_Mean,ClassSize_Std,N_GrowthBack_Class,Capture_Back,PackingDeaths_Emigration_Class,N_AfterEmigration_Class,Deaths_AfterEmiMort_Age,Deaths_AfterEmiMort_Size,N_GrowthOut_Class,Capture_Out,PackingDeaths_Immigration_Class,N_Immigration_Class,Deaths_AfterImmiMort_Age,Deaths_AfterImmiMort_Size
0,50.0,1704,50.35511548634929,9.996187067319635,1691,50.13887672109345,9.722722864960438,0,0,0,0,0,0,0,0,33,1624,0,0
1,100.0,1315,113.44465676002008,1.4210854715202004e-14,1328,113.10240955782874,3.447991645950874,1704,0,155,1549,0,0,1507,0,91,1426,0,0
2,150.0,938,164.79572781619692,2.842170943040401e-14,938,164.79572781619692,2.842170943040401e-14,1315,0,239,1076,0,0,1003,0,128,875,0,0
3,200.0,414,205.23032539160798,2.842170943040401e-14,414,205.23032539160798,2.842170943040401e-14,1352,0,454,898,0,0,599,0,133,466,0,0
4,250.0,179,237.06912928523724,2.842170943040401e-14,278,245.99705897680604,12.004931316464381,278,0,29,249,0,0,400,0,115,285,0,0
5,300.0,99,262.1394773080264,5.684341886080802e-14,125,293.1096953589281,13.552626663823483,125,0,27,98,0,0,159,0,41,118,0,0
6,350.0,138,296.901685408691,17.614255649946326,13,333.36312819487205,7.730399562120668,13,0,0,13,0,0,19,0,4,15,0,0
Totals,7,4787,NA,NA,4787,NA,NA,4787,0,904,3883,0,0,3687,0,545,4809,0,0
