Age,Class,N_Initial_Age,AgeSize_Mean,AgeSize_Std,N_Initial_Class,ClassSize_Mean,ClassSize_Std,N_GrowthBack_Class,Capture_Back,PackingDeaths_Emigration_Class,N_AfterEmigration_Class,Deaths_AfterEmiMort_Age,Deaths_AfterEmiMort_Size,N_GrowthOut_Class,Capture_Out,PackingDeaths_Immigration_Class,N_Immigration_Class,Deaths_AfterImmiMort_Age,Deaths_AfterImmiMort_Size
0,50.0,1612,50.3469111025798,9.960029305837972,1599,50.12487805089953,9.688254797646252,0,0,0,0,0,0,0,0,0,1982,0,0
1,100.0,1328,113.44465676002008,1.4210854715202004e-14,1341,113.0977217533758,3.51218560557383,1612,0,93,1519,0,0,1464,0,34,1435,0,0
2,150.0,927,164.79572781619694,0.0,927,164.79572781619694,0.0,1328,0,187,1141,0,0,1046,0,90,956,0,0
3,200.0,483,205.23032539160798,2.842170943040401e-14,483,205.23032539160798,2.842170943040401e-14,1410,0,464,946,0,0,576,0,88,488,0,0
4,250.0,203,237.0691292852372,5.684341886080802e-14,299,245.11847179422642,11.705037515017612,299,0,33,266,0,0,488,0,144,344,0,0
5,300.0,96,262.13947730802647,0.0,113,295.0447076057785,12.78317792381352,113,0,6,107,0,0,161,0,28,133,0,0
6,350.0,137,302.16093806626924,19.50421554378483,24,335.66652315107996,6.409960610836436,24,0,1,23,0,0,33,0,5,28,0,0
Totals,7,4786,NA,NA,4786,NA,NA,4786,0,784,4002,0,0,3768,0,389,5366,0,0
