Age,Class,N_Initial_Age,AgeSize_Mean,AgeSize_Std,N_Initial_Class,ClassSize_Mean,ClassSize_Std,N_GrowthBack_Class,Capture_Back,PackingDeaths_Emigration_Class,N_AfterEmigration_Class,Deaths_AfterEmiMort_Age,Deaths_AfterEmiMort_Size,N_GrowthOut_Class,Capture_Out,PackingDeaths_Immigration_Class,N_Immigration_Class,Deaths_AfterImmiMort_Age,Deaths_AfterImmiMort_Size
0,50.0,1355,50.05712543091512,9.838461944146868,1344,49.82410790939858,9.529325461624504,0,0,0,0,0,0,0,0,12,1559,0,0
1,100.0,1181,113.44465676002008,1.4210854715202004e-14,1192,113.12243587436409,3.3540832347596474,1355,0,38,1317,0,0,1280,0,63,1227,0,0
2,150.0,764,164.79572781619692,2.842170943040401e-14,764,164.79572781619692,2.842170943040401e-14,1181,0,172,1009,0,0,940,0,167,773,0,0
3,200.0,399,205.230325391608,0.0,399,205.230325391608,0.0,1163,0,349,814,0,0,518,0,121,397,0,0
4,250.0,186,237.06912928523724,2.842170943040401e-14,275,245.18280555443087,11.729490407159812,275,0,13,262,0,0,428,0,152,276,0,0
5,300.0,89,262.13947730802647,0.0,90,291.9737594349112,12.16882362753156,90,0,11,79,0,0,146,0,61,85,0,0
6,350.0,104,297.929346022467,19.020077413538964,14,336.21525979961115,6.45089108612473,14,0,0,14,0,0,17,0,2,15,0,0
Totals,7,4078,NA,NA,4078,NA,NA,4078,0,583,3495,0,0,3329,0,578,4332,0,0
