Age,Class,N_Initial_Age,AgeSize_Mean,AgeSize_Std,N_Initial_Class,ClassSize_Mean,ClassSize_Std,N_GrowthBack_Class,Capture_Back,PackingDeaths_Emigration_Class,N_AfterEmigration_Class,Deaths_AfterEmiMort_Age,Deaths_AfterEmiMort_Size,N_GrowthOut_Class,Capture_Out,PackingDeaths_Immigration_Class,N_Immigration_Class,Deaths_AfterImmiMort_Age,Deaths_AfterImmiMort_Size
0,50.0,1560,49.6947670548306,9.764200986979896,1550,49.51251951460009,9.524296041936388,0,0,0,0,0,0,0,0,7,1532,0,0
1,100.0,1314,113.44465676002008,1.4210854715202004e-14,1324,113.1765183841178,3.0852779526712255,1560,0,142,1418,0,0,1373,0,112,1270,0,0
2,150.0,759,164.79572781619692,2.842170943040401e-14,759,164.79572781619692,2.842170943040401e-14,1314,0,316,998,0,0,924,0,117,807,0,0
3,200.0,442,205.23032539160798,2.842170943040401e-14,442,205.23032539160798,2.842170943040401e-14,1201,0,461,740,0,0,446,0,87,359,0,0
4,250.0,191,237.06912928523727,0.0,302,246.2837273995737,12.0873637823894,302,0,37,265,0,0,418,0,164,254,0,0
5,300.0,111,262.13947730802636,1.1368683772161603e-13,111,293.9620270706276,13.506334604927762,111,0,16,95,0,0,168,0,71,97,0,0
6,350.0,128,299.20247928060536,18.570415940441034,17,333.4195495928133,7.44126539821982,17,0,2,15,0,0,24,0,6,18,0,0
Totals,7,4505,NA,NA,4505,NA,NA,4505,0,974,3531,0,0,3353,0,564,4337,0,0
