Age,Class,N_Initial_Age,AgeSize_Mean,AgeSize_Std,N_Initial_Class,ClassSize_Mean,ClassSize_Std,N_GrowthBack_Class,Capture_Back,PackingDeaths_Emigration_Class,N_AfterEmigration_Class,Deaths_AfterEmiMort_Age,Deaths_AfterEmiMort_Size,N_GrowthOut_Class,Capture_Out,PackingDeaths_Immigration_Class,N_Immigration_Class,Deaths_AfterImmiMort_Age,Deaths_AfterImmiMort_Size
0,50.0,1535,49.9817528271924,10.111208375509865,1530,49.89345142693487,10.00826668226488,0,0,0,0,0,0,0,0,19,1365,0,0
1,100.0,1115,113.44465676002007,0.0,1120,113.28196624460031,2.432723549248267,1535,0,42,1493,0,0,1446,0,100,1353,0,0
2,150.0,754,164.79572781619692,2.842170943040401e-14,754,164.79572781619692,2.842170943040401e-14,1115,0,72,1043,0,0,971,0,88,883,0,0
3,200.0,365,205.23032539160795,5.684341886080802e-14,365,205.23032539160795,5.684341886080802e-14,1119,0,179,940,0,0,583,0,80,503,0,0
4,250.0,141,237.06912928523732,5.684341886080802e-14,214,245.62116389114195,11.885503269629622,214,0,10,204,0,0,404,0,65,339,0,0
5,300.0,73,262.13947730802647,0.0,107,293.5228814505796,12.827649918395867,107,0,11,96,0,0,147,0,31,116,0,0
6,350.0,122,298.37312813993776,17.930107184204513,15,332.97155452402626,8.725426807526645,15,0,2,13,0,0,19,0,1,18,0,0
Totals,7,4105,NA,NA,4105,NA,NA,4105,0,316,3789,0,0,3570,0,384,4577,0,0
