Age,Class,N_Initial_Age,AgeSize_Mean,AgeSize_Std,N_Initial_Class,ClassSize_Mean,ClassSize_Std,N_GrowthBack_Class,Capture_Back,PackingDeaths_Emigration_Class,N_AfterEmigration_Class,Deaths_AfterEmiMort_Age,Deaths_AfterEmiMort_Size,N_GrowthOut_Class,Capture_Out,PackingDeaths_Immigration_Class,N_Immigration_Class,Deaths_AfterImmiMort_Age,Deaths_AfterImmiMort_Size
0,50.0,1909,49.8125268809979,9.775750939391374,1904,49.738071657463536,9.678974508152091,0,0,0,0,0,0,0,0,0,2041,0,0
1,100.0,1277,113.44465676002008,1.4210854715202004e-14,1282,113.30706089123251,2.2047462914183202,1909,0,119,1790,0,0,1735,0,116,1628,0,0
2,150.0,856,164.79572781619692,2.842170943040401e-14,856,164.79572781619692,2.842170943040401e-14,1277,0,176,1101,0,0,1020,0,137,883,0,0
3,200.0,439,205.23032539160798,2.842170943040401e-14,439,205.23032539160798,2.842170943040401e-14,1295,0,378,917,0,0,573,0,89,484,0,0
4,250.0,209,237.06912928523724,2.842170943040401e-14,318,245.66242467669645,11.89925125550506,318,0,30,288,0,0,474,0,161,313,0,0
5,300.0,109,262.1394773080264,5.684341886080802e-14,120,294.7692065215798,13.334443546783893,120,0,15,105,0,0,181,0,78,103,0,0
6,350.0,147,301.9979862747522,19.634085391638923,27,334.12589628885206,6.641946463246639,27,0,4,23,0,0,31,0,2,29,0,0
Totals,7,4946,NA,NA,4946,NA,NA,4946,0,722,4224,0,0,4014,0,583,5481,0,0
