Age,Class,N_Initial_Age,AgeSize_Mean,AgeSize_Std,N_Initial_Class,ClassSize_Mean,ClassSize_Std,N_GrowthBack_Class,Capture_Back,PackingDeaths_Emigration_Class,N_AfterEmigration_Class,Deaths_AfterEmiMort_Age,Deaths_AfterEmiMort_Size,N_GrowthOut_Class,Capture_Out,PackingDeaths_Immigration_Class,N_Immigration_Class,Deaths_AfterImmiMort_Age,Deaths_AfterImmiMort_Size
0,50.0,1519,50.23829284031682,10.023896732220184,1508,50.03741408083448,9.77766107182283,0,0,0,0,0,0,0,0,0,2022,0,0
1,100.0,1554,113.44465676002007,0.0,1565,113.19395718569588,2.9856659471094007,1519,0,30,1489,0,0,1428,0,66,1376,0,0
2,150.0,873,164.79572781619694,0.0,873,164.79572781619694,0.0,1554,0,273,1281,0,0,1196,0,174,1022,0,0
3,200.0,367,205.230325391608,0.0,367,205.230325391608,0.0,1240,0,349,891,0,0,582,0,60,522,0,0
4,250.0,200,237.0691292852372,5.684341886080802e-14,296,245.20005296830405,11.735977442947256,296,0,28,268,0,0,417,0,111,306,0,0
5,300.0,96,262.13947730802647,0.0,113,292.14841308447683,12.77871976260334,113,0,9,104,0,0,176,0,47,129,0,0
6,350.0,131,298.16444970825665,19.380368506352262,18,335.9317907353192,7.403243428671229,18,0,0,18,0,0,23,0,0,23,0,0
Totals,7,4740,NA,NA,4740,NA,NA,4740,0,689,4051,0,0,3822,0,458,5400,0,0
