Age,Class,N_Initial_Age,AgeSize_Mean,AgeSize_Std,N_Initial_Class,ClassSize_Mean,ClassSize_Std,N_GrowthBack_Class,Capture_Back,PackingDeaths_Emigration_Class,N_AfterEmigration_Class,Deaths_AfterEmiMort_Age,Deaths_AfterEmiMort_Size,N_GrowthOut_Class,Capture_Out,PackingDeaths_Immigration_Class,N_Immigration_Class,Deaths_AfterImmiMort_Age,Deaths_AfterImmiMort_Size
0,50.0,1666,50.182334911575126,10.239776145337547,1647,49.866888025839174,9.862491379043126,0,0,0,0,0,0,0,0,4,1860,0,0
1,100.0,958,113.44465676002008,1.4210854715202004e-14,977,112.74614796338409,4.9716183851553,1666,0,106,1560,0,0,1504,0,117,1393,0,0
2,150.0,559,164.79572781619694,0.0,559,164.79572781619694,0.0,958,0,66,892,0,0,828,0,74,754,0,0
3,200.0,341,205.23032539160798,2.842170943040401e-14,341,205.23032539160798,2.842170943040401e-14,900,0,179,721,0,0,430,0,45,385,0,0
4,250.0,159,237.0691292852373,2.842170943040401e-14,252,246.32128153174278,12.097617764965436,252,0,35,217,0,0,370,0,85,285,0,0
5,300.0,93,262.13947730802636,1.1368683772161603e-13,100,293.27152561273925,12.665355491265867,100,0,11,89,0,0,154,0,42,112,0,0
6,350.0,113,298.10009786662596,18.156809799588693,13,335.24296135806287,8.527543047468617,13,0,1,12,0,0,18,0,3,15,0,0
Totals,7,3889,NA,NA,3889,NA,NA,3889,0,398,3491,0,0,3304,0,370,4804,0,0
