Age,Class,N_Initial_Age,AgeSize_Mean,AgeSize_Std,N_Initial_Class,ClassSize_Mean,ClassSize_Std,N_GrowthBack_Class,Capture_Back,PackingDeaths_Emigration_Class,N_AfterEmigration_Class,Deaths_AfterEmiMort_Age,Deaths_AfterEmiMort_Size,N_GrowthOut_Class,Capture_Out,PackingDeaths_Immigration_Class,N_Immigration_Class,Deaths_AfterImmiMort_Age,Deaths_AfterImmiMort_Size
0,50.0,1679,50.06212372801721,10.197072080572537,1665,49.81373581911921,9.867998941350201,0,0,0,0,0,0,0,0,52,1917,0,0
1,100.0,1491,113.44465676002008,1.4210854715202004e-14,1505,113.12984639846997,3.262060775033622,1679,0,132,1547,0,0,1494,0,75,1433,0,0
2,150.0,830,164.79572781619692,2.842170943040401e-14,830,164.79572781619692,2.842170943040401e-14,1491,0,287,1204,0,0,1128,0,175,953,0,0
3,200.0,446,205.23032539160798,2.842170943040401e-14,446,205.23032539160798,2.842170943040401e-14,1276,0,400,876,0,0,545,0,95,450,0,0
4,250.0,178,237.06912928523724,2.842170943040401e-14,275,245.9121247696393,11.979081985726513,275,0,39,236,0,0,427,0,111,316,0,0
5,300.0,97,262.13947730802647,0.0,122,293.8262882996982,13.408015472337343,122,0,21,101,0,0,160,0,30,130,0,0
6,350.0,144,300.2217348910378,19.621229903723254,22,335.68739326119356,6.195716957796247,22,0,5,17,0,0,22,0,4,18,0,0
Totals,7,4865,NA,NA,4865,NA,NA,4865,0,884,3981,0,0,3776,0,542,5217,0,0
