Age,Class,N_Initial_Age,AgeSize_Mean,AgeSize_Std,N_Initial_Class,ClassSize_Mean,ClassSize_Std,N_GrowthBack_Class,Capture_Back,PackingDeaths_Emigration_Class,N_AfterEmigration_Class,Deaths_AfterEmiMort_Age,Deaths_AfterEmiMort_Size,N_GrowthOut_Class,Capture_Out,PackingDeaths_Immigration_Class,N_Immigration_Class,Deaths_AfterImmiMort_Age,Deaths_AfterImmiMort_Size
0,50.0,3394,50.320128167354156,10.117003905822143,3389,50.24943906757155,9.992311090015273,0,0,0,0,0,0,0,0,15762,28786,0,0
1,100.0,3397,99.94859964674714,9.931473234048521,3399,99.87858193586348,9.753677405650112,3394,0,0,3394,0,0,3324,0,859,2652,0,0
2,150.0,3765,150.33875564409033,9.921195783929097,3771,150.3392243436754,9.748334573904677,3397,0,610,2787,0,0,2718,0,1106,1612,0,0
3,200.0,3735,200.08034672021418,10.024071099603473,3727,200.06365817011,9.76619822909005,7500,0,6203,1297,0,0,641,0,140,501,0,0
4,250.0,3683,250.28062530545753,10.007002587815151,3693,250.28177443812618,9.852012394933501,7411,0,7246,165,0,0,742,0,337,405,0,0
5,300.0,3728,300.06883395922745,10.042638670288257,3730,300.1479946380697,9.845690014609348,3708,0,3595,113,0,0,192,0,44,148,0,0
6,350.0,3708,349.8546281014024,9.9583115688399,3701,349.9450970008106,9.797023561645391,0,0,0,0,0,0,0,0,0,0,0,0
Totals,7,25410,NA,NA,25410,NA,NA,25410,0,17654,7756,0,0,7617,0,18248,34104,0,0
