Age,Class,N_Initial_Age,AgeSize_Mean,AgeSize_Std,N_Initial_Class,ClassSize_Mean,ClassSize_Std,N_GrowthBack_Class,Capture_Back,PackingDeaths_Emigration_Class,N_AfterEmigration_Class,Deaths_AfterEmiMort_Age,Deaths_AfterEmiMort_Size,N_GrowthOut_Class,Capture_Out,PackingDeaths_Immigration_Class,N_Immigration_Class,Deaths_AfterImmiMort_Age,Deaths_AfterImmiMort_Size
0,50.0,1990,50.40870518056559,10.207063875856141,1976,50.213434732359254,9.971873329053478,0,0,0,0,0,0,0,0,36,1883,0,0
1,100.0,1231,113.44465676002007,0.0,1245,113.04574196768542,3.7541985129763282,1990,0,107,1883,0,0,1828,0,58,1783,0,0
2,150.0,957,164.79572781619694,0.0,957,164.79572781619694,0.0,1231,0,75,1156,0,0,1069,0,59,1010,0,0
3,200.0,464,205.23032539160798,2.842170943040401e-14,464,205.23032539160798,2.842170943040401e-14,1421,0,375,1046,0,0,634,0,102,532,0,0
4,250.0,232,237.06912928523718,8.526512829121202e-14,340,245.0326515983585,11.671785992110088,340,0,22,318,0,0,527,0,163,364,0,0
5,300.0,108,262.1394773080264,5.684341886080802e-14,123,293.7194340827389,13.318904406628329,123,0,5,118,0,0,200,0,44,156,0,0
6,350.0,143,299.2888403235389,18.743316611316477,20,333.54068870445883,7.547209113020701,20,0,1,19,0,0,30,0,6,24,0,0
Totals,7,5125,NA,NA,5125,NA,NA,5125,0,585,4540,0,0,4288,0,468,5752,0,0
