Age,Class,N_Initial_Age,AgeSize_Mean,AgeSize_Std,N_Initial_Class,ClassSize_Mean,ClassSize_Std,N_GrowthBack_Class,Capture_Back,PackingDeaths_Emigration_Class,N_AfterEmigration_Class,Deaths_AfterEmiMort_Age,Deaths_AfterEmiMort_Size,N_GrowthOut_Class,Capture_Out,PackingDeaths_Immigration_Class,N_Immigration_Class,Deaths_AfterImmiMort_Age,Deaths_AfterImmiMort_Size
0,50.0,1785,50.058067390036435,10.29341078609704,1767,49.76409625394746,9.917394790241742,0,0,0,0,0,0,0,0,29,1274,0,0
1,100.0,1351,113.44465676002008,1.4210854715202004e-14,1369,112.9906672704726,3.950969764491413,1785,0,144,1641,0,0,1573,0,174,1407,0,0
2,150.0,673,164.79572781619692,2.842170943040401e-14,673,164.79572781619692,2.842170943040401e-14,1351,0,283,1068,0,0,992,0,163,829,0,0
3,200.0,345,205.230325391608,0.0,345,205.230325391608,0.0,1018,0,282,736,0,0,455,0,84,371,0,0
4,250.0,133,237.06912928523727,0.0,209,246.1856194753424,12.05998293638911,209,0,17,192,0,0,349,0,107,242,0,0
5,300.0,76,262.13947730802636,1.1368683772161603e-13,80,293.1378747807156,12.575735309679432,80,0,9,71,0,0,119,0,28,91,0,0
6,350.0,99,300.9856210318909,19.893255663981833,19,334.0287631421028,6.705793710187528,19,0,7,12,0,0,17,0,4,13,0,0
Totals,7,4462,NA,NA,4462,NA,NA,4462,0,742,3720,0,0,3505,0,589,4227,0,0
