Age,Class,N_Initial_Age,AgeSize_Mean,AgeSize_Std,N_Initial_Class,ClassSize_Mean,ClassSize_Std,N_GrowthBack_Class,Capture_Back,PackingDeaths_Emigration_Class,N_AfterEmigration_Class,Deaths_AfterEmiMort_Age,Deaths_AfterEmiMort_Size,N_GrowthOut_Class,Capture_Out,PackingDeaths_Immigration_Class,N_Immigration_Class,Deaths_AfterImmiMort_Age,Deaths_AfterImmiMort_Size
0,50.0,1744,50.09677799607216,9.932649939719333,1738,50.0006511159451,9.81376046397948,0,0,0,0,0,0,0,0,15,1559,0,0
1,100.0,1352,113.4446567600201,2.842170943040401e-14,1358,113.28779464299295,2.3553154721041976,1744,0,87,1657,0,0,1598,0,106,1505,0,0
2,150.0,773,164.79572781619692,2.842170943040401e-14,773,164.79572781619692,2.842170943040401e-14,1352,0,226,1126,0,0,1034,0,159,875,0,0
3,200.0,443,205.23032539160798,2.842170943040401e-14,443,205.23032539160798,2.842170943040401e-14,1216,0,344,872,0,0,508,0,105,403,0,0
4,250.0,160,237.06912928523724,2.842170943040401e-14,250,246.09445457344137,12.033767050938817,250,0,29,221,0,0,430,0,142,288,0,0
5,300.0,90,262.1394773080264,5.684341886080802e-14,109,293.30028141215877,13.40282974081396,109,0,13,96,0,0,149,0,39,110,0,0
6,350.0,127,299.2736870054863,19.45835000275918,18,335.44597643174734,7.689306253809586,18,0,1,17,0,0,26,0,5,21,0,0
Totals,7,4689,NA,NA,4689,NA,NA,4689,0,700,3989,0,0,3745,0,571,4761,0,0
