Age,Class,N_Initial_Age,AgeSize_Mean,AgeSize_Std,N_Initial_Class,ClassSize_Mean,ClassSize_Std,N_GrowthBack_Class,Capture_Back,PackingDeaths_Emigration_Class,N_AfterEmigration_Class,Deaths_AfterEmiMort_Age,Deaths_AfterEmiMort_Size,N_GrowthOut_Class,Capture_Out,PackingDeaths_Immigration_Class,N_Immigration_Class,Deaths_AfterImmiMort_Age,Deaths_AfterImmiMort_Size
0,50.0,1500,49.95946776707148,9.977156671254576,1492,49.813567788107434,9.801298016963074,0,0,0,0,0,0,0,0,0,1653,0,0
1,100.0,1108,113.44465676002007,0.0,1116,113.18462204377524,3.0647596456647967,1500,0,8,1492,0,0,1442,0,70,1382,0,0
2,150.0,643,164.79572781619694,0.0,643,164.79572781619694,0.0,1108,0,145,963,0,0,884,0,36,848,0,0
3,200.0,345,205.230325391608,0.0,345,205.230325391608,0.0,988,0,170,818,0,0,509,0,50,459,0,0
4,250.0,194,237.06912928523724,2.842170943040401e-14,307,246.29697725453747,12.09099590386281,307,0,29,278,0,0,444,0,142,302,0,0
5,300.0,113,262.13947730802647,0.0,105,292.1643305946395,12.092131815470422,105,0,21,84,0,0,165,0,48,117,0,0
6,350.0,112,294.86175488284,15.768810299459417,7,335.32311920584783,6.239215077791286,7,0,0,7,0,0,10,0,0,10,0,0
Totals,7,4015,NA,NA,4015,NA,NA,4015,0,373,3642,0,0,3454,0,346,4771,0,0
