Age,Class,N_Initial_Age,AgeSize_Mean,AgeSize_Std,N_Initial_Class,ClassSize_Mean,ClassSize_Std,N_GrowthBack_Class,Capture_Back,PackingDeaths_Emigration_Class,N_AfterEmigration_Class,Deaths_AfterEmiMort_Age,Deaths_AfterEmiMort_Size,N_GrowthOut_Class,Capture_Out,PackingDeaths_Immigration_Class,N_Immigration_Class,Deaths_AfterImmiMort_Age,Deaths_AfterImmiMort_Size
0,50.0,1683,49.831828649315874,9.983052471691856,1673,49.65983639291031,9.759165490945174,0,0,0,0,0,0,0,0,0,2141,0,0
1,100.0,1324,113.44465676002007,0.0,1334,113.18349841208865,3.012774419696955,1683,0,62,1621,0,0,1568,0,80,1499,0,0
2,150.0,951,164.79572781619694,0.0,951,164.79572781619694,0.0,1324,0,154,1170,0,0,1078,0,116,962,0,0
3,200.0,463,205.23032539160798,2.842170943040401e-14,463,205.23032539160798,2.842170943040401e-14,1414,0,455,959,0,0,603,0,94,509,0,0
4,250.0,200,237.0691292852372,5.684341886080802e-14,316,246.27216843284342,12.08418241940547,316,0,36,280,0,0,473,0,145,328,0,0
5,300.0,116,262.1394773080264,5.684341886080802e-14,123,292.798759479627,13.337554271150035,123,0,12,111,0,0,186,0,43,143,0,0
6,350.0,139,297.36032699691526,17.954608169775565,16,332.42737728606863,6.586408398415444,16,0,4,12,0,0,19,0,0,19,0,0
Totals,7,4876,NA,NA,4876,NA,NA,4876,0,723,4153,0,0,3927,0,478,5601,0,0
