Age,Class,N_Initial_Age,AgeSize_Mean,AgeSize_Std,N_Initial_Class,ClassSize_Mean,ClassSize_Std,N_GrowthBack_Class,Capture_Back,PackingDeaths_Emigration_Class,N_AfterEmigration_Class,Deaths_AfterEmiMort_Age,Deaths_AfterEmiMort_Size,N_GrowthOut_Class,Capture_Out,PackingDeaths_Immigration_Class,N_Immigration_Class,Deaths_AfterImmiMort_Age,Deaths_AfterImmiMort_Size
0,50.0,1353,49.787473122644485,10.004691802015858,1344,49.60182001275951,9.774744826464522,0,0,0,0,0,0,0,0,0,1852,0,0
1,100.0,1210,113.44465676002007,0.0,1219,113.17935989943685,3.0827352312408776,1353,0,9,1344,0,0,1297,0,49,1262,0,0
2,150.0,750,164.7957278161969,5.684341886080802e-14,750,164.7957278161969,5.684341886080802e-14,1210,0,156,1054,0,0,987,0,106,881,0,0
3,200.0,398,205.23032539160798,2.842170943040401e-14,398,205.23032539160798,2.842170943040401e-14,1148,0,286,862,0,0,532,0,64,468,0,0
4,250.0,178,237.06912928523724,2.842170943040401e-14,279,246.14477498524337,12.04832981614648,279,0,27,252,0,0,434,0,113,321,0,0
5,300.0,101,262.13947730802636,1.1368683772161603e-13,99,290.6589839668341,11.622826349328788,99,0,6,93,0,0,166,0,59,107,0,0
6,350.0,113,295.9820054629705,17.986577078336367,14,333.62337175707813,6.223005442388043,14,0,0,14,0,0,18,0,0,18,0,0
Totals,7,4103,NA,NA,4103,NA,NA,4103,0,484,3619,0,0,3434,0,391,4909,0,0
