Age,Class,N_Initial_Age,AgeSize_Mean,AgeSize_Std,N_Initial_Class,ClassSize_Mean,ClassSize_Std,N_GrowthBack_Class,Capture_Back,PackingDeaths_Emigration_Class,N_AfterEmigration_Class,Deaths_AfterEmiMort_Age,Deaths_AfterEmiMort_Size,N_GrowthOut_Class,Capture_Out,PackingDeaths_Immigration_Class,N_Immigration_Class,Deaths_AfterImmiMort_Age,Deaths_AfterImmiMort_Size
0,50.0,1573,49.900297617769276,10.151600911253922,1563,49.716934466296536,9.918282695526406,0,0,0,0,0,0,0,0,22,1388,0,0
1,100.0,1017,113.44465676002007,0.0,1027,113.1049810193476,3.437319770274997,1573,0,84,1489,0,0,1426,0,79,1358,0,0
2,150.0,659,164.79572781619692,2.842170943040401e-14,659,164.79572781619692,2.842170943040401e-14,1017,0,104,913,0,0,827,0,63,764,0,0
3,200.0,324,205.23032539160798,2.842170943040401e-14,324,205.23032539160798,2.842170943040401e-14,983,0,153,830,0,0,507,0,49,458,0,0
4,250.0,161,237.0691292852373,2.842170943040401e-14,248,245.86396911581244,11.964133387409932,248,0,7,241,0,0,398,0,125,273,0,0
5,300.0,87,262.1394773080263,1.7053025658242404e-13,96,293.287510994171,12.789240136572026,96,0,17,79,0,0,149,0,37,112,0,0
6,350.0,111,298.7192485778023,18.35873449083693,15,333.48236911304286,7.071536958845333,15,0,3,12,0,0,17,0,2,15,0,0
Totals,7,3932,NA,NA,3932,NA,NA,3932,0,368,3564,0,0,3324,0,377,4368,0,0
