Age,Class,N_Initial_Age,AgeSize_Mean,AgeSize_Std,N_Initial_Class,ClassSize_Mean,ClassSize_Std,N_GrowthBack_Class,Capture_Back,PackingDeaths_Emigration_Class,N_AfterEmigration_Class,Deaths_AfterEmiMort_Age,Deaths_AfterEmiMort_Size,N_GrowthOut_Class,Capture_Out,PackingDeaths_Immigration_Class,N_Immigration_Class,Deaths_AfterImmiMort_Age,Deaths_AfterImmiMort_Size
0,50.0,1533,49.56311624134883,9.890820100419763,1526,49.432185406768276,9.716625240186403,0,0,0,0,0,0,0,0,23,1932,0,0
1,100.0,1214,113.44465676002005,1.4210854715202004e-14,1221,113.2420602571038,2.6936751481780954,1533,0,46,1487,0,0,1445,0,140,1323,0,0
2,150.0,833,164.7957278161969,5.684341886080802e-14,833,164.7957278161969,5.684341886080802e-14,1214,0,204,1010,0,0,934,0,132,802,0,0
3,200.0,476,205.23032539160798,2.842170943040401e-14,476,205.23032539160798,2.842170943040401e-14,1309,0,484,825,0,0,509,0,91,418,0,0
4,250.0,194,237.06912928523724,2.842170943040401e-14,278,244.64434235687145,11.51214032975594,278,0,38,240,0,0,448,0,126,322,0,0
5,300.0,84,262.13947730802636,1.1368683772161603e-13,120,293.7216933098568,12.724978897289931,120,0,28,92,0,0,141,0,48,93,0,0
6,350.0,131,297.4633641561154,17.610405730715424,11,338.28159156984543,10.39287286329892,11,0,0,11,0,0,16,0,1,15,0,0
Totals,7,4465,NA,NA,4465,NA,NA,4465,0,800,3665,0,0,3493,0,561,4905,0,0
