Age,Class,N_Initial_Age,AgeSize_Mean,AgeSize_Std,N_Initial_Class,ClassSize_Mean,ClassSize_Std,N_GrowthBack_Class,Capture_Back,PackingDeaths_Emigration_Class,N_AfterEmigration_Class,Deaths_AfterEmiMort_Age,Deaths_AfterEmiMort_Size,N_GrowthOut_Class,Capture_Out,PackingDeaths_Immigration_Class,N_Immigration_Class,Deaths_AfterImmiMort_Age,Deaths_AfterImmiMort_Size
0,50.0,1390,50.1623806271358,9.920433483545885,1382,50.00001287972786,9.714910220585264,0,0,0,0,0,0,0,0,23,1565,0,0
1,100.0,926,113.44465676002007,0.0,934,113.14287305322637,3.2524051293998117,1390,0,49,1341,0,0,1302,0,79,1233,0,0
2,150.0,667,164.79572781619692,2.842170943040401e-14,667,164.79572781619692,2.842170943040401e-14,926,0,65,861,0,0,791,0,74,717,0,0
3,200.0,447,205.23032539160795,5.684341886080802e-14,447,205.23032539160795,5.684341886080802e-14,1114,0,356,758,0,0,419,0,39,380,0,0
4,250.0,200,237.0691292852372,5.684341886080802e-14,294,245.08481878912227,11.692084813339457,294,0,35,259,0,0,460,0,133,327,0,0
5,300.0,94,262.13947730802636,1.1368683772161603e-13,91,291.08911130348054,11.861445232475026,91,0,15,76,0,0,147,0,34,113,0,0
6,350.0,98,294.4425732229651,16.750083722583145,7,338.0375781762647,7.223236191743993,7,0,1,6,0,0,7,0,0,7,0,0
Totals,7,3822,NA,NA,3822,NA,NA,3822,0,521,3301,0,0,3126,0,382,4342,0,0
