Age,Class,N_Initial_Age,AgeSize_Mean,AgeSize_Std,N_Initial_Class,ClassSize_Mean,ClassSize_Std,N_GrowthBack_Class,Capture_Back,PackingDeaths_Emigration_Class,N_AfterEmigration_Class,Deaths_AfterEmiMort_Age,Deaths_AfterEmiMort_Size,N_GrowthOut_Class,Capture_Out,PackingDeaths_Immigration_Class,N_Immigration_Class,Deaths_AfterImmiMort_Age,Deaths_AfterImmiMort_Size
0,50.0,1292,50.26702759012315,10.095115298519358,1286,50.144457202991994,9.957130841638486,0,0,0,0,0,0,0,0,5,1578,0,0
1,100.0,923,113.44465676002007,0.0,929,113.2062926511194,2.9581326165079034,1292,0,37,1255,0,0,1230,0,40,1200,0,0
2,150.0,604,164.79572781619692,2.842170943040401e-14,604,164.79572781619692,2.842170943040401e-14,923,0,73,850,0,0,778,0,57,721,0,0
3,200.0,295,205.23032539160798,2.842170943040401e-14,295,205.23032539160798,2.842170943040401e-14,899,0,177,722,0,0,450,0,82,368,0,0
4,250.0,155,237.06912928523727,0.0,231,245.31738231438,11.779341916587347,231,0,27,204,0,0,352,0,88,264,0,0
5,300.0,76,262.13947730802636,1.1368683772161603e-13,85,292.48147927737165,12.700860452724825,85,0,21,64,0,0,113,0,26,87,0,0
6,350.0,101,299.29824468066664,19.857533266694663,16,335.51231088567147,8.594454736017438,16,0,3,13,0,0,14,0,1,13,0,0
Totals,7,3446,NA,NA,3446,NA,NA,3446,0,338,3108,0,0,2937,0,299,4231,0,0
