Age,Class,N_Initial_Age,AgeSize_Mean,AgeSize_Std,N_Initial_Class,ClassSize_Mean,ClassSize_Std,N_GrowthBack_Class,Capture_Back,PackingDeaths_Emigration_Class,N_AfterEmigration_Class,Deaths_AfterEmiMort_Age,Deaths_AfterEmiMort_Size,N_GrowthOut_Class,Capture_Out,PackingDeaths_Immigration_Class,N_Immigration_Class,Deaths_AfterImmiMort_Age,Deaths_AfterImmiMort_Size
0,50.0,1835,50.04948053297112,9.903265946307235,1824,49.88176335153912,9.69213987731208,0,0,0,0,0,0,0,0,24,1525,0,0
1,100.0,1190,113.44465676002007,0.0,1201,113.11873602765905,3.3979995882549465,1835,0,74,1671,0,0,1623,0,145,1486,0,0
2,150.0,805,164.79572781619692,2.842170943040401e-14,805,164.79572781619692,2.842170943040401e-14,1190,0,155,1008,0,0,922,0,98,824,0,0
3,200.0,404,205.23032539160798,2.842170943040401e-14,404,205.23032539160798,2.842170943040401e-14,1209,0,360,831,0,0,524,0,78,446,0,0
4,250.0,178,237.06912928523724,2.842170943040401e-14,287,246.59062034615724,12.167510122040621,287,0,52,233,0,0,401,0,122,279,0,0
5,300.0,109,262.1394773080264,5.684341886080802e-14,102,293.0820459838101,13.55021101010971,102,0,13,89,0,0,149,0,30,119,0,0
6,350.0,120,299.0492792185111,19.198762420135303,18,332.86360088181664,8.464651507270059,18,0,3,15,0,0,25,0,1,24,0,0
Totals,7,4641,NA,NA,4641,NA,NA,4641,0,657,3847,0,0,3644,0,498,4703,0,0
