Age,Class,N_Initial_Age,AgeSize_Mean,AgeSize_Std,N_Initial_Class,ClassSize_Mean,ClassSize_Std,N_GrowthBack_Class,Capture_Back,PackingDeaths_Emigration_Class,N_AfterEmigration_Class,Deaths_AfterEmiMort_Age,Deaths_AfterEmiMort_Size,N_GrowthOut_Class,Capture_Out,PackingDeaths_Immigration_Class,N_Immigration_Class,Deaths_AfterImmiMort_Age,Deaths_AfterImmiMort_Size
0,50.0,1832,49.3760375624142,10.192103995565928,1820,49.18576781144833,9.950622819488556,0,0,0,0,0,0,0,0,13,2224,0,0
1,100.0,1601,113.44465676002008,1.4210854715202004e-14,1613,113.18270233744512,3.029848155399928,1832,0,167,1665,0,0,1620,0,131,1501,0,0
2,150.0,907,164.79572781619692,2.842170943040401e-14,907,164.79572781619692,2.842170943040401e-14,1601,0,375,1226,0,0,1153,0,168,985,0,0
3,200.0,489,205.23032539160798,2.842170943040401e-14,489,205.23032539160798,2.842170943040401e-14,1396,0,535,861,0,0,536,0,113,423,0,0
4,250.0,197,237.06912928523727,0.0,340,247.61342271835153,12.376064884242037,340,0,51,289,0,0,438,0,148,290,0,0
5,300.0,143,262.13947730802636,1.1368683772161603e-13,138,293.34434838430207,12.52377297655104,138,0,16,122,0,0,221,0,104,117,0,0
6,350.0,160,298.8212111108011,18.133693580556113,22,333.1760773042949,6.264032678383619,22,0,3,19,0,0,20,0,3,17,0,0
Totals,7,5329,NA,NA,5329,NA,NA,5329,0,1147,4182,0,0,3988,0,680,5557,0,0
