Age,Class,N_Initial_Age,AgeSize_Mean,AgeSize_Std,N_Initial_Class,ClassSize_Mean,ClassSize_Std,N_GrowthBack_Class,Capture_Back,PackingDeaths_Emigration_Class,N_AfterEmigration_Class,Deaths_AfterEmiMort_Age,Deaths_AfterEmiMort_Size,N_GrowthOut_Class,Capture_Out,PackingDeaths_Immigration_Class,N_Immigration_Class,Deaths_AfterImmiMort_Age,Deaths_AfterImmiMort_Size
0,50.0,1746,50.07353865318515,10.148443899708516,1735,49.90079923742601,9.944495453503858,0,0,0,0,0,0,0,0,13,1901,0,0
1,100.0,1365,113.44465676002008,1.4210854715202004e-14,1376,113.15586358208907,3.2199118760893617,1746,0,218,1528,0,0,1462,0,124,1349,0,0
2,150.0,803,164.7957278161969,5.684341886080802e-14,803,164.7957278161969,5.684341886080802e-14,1365,0,236,1129,0,0,1068,0,177,891,0,0
3,200.0,391,205.23032539160795,5.684341886080802e-14,391,205.23032539160795,5.684341886080802e-14,1194,0,350,844,0,0,540,0,98,442,0,0
4,250.0,196,237.06912928523727,0.0,300,245.76018326647085,11.931191419538015,300,0,52,248,0,0,410,0,109,301,0,0
5,300.0,104,262.13947730802647,0.0,93,295.63646003727536,14.364719273225122,93,0,8,85,0,0,142,0,33,109,0,0
6,350.0,104,299.7739981590815,18.39223258362261,11,334.7550022798064,9.23409786000968,11,0,0,11,0,0,22,0,3,19,0,0
Totals,7,4709,NA,NA,4709,NA,NA,4709,0,864,3845,0,0,3644,0,557,5012,0,0
