Age,Class,N_Initial_Age,AgeSize_Mean,AgeSize_Std,N_Initial_Class,ClassSize_Mean,ClassSize_Std,N_GrowthBack_Class,Capture_Back,PackingDeaths_Emigration_Class,N_AfterEmigration_Class,Deaths_AfterEmiMort_Age,Deaths_AfterEmiMort_Size,N_GrowthOut_Class,Capture_Out,PackingDeaths_Immigration_Class,N_Immigration_Class,Deaths_AfterImmiMort_Age,Deaths_AfterImmiMort_Size
0,50.0,1376,50.32997417706481,9.99880405776706,1365,50.104044001562485,9.71460957934968,0,0,0,0,0,0,0,0,8,1369,0,0
1,100.0,1162,113.44465676002007,0.0,1173,113.11569954019753,3.384948823994314,1376,0,131,1245,0,0,1197,0,85,1118,0,0
2,150.0,834,164.7957278161969,5.684341886080802e-14,834,164.7957278161969,5.684341886080802e-14,1162,0,227,935,0,0,866,0,106,760,0,0
3,200.0,399,205.230325391608,0.0,399,205.230325391608,0.0,1233,0,391,842,0,0,541,0,95,446,0,0
4,250.0,155,237.06912928523727,0.0,264,247.4201441885858,12.343420777348644,264,0,27,237,0,0,383,0,100,283,0,0
5,300.0,109,262.1394773080264,5.684341886080802e-14,87,293.48767490956493,12.714477925321797,87,0,13,74,0,0,160,0,46,114,0,0
6,350.0,106,300.4313718299516,18.927404988916862,19,332.2261945706698,5.170266267549325,19,0,5,14,0,0,22,0,4,18,0,0
Totals,7,4141,NA,NA,4141,NA,NA,4141,0,794,3347,0,0,3169,0,444,4108,0,0
