Age,Class,N_Initial_Age,AgeSize_Mean,AgeSize_Std,N_Initial_Class,ClassSize_Mean,ClassSize_Std,N_GrowthBack_Class,Capture_Back,PackingDeaths_Emigration_Class,N_AfterEmigration_Class,Deaths_AfterEmiMort_Age,Deaths_AfterEmiMort_Size,N_GrowthOut_Class,Capture_Out,PackingDeaths_Immigration_Class,N_Immigration_Class,Deaths_AfterImmiMort_Age,Deaths_AfterImmiMort_Size
0,50.0,1964,49.9994974422318,9.976885887907162,1950,49.790894891783765,9.69948620125818,0,0,0,0,0,0,0,0,12,1570,0,0
1,100.0,1518,113.44465676002008,1.4210854715202004e-14,1532,113.13038962093694,3.285692971041755,1964,0,136,1828,0,0,1760,0,217,1556,0,0
2,150.0,776,164.79572781619692,2.842170943040401e-14,776,164.79572781619692,2.842170943040401e-14,1518,0,262,1256,0,0,1175,0,158,1017,0,0
3,200.0,427,205.23032539160798,2.842170943040401e-14,427,205.23032539160798,2.842170943040401e-14,1203,0,313,890,0,0,537,0,67,470,0,0
4,250.0,182,237.0691292852373,2.842170943040401e-14,290,246.4056726868277,12.120204194565645,290,0,40,250,0,0,447,0,153,294,0,0
5,300.0,108,262.1394773080264,5.684341886080802e-14,114,294.0493983968511,12.90661482865525,114,0,6,108,0,0,179,0,59,120,0,0
6,350.0,132,299.195519155135,17.792634808515057,18,331.7876172909333,6.049136414218788,18,0,0,18,0,0,25,0,0,25,0,0
Totals,7,5107,NA,NA,5107,NA,NA,5107,0,757,4350,0,0,4123,0,666,5052,0,0
