Age,Class,N_Initial_Age,AgeSize_Mean,AgeSize_Std,N_Initial_Class,ClassSize_Mean,ClassSize_Std,N_GrowthBack_Class,Capture_Back,PackingDeaths_Emigration_Class,N_AfterEmigration_Class,Deaths_AfterEmiMort_Age,Deaths_AfterEmiMort_Size,N_GrowthOut_Class,Capture_Out,PackingDeaths_Immigration_Class,N_Immigration_Class,Deaths_AfterImmiMort_Age,Deaths_AfterImmiMort_Size
0,50.0,1766,49.95560503949984,9.884261384829635,1760,49.851350217256304,9.735294841027311,0,0,0,0,0,0,0,0,5,1803,0,0
1,100.0,1253,113.44465676002008,1.4210854715202004e-14,1259,113.28782925948434,2.283711783143796,1766,0,63,1703,0,0,1640,0,153,1500,0,0
2,150.0,698,164.79572781619692,2.842170943040401e-14,698,164.79572781619692,2.842170943040401e-14,1253,0,200,1053,0,0,976,0,100,876,0,0
3,200.0,344,205.23032539160798,2.842170943040401e-14,344,205.23032539160798,2.842170943040401e-14,1042,0,239,803,0,0,495,0,64,431,0,0
4,250.0,174,237.0691292852373,2.842170943040401e-14,267,245.80149769766942,11.944423681050619,267,0,34,233,0,0,404,0,75,329,0,0
5,300.0,93,262.13947730802636,1.1368683772161603e-13,102,294.3453289309044,13.137950548461454,102,0,8,94,0,0,150,0,45,105,0,0
6,350.0,115,298.78055470074867,17.753672704588016,13,333.5800184333729,8.28296170485519,13,0,3,10,0,0,17,0,1,16,0,0
Totals,7,4443,NA,NA,4443,NA,NA,4443,0,547,3896,0,0,3682,0,443,5060,0,0
