Age,Class,N_Initial_Age,AgeSize_Mean,AgeSize_Std,N_Initial_Class,ClassSize_Mean,ClassSize_Std,N_GrowthBack_Class,Capture_Back,PackingDeaths_Emigration_Class,N_AfterEmigration_Class,Deaths_AfterEmiMort_Age,Deaths_AfterEmiMort_Size,N_GrowthOut_Class,Capture_Out,PackingDeaths_Immigration_Class,N_Immigration_Class,Deaths_AfterImmiMort_Age,Deaths_AfterImmiMort_Size
0,50.0,1799,50.04741797508351,10.26729031065073,1786,49.83883940288787,10.00389259893921,0,0,0,0,0,0,0,0,23,1716,0,0
1,100.0,1108,113.44465676002007,0.0,1121,113.0417640086706,3.737957788304027,1799,0,147,1652,0,0,1605,0,151,1467,0,0
2,150.0,802,164.79572781619692,2.842170943040401e-14,802,164.79572781619692,2.842170943040401e-14,1108,0,141,967,0,0,892,0,88,804,0,0
3,200.0,431,205.230325391608,0.0,431,205.230325391608,0.0,1233,0,330,903,0,0,565,0,104,461,0,0
4,250.0,204,237.06912928523724,2.842170943040401e-14,303,245.2604311144654,11.75845916610434,303,0,45,258,0,0,448,0,112,336,0,0
5,300.0,99,262.1394773080264,5.684341886080802e-14,96,291.1567635214545,11.455131492162502,96,0,2,94,0,0,159,0,30,129,0,0
6,350.0,110,296.83100980488086,18.41737202318609,14,335.74012717694706,5.535863178292419,14,0,2,12,0,0,15,0,3,12,0,0
Totals,7,4553,NA,NA,4553,NA,NA,4553,0,667,3886,0,0,3684,0,511,4925,0,0
