Age,Class,N_Initial_Age,AgeSize_Mean,AgeSize_Std,N_Initial_Class,ClassSize_Mean,ClassSize_Std,N_GrowthBack_Class,Capture_Back,PackingDeaths_Emigration_Class,N_AfterEmigration_Class,Deaths_AfterEmiMort_Age,Deaths_AfterEmiMort_Size,N_GrowthOut_Class,Capture_Out,PackingDeaths_Immigration_Class,N_Immigration_Class,Deaths_AfterImmiMort_Age,Deaths_AfterImmiMort_Size
0,50.0,1641,50.208094843675504,10.106089535625676,1630,50.026562355214736,9.892879667013585,0,0,0,0,0,0,0,0,9,1762,0,0
1,100.0,1314,113.44465676002008,1.4210854715202004e-14,1325,113.1429931940663,3.3039492924066556,1641,0,59,1582,0,0,1524,0,77,1461,0,0
2,150.0,731,164.79572781619692,2.842170943040401e-14,731,164.79572781619692,2.842170943040401e-14,1314,0,141,1173,0,0,1094,0,77,1017,0,0
3,200.0,426,205.23032539160798,2.842170943040401e-14,426,205.23032539160798,2.842170943040401e-14,1157,0,305,852,0,0,518,0,68,450,0,0
4,250.0,194,237.06912928523724,2.842170943040401e-14,313,246.60066735140947,12.169994190816645,313,0,25,288,0,0,447,0,147,300,0,0
5,300.0,119,262.13947730802636,1.1368683772161603e-13,118,293.9981183489105,12.936928513109644,118,0,18,100,0,0,188,0,51,137,0,0
6,350.0,127,297.1226077312813,16.896876568078856,9,338.0881351890314,5.318315858584887,9,0,2,7,0,0,13,0,0,13,0,0
Totals,7,4552,NA,NA,4552,NA,NA,4552,0,550,4002,0,0,3784,0,429,5140,0,0
