Age,Class,N_Initial_Age,AgeSize_Mean,AgeSize_Std,N_Initial_Class,ClassSize_Mean,ClassSize_Std,N_GrowthBack_Class,Capture_Back,PackingDeaths_Emigration_Class,N_AfterEmigration_Class,Deaths_AfterEmiMort_Age,Deaths_AfterEmiMort_Size,N_GrowthOut_Class,Capture_Out,PackingDeaths_Immigration_Class,N_Immigration_Class,Deaths_AfterImmiMort_Age,Deaths_AfterImmiMort_Size
0,50.0,2058,50.10302728310599,9.709571169282246,2050,49.99628340641505,9.5764526017553,0,0,0,0,0,0,0,0,13,1735,0,0
1,100.0,1337,113.44465676002008,1.4210854715202004e-14,1345,113.23059870158222,2.7683930036548605,2058,0,207,1851,0,0,1786,0,134,1666,0,0
2,150.0,829,164.79572781619692,2.842170943040401e-14,829,164.79572781619692,2.842170943040401e-14,1337,0,221,1116,0,0,1013,0,110,903,0,0
3,200.0,390,205.23032539160795,5.684341886080802e-14,390,205.23032539160795,5.684341886080802e-14,1219,0,293,926,0,0,589,0,97,492,0,0
4,250.0,189,237.0691292852373,2.842170943040401e-14,297,246.18561947534243,12.05998293638911,297,0,31,266,0,0,430,0,132,298,0,0
5,300.0,108,262.1394773080264,5.684341886080802e-14,114,294.3967384466962,12.569473292823595,114,0,15,99,0,0,180,0,46,134,0,0
6,350.0,138,301.29959576040875,19.174983206858897,24,334.0881680005429,7.891400752294928,24,0,2,22,0,0,28,0,3,25,0,0
Totals,7,5049,NA,NA,5049,NA,NA,5049,0,769,4280,0,0,4026,0,535,5253,0,0
