Age,Class,N_Initial_Age,AgeSize_Mean,AgeSize_Std,N_Initial_Class,ClassSize_Mean,ClassSize_Std,N_GrowthBack_Class,Capture_Back,PackingDeaths_Emigration_Class,N_AfterEmigration_Class,Deaths_AfterEmiMort_Age,Deaths_AfterEmiMort_Size,N_GrowthOut_Class,Capture_Out,PackingDeaths_Immigration_Class,N_Immigration_Class,Deaths_AfterImmiMort_Age,Deaths_AfterImmiMort_Size
0,50.0,1968,50.07170173597896,10.0231599124498,1958,49.93107792385593,9.85189312404198,0,0,0,0,0,0,0,0,70,1612,0,0
1,100.0,1289,113.44465676002008,1.4210854715202004e-14,1299,113.16876135886264,3.138435733601414,1968,0,202,1766,0,0,1701,0,163,1547,0,0
2,150.0,839,164.7957278161969,5.684341886080802e-14,839,164.7957278161969,5.684341886080802e-14,1289,0,288,1001,0,0,931,0,109,822,0,0
3,200.0,419,205.23032539160798,2.842170943040401e-14,419,205.23032539160798,2.842170943040401e-14,1258,0,393,865,0,0,546,0,98,448,0,0
4,250.0,160,237.06912928523724,2.842170943040401e-14,256,246.47050979378315,12.137130046985828,256,0,22,234,0,0,404,0,135,269,0,0
5,300.0,96,262.13947730802647,0.0,121,295.107475019895,14.186393227398312,121,0,16,105,0,0,170,0,48,122,0,0
6,350.0,138,300.2349178303328,19.242890294797466,17,336.7302460693308,7.374559865088311,17,0,1,16,0,0,29,0,7,22,0,0
Totals,7,4909,NA,NA,4909,NA,NA,4909,0,922,3987,0,0,3781,0,630,4842,0,0
