Age,Class,N_Initial_Age,AgeSize_Mean,AgeSize_Std,N_Initial_Class,ClassSize_Mean,ClassSize_Std,N_GrowthBack_Class,Capture_Back,PackingDeaths_Emigration_Class,N_AfterEmigration_Class,Deaths_AfterEmiMort_Age,Deaths_AfterEmiMort_Size,N_GrowthOut_Class,Capture_Out,PackingDeaths_Immigration_Class,N_Immigration_Class,Deaths_AfterImmiMort_Age,Deaths_AfterImmiMort_Size
0,50.0,1465,50.2250989780207,10.024617797969304,1456,50.05855204557222,9.82781510239096,0,0,0,0,0,0,0,0,0,1207,0,0
1,100.0,1136,113.44465676002007,0.0,1145,113.15951816928383,3.2060890900326116,1465,0,34,1431,0,0,1377,0,35,1349,0,0
2,150.0,739,164.79572781619692,2.842170943040401e-14,739,164.79572781619692,2.842170943040401e-14,1136,0,132,1004,0,0,930,0,93,837,0,0
3,200.0,333,205.23032539160795,5.684341886080802e-14,333,205.23032539160795,5.684341886080802e-14,1072,0,267,805,0,0,532,0,58,474,0,0
4,250.0,147,237.06912928523727,0.0,233,246.32256246103066,12.097965307599887,233,0,11,222,0,0,373,0,98,275,0,0
5,300.0,86,262.13947730802636,1.1368683772161603e-13,86,292.1332884324803,12.6661088073493,86,0,9,77,0,0,140,0,29,111,0,0
6,350.0,103,299.0567615208813,19.579298841959524,17,334.08139008573346,6.468251579004109,17,0,0,17,0,0,23,0,2,21,0,0
Totals,7,4009,NA,NA,4009,NA,NA,4009,0,453,3556,0,0,3375,0,315,4274,0,0
