Age,Class,N_Initial_Age,AgeSize_Mean,AgeSize_Std,N_Initial_Class,ClassSize_Mean,ClassSize_Std,N_GrowthBack_Class,Capture_Back,PackingDeaths_Emigration_Class,N_AfterEmigration_Class,Deaths_AfterEmiMort_Age,Deaths_AfterEmiMort_Size,N_GrowthOut_Class,Capture_Out,PackingDeaths_Immigration_Class,N_Immigration_Class,Deaths_AfterImmiMort_Age,Deaths_AfterImmiMort_Size
0,50.0,10138,49.94915640217591,10.008025924470708,10084,49.79584468174898,9.809522890763079,0,0,0,0,0,0,0,0,0,8744,0,0
1,100.0,9748,113.44465676002007,0.0,9802,113.25257742615568,2.5921505070802877,10138,0,0,10138,0,0,10138,0,0,10196,0,0
2,150.0,2461,164.79572781619692,2.842170943040401e-14,2461,164.79572781619692,2.842170943040401e-14,9748,0,7430,2318,0,0,2318,0,0,2318,0,0
3,200.0,1891,205.23032539160798,2.842170943040401e-14,1891,205.23032539160798,2.842170943040401e-14,4352,0,799,3553,0,0,1993,0,0,1993,0,0
4,250.0,774,237.0691292852372,5.684341886080802e-14,1108,244.626436360699,11.504409079309067,1108,0,0,1108,0,0,2334,0,1676,658,0,0
5,300.0,334,262.1394773080264,5.684341886080802e-14,652,298.0482756567414,12.765638569052435,652,0,0,652,0,0,908,0,220,688,0,0
6,350.0,928,309.62168964481305,21.29639858858397,276,336.9617835586636,8.721730470062743,276,0,0,276,0,0,354,0,26,328,0,0
Totals,7,26274,NA,NA,26274,NA,NA,26274,0,8229,18045,0,0,18045,0,1922,24925,0,0
