Age,Class,N_Initial_Age,AgeSize_Mean,AgeSize_Std,N_Initial_Class,ClassSize_Mean,ClassSize_Std,N_GrowthBack_Class,Capture_Back,PackingDeaths_Emigration_Class,N_AfterEmigration_Class,Deaths_AfterEmiMort_Age,Deaths_AfterEmiMort_Size,N_GrowthOut_Class,Capture_Out,PackingDeaths_Immigration_Class,N_Immigration_Class,Deaths_AfterImmiMort_Age,Deaths_AfterImmiMort_Size
0,50.0,10392,49.918826430248934,9.985801406325319,10316,49.71216992464622,9.72360536341055,0,0,0,0,0,0,0,0,0,9355,0,0
1,100.0,9617,113.44465676002005,1.4210854715202004e-14,9693,113.16650813799747,3.139541107387855,10392,0,0,10392,0,0,10392,0,0,10460,0,0
2,150.0,2732,164.79572781619692,2.842170943040401e-14,2732,164.79572781619692,2.842170943040401e-14,9617,0,7085,2532,0,0,2532,0,0,2532,0,0
3,200.0,1786,205.230325391608,0.0,1786,205.230325391608,0.0,4518,0,1402,3116,0,0,1889,0,0,1889,0,0
4,250.0,664,237.06912928523727,0.0,1182,248.05596538997906,12.439181533475772,1182,0,0,1182,0,0,1891,0,852,1039,0,0
5,300.0,518,262.13947730802647,0.0,389,290.30329135140846,11.944697987704231,389,0,0,389,0,0,881,0,146,735,0,0
6,350.0,702,314.48619096637754,28.95463353283267,313,344.5409767498375,8.537360592610215,313,0,0,313,0,0,339,0,51,288,0,0
Totals,7,26411,NA,NA,26411,NA,NA,26411,0,8487,17924,0,0,17924,0,1049,26298,0,0
