Age,Class,N_Initial_Age,AgeSize_Mean,AgeSize_Std,N_Initial_Class,ClassSize_Mean,ClassSize_Std,N_GrowthBack_Class,Capture_Back,PackingDeaths_Emigration_Class,N_AfterEmigration_Class,Deaths_AfterEmiMort_Age,Deaths_AfterEmiMort_Size,N_GrowthOut_Class,Capture_Out,PackingDeaths_Immigration_Class,N_Immigration_Class,Deaths_AfterImmiMort_Age,Deaths_AfterImmiMort_Size
0,50.0,9409,50.13423246982491,9.956508024032072,9346,49.9418907608839,9.70490012106485,0,0,0,0,0,0,0,0,0,12264,0,0
1,100.0,11029,113.44465676002008,1.4210854715202004e-14,11092,113.2471332188625,2.6279291371116122,9409,0,0,9409,0,0,9409,0,0,9482,0,0
2,150.0,3293,164.79572781619692,2.842170943040401e-14,3293,164.79572781619692,2.842170943040401e-14,11029,0,9246,1783,0,0,1783,0,0,1783,0,0
3,200.0,2649,205.23032539160798,2.842170943040401e-14,2649,205.23032539160798,2.842170943040401e-14,5942,0,4272,1670,0,0,948,0,0,948,0,0
4,250.0,878,237.0691292852372,5.684341886080802e-14,1283,244.98299596429385,11.652214640832089,1283,0,0,1283,0,0,1600,0,283,1317,0,0
5,300.0,405,262.13947730802647,0.0,507,294.05297312488665,13.203959687644012,507,0,0,507,0,0,866,0,134,732,0,0
6,350.0,836,313.516343122441,26.861630539936247,329,343.510047039645,9.022412832849454,329,0,0,329,0,0,375,0,48,327,0,0
Totals,7,28499,NA,NA,28499,NA,NA,28499,0,13518,14981,0,0,14981,0,465,26853,0,0
