Age,Class,N_Initial_Age,AgeSize_Mean,AgeSize_Std,N_Initial_Class,ClassSize_Mean,ClassSize_Std,N_GrowthBack_Class,Capture_Back,PackingDeaths_Emigration_Class,N_AfterEmigration_Class,Deaths_AfterEmiMort_Age,Deaths_AfterEmiMort_Size,N_GrowthOut_Class,Capture_Out,PackingDeaths_Immigration_Class,N_Immigration_Class,Deaths_AfterImmiMort_Age,Deaths_AfterImmiMort_Size
0,50.0,5842,49.9190104040931,9.997476398382355,5807,49.74340069378624,9.76383172268057,0,0,0,0,0,0,0,0,0,12596,0,0
1,100.0,9550,113.44465676002007,0.0,9585,113.31908221284161,2.0847931373880035,5842,0,0,5842,0,0,5842,0,0,5926,0,0
2,150.0,3207,164.79572781619692,2.842170943040401e-14,3207,164.79572781619692,2.842170943040401e-14,9550,0,7167,2383,0,0,2383,0,0,2383,0,0
3,200.0,2590,205.230325391608,0.0,2590,205.230325391608,0.0,5797,0,4215,1582,0,0,885,0,0,885,0,0
4,250.0,1025,237.0691292852372,5.684341886080802e-14,1370,243.38246510119512,10.882064003016485,1370,0,0,1370,0,0,1722,0,514,1208,0,0
5,300.0,345,262.13947730802647,0.0,562,291.6935875306561,11.305751890720135,562,0,0,562,0,0,894,0,72,822,0,0
6,350.0,867,306.38460618264276,22.137931793519403,305,333.45461432171334,5.20960813717048,305,0,0,305,0,0,318,0,14,304,0,0
Totals,7,23426,NA,NA,23426,NA,NA,23426,0,11382,12044,0,0,12044,0,600,24124,0,0
