Age,Class,N_Initial_Age,AgeSize_Mean,AgeSize_Std,N_Initial_Class,ClassSize_Mean,ClassSize_Std,N_GrowthBack_Class,Capture_Back,PackingDeaths_Emigration_Class,N_AfterEmigration_Class,Deaths_AfterEmiMort_Age,Deaths_AfterEmiMort_Size,N_GrowthOut_Class,Capture_Out,PackingDeaths_Immigration_Class,N_Immigration_Class,Deaths_AfterImmiMort_Age,Deaths_AfterImmiMort_Size
0,50.0,9137,50.027433522502854,10.009382820286685,9075,49.83834100677057,9.775399568469533,0,0,0,0,0,0,0,0,0,10885,0,0
1,100.0,10452,113.44465676002007,0.0,10514,113.2339041196876,2.743375413373508,9137,0,0,9137,0,0,9137,0,0,9202,0,0
2,150.0,5308,164.79572781619692,2.842170943040401e-14,5308,164.79572781619692,2.842170943040401e-14,10452,0,8430,2022,0,0,2022,0,0,2022,0,0
3,200.0,2717,205.23032539160795,5.684341886080802e-14,2717,205.23032539160795,5.684341886080802e-14,8025,0,7182,843,0,0,555,0,0,555,0,0
4,250.0,747,237.06912928523724,2.842170943040401e-14,1105,245.19146828266582,11.732752219128201,1105,0,0,1105,0,0,1035,0,0,1035,0,0
5,300.0,358,262.1394773080264,5.684341886080802e-14,378,292.15685745740325,14.051485486940054,378,0,0,378,0,0,696,0,18,678,0,0
6,350.0,746,316.12893486598944,27.184006229121316,368,340.752427421548,9.930703337550733,368,0,21,347,0,0,387,0,94,293,0,0
Totals,7,29465,NA,NA,29465,NA,NA,29465,0,15633,13832,0,0,13832,0,112,24670,0,0
