Age,Class,N_Initial_Age,AgeSize_Mean,AgeSize_Std,N_Initial_Class,ClassSize_Mean,ClassSize_Std,N_GrowthBack_Class,Capture_Back,PackingDeaths_Emigration_Class,N_AfterEmigration_Class,Deaths_AfterEmiMort_Age,Deaths_AfterEmiMort_Size,N_GrowthOut_Class,Capture_Out,PackingDeaths_Immigration_Class,N_Immigration_Class,Deaths_AfterImmiMort_Age,Deaths_AfterImmiMort_Size
0,50.0,11724,50.06835538187375,10.06316247099297,11655,49.89735323968609,9.839428549824193,0,0,0,0,0,0,0,0,0,9075,0,0
1,100.0,6346,113.44465676002008,1.4210854715202004e-14,6415,113.07366146338798,3.5792476480844386,11724,0,872,10852,0,0,10852,0,403,10514,0,0
2,150.0,3278,164.79572781619692,2.842170943040401e-14,3278,164.79572781619692,2.842170943040401e-14,6346,0,930,5416,0,0,5416,0,108,5308,0,0
3,200.0,905,205.230325391608,0.0,905,205.230325391608,0.0,4183,0,719,3464,0,0,2717,0,0,2717,0,0
4,250.0,358,237.06912928523724,2.842170943040401e-14,1092,253.92044379872377,11.768666817534788,1092,0,0,1092,0,0,1105,0,0,1105,0,0
5,300.0,734,262.13947730802647,0.0,590,299.5733717600992,12.54658399438073,590,0,0,590,0,0,1233,0,855,378,0,0
6,350.0,899,314.18690743555004,23.26970465281519,309,342.0897749064756,9.405987040729494,309,0,0,309,0,0,400,0,32,368,0,0
Totals,7,24244,NA,NA,24244,NA,NA,24244,0,2521,21723,0,0,21723,0,1398,29465,0,0
