Age,Class,N_Initial_Age,AgeSize_Mean,AgeSize_Std,N_Initial_Class,ClassSize_Mean,ClassSize_Std,N_GrowthBack_Class,Capture_Back,PackingDeaths_Emigration_Class,N_AfterEmigration_Class,Deaths_AfterEmiMort_Age,Deaths_AfterEmiMort_Size,N_GrowthOut_Class,Capture_Out,PackingDeaths_Immigration_Class,N_Immigration_Class,Deaths_AfterImmiMort_Age,Deaths_AfterImmiMort_Size
0,50.0,12931,50.003084502643844,10.056724808452518,12834,49.79084581334589,9.789912841017307,0,0,0,0,0,0,0,0,0,8272,0,0
1,100.0,10443,113.44465676002008,1.4210854715202004e-14,10540,113.11923349906034,3.386428570755664,12931,0,2371,10560,0,0,10560,0,0,10612,0,0
2,150.0,3092,164.79572781619692,2.842170943040401e-14,3092,164.79572781619692,2.842170943040401e-14,10443,0,8169,2274,0,0,2274,0,0,2274,0,0
3,200.0,997,205.23032539160798,2.842170943040401e-14,997,205.23032539160798,2.842170943040401e-14,4089,0,1224,2865,0,0,2153,0,0,2153,0,0
4,250.0,491,237.0691292852372,5.684341886080802e-14,1269,252.43928748991024,12.210382963683179,1269,0,0,1269,0,0,1203,0,0,1203,0,0
5,300.0,778,262.13947730802647,0.0,574,296.2841287108447,14.823114495368532,574,0,0,574,0,0,1251,0,775,476,0,0
6,350.0,820,307.7718537089357,21.980986343022103,246,334.57654537114803,8.45212553110021,246,0,0,246,0,0,347,0,56,291,0,0
Totals,7,29552,NA,NA,29552,NA,NA,29552,0,11764,17788,0,0,17788,0,831,25281,0,0
