Age,Class,N_Initial_Age,AgeSize_Mean,AgeSize_Std,N_Initial_Class,ClassSize_Mean,ClassSize_Std,N_GrowthBack_Class,Capture_Back,PackingDeaths_Emigration_Class,N_AfterEmigration_Class,Deaths_AfterEmiMort_Age,Deaths_AfterEmiMort_Size,N_GrowthOut_Class,Capture_Out,PackingDeaths_Immigration_Class,N_Immigration_Class,Deaths_AfterImmiMort_Age,Deaths_AfterImmiMort_Size
0,50.0,8324,49.85662107504376,9.958283706129551,8272,49.680008177356214,9.733983482517706,0,0,0,0,0,0,0,0,0,8788,0,0
1,100.0,10560,113.44465676002007,0.0,10612,113.2707370496971,2.4858607050426995,8324,0,0,8324,0,0,8324,0,0,8381,0,0
2,150.0,2274,164.79572781619694,0.0,2274,164.79572781619694,0.0,10560,0,8779,1781,0,0,1781,0,0,1781,0,0
3,200.0,2153,205.23032539160795,5.684341886080802e-14,2153,205.23032539160795,5.684341886080802e-14,4427,0,1280,3147,0,0,1614,0,0,1614,0,0
4,250.0,712,237.0691292852372,5.684341886080802e-14,1203,247.3014990933748,12.321837537372598,1203,0,0,1203,0,0,2245,0,1357,888,0,0
5,300.0,491,262.13947730802647,0.0,476,290.9162295869751,12.531122222338364,476,0,0,476,0,0,929,0,350,579,0,0
6,350.0,767,307.7851519011763,24.209318184787485,291,335.3783031780139,7.815103430039695,291,0,0,291,0,0,329,0,20,309,0,0
Totals,7,25281,NA,NA,25281,NA,NA,25281,0,10059,15222,0,0,15222,0,1727,22340,0,0
