Age,Class,N_Initial_Age,AgeSize_Mean,AgeSize_Std,N_Initial_Class,ClassSize_Mean,ClassSize_Std,N_GrowthBack_Class,Capture_Back,PackingDeaths_Emigration_Class,N_AfterEmigration_Class,Deaths_AfterEmiMort_Age,Deaths_AfterEmiMort_Size,N_GrowthOut_Class,Capture_Out,PackingDeaths_Immigration_Class,N_Immigration_Class,Deaths_AfterImmiMort_Age,Deaths_AfterImmiMort_Size
0,50.0,9194,49.86016128668895,10.074104243126172,9141,49.69192080472568,9.853624911088906,0,0,0,0,0,0,0,0,0,10117,0,0
1,100.0,9461,113.44465676002007,0.0,9514,113.25208875345496,2.5862585113972867,9194,0,0,9194,0,0,9194,0,0,9261,0,0
2,150.0,2935,164.79572781619692,2.842170943040401e-14,2935,164.79572781619692,2.842170943040401e-14,9461,0,6923,2538,0,0,2538,0,0,2538,0,0
3,200.0,1933,205.230325391608,0.0,1933,205.230325391608,0.0,4868,0,1933,2935,0,0,1754,0,0,1754,0,0
4,250.0,783,237.06912928523724,2.842170943040401e-14,1123,244.65943946132657,11.518633128380849,1123,0,0,1123,0,0,1964,0,964,1000,0,0
5,300.0,340,262.13947730802647,0.0,644,299.739732002781,14.078791179570592,644,0,0,644,0,0,840,0,196,644,0,0
6,350.0,960,311.99365394669366,21.71049406569968,316,336.9668366425158,9.914877542484794,316,0,0,316,0,0,460,0,180,280,0,0
Totals,7,25606,NA,NA,25606,NA,NA,25606,0,8856,16750,0,0,16750,0,1340,25594,0,0
