Age,Class,N_Initial_Age,AgeSize_Mean,AgeSize_Std,N_Initial_Class,ClassSize_Mean,ClassSize_Std,N_GrowthBack_Class,Capture_Back,PackingDeaths_Emigration_Class,N_AfterEmigration_Class,Deaths_AfterEmiMort_Age,Deaths_AfterEmiMort_Size,N_GrowthOut_Class,Capture_Out,PackingDeaths_Immigration_Class,N_Immigration_Class,Deaths_AfterImmiMort_Age,Deaths_AfterImmiMort_Size
0,50.0,9389,49.793538528826105,10.043316839657605,9323,49.5988652589241,9.806216900404293,0,0,0,0,0,0,0,0,0,8787,0,0
1,100.0,9386,113.44465676002007,0.0,9452,113.19221971939774,3.0151544486731905,9389,0,0,9389,0,0,9389,0,0,9441,0,0
2,150.0,3267,164.79572781619692,2.842170943040401e-14,3267,164.79572781619692,2.842170943040401e-14,9386,0,6695,2691,0,0,2691,0,0,2691,0,0
3,200.0,1965,205.23032539160798,2.842170943040401e-14,1965,205.23032539160798,2.842170943040401e-14,5232,0,2276,2956,0,0,1863,0,0,1863,0,0
4,250.0,485,237.0691292852372,5.684341886080802e-14,805,247.0349819154143,12.269033178533716,805,0,0,805,0,0,1578,0,147,1431,0,0
5,300.0,320,262.13947730802647,0.0,309,290.9661822622324,12.30820375590216,309,0,0,309,0,0,611,0,0,611,0,0
6,350.0,641,316.918714178112,27.45526664497737,332,341.0733297263253,10.20034227566842,332,0,16,316,0,0,334,0,0,334,0,0
Totals,7,25453,NA,NA,25453,NA,NA,25453,0,8987,16466,0,0,16466,0,147,25158,0,0
