Age,Class,N_Initial_Age,AgeSize_Mean,AgeSize_Std,N_Initial_Class,ClassSize_Mean,ClassSize_Std,N_GrowthBack_Class,Capture_Back,PackingDeaths_Emigration_Class,N_AfterEmigration_Class,Deaths_AfterEmiMort_Age,Deaths_AfterEmiMort_Size,N_GrowthOut_Class,Capture_Out,PackingDeaths_Immigration_Class,N_Immigration_Class,Deaths_AfterImmiMort_Age,Deaths_AfterImmiMort_Size
0,50.0,12680,50.06820963344062,9.9590164403782,12596,49.88411537664529,9.730325918029918,0,0,0,0,0,0,0,0,0,8887,0,0
1,100.0,5842,113.44465676002007,0.0,5926,112.93760810999666,4.240667206978824,12680,0,1367,11313,0,0,11313,0,573,10800,0,0
2,150.0,2383,164.79572781619692,2.842170943040401e-14,2383,164.79572781619692,2.842170943040401e-14,5842,0,388,5454,0,0,5454,0,143,5311,0,0
3,200.0,885,205.23032539160798,2.842170943040401e-14,885,205.23032539160798,2.842170943040401e-14,3268,0,51,3217,0,0,2354,0,0,2354,0,0
4,250.0,503,237.06912928523724,2.842170943040401e-14,1208,251.70041683164987,12.358676933404203,1208,0,0,1208,0,0,1366,0,64,1302,0,0
5,300.0,705,262.13947730802647,0.0,822,295.7318512713437,12.868263540603255,822,0,57,765,0,0,1395,0,1053,342,0,0
6,350.0,1126,307.03279503867,21.723545171819847,304,337.58995219900606,4.5958206481260415,304,0,0,304,0,0,379,0,47,332,0,0
Totals,7,24124,NA,NA,24124,NA,NA,24124,0,1863,22261,0,0,22261,0,1880,29328,0,0
