Age,Class,N_Initial_Age,AgeSize_Mean,AgeSize_Std,N_Initial_Class,ClassSize_Mean,ClassSize_Std,N_GrowthBack_Class,Capture_Back,PackingDeaths_Emigration_Class,N_AfterEmigration_Class,Deaths_AfterEmiMort_Age,Deaths_AfterEmiMort_Size,N_GrowthOut_Class,Capture_Out,PackingDeaths_Immigration_Class,N_Immigration_Class,Deaths_AfterImmiMort_Age,Deaths_AfterImmiMort_Size
0,50.0,744,50.44223678733285,10.096271196344189,740,50.282669559492355,9.883455634164857,0,0,0,0,0,0,0,0,0,674,0,0
1,100.0,457,134.45931881561046,2.842170943040401e-14,4,79.96217393782584,3.5237757766964117,744,0,111,633,0,0,0,0,0,5,0,0
2,150.0,298,181.3429854668015,2.842170943040401e-14,457,134.45931881561046,2.842170943040401e-14,457,0,22,435,0,0,613,0,59,554,0,0
3,200.0,140,218.25988232814936,0.0,438,193.14290683800857,17.215642185704166,438,0,71,367,0,0,612,0,225,387,0,0
4,250.0,87,247.32879632779208,1.1368683772161603e-13,140,255.99402962336157,11.102018617909877,140,0,16,124,0,0,185,0,46,139,0,0
5,300.0,53,270.2180918255229,1.1368683772161603e-13,47,297.52180479244896,11.461221920171232,47,0,11,36,0,0,73,0,28,45,0,0
6,350.0,52,300.9559441156339,15.224339863900093,5,333.2368537535717,4.77732876316675,5,0,0,5,0,0,7,0,3,4,0,0
Totals,7,1831,NA,NA,1831,NA,NA,1831,0,231,1600,0,0,1490,0,361,1808,0,0
