Age,Class,N_Initial_Age,AgeSize_Mean,AgeSize_Std,N_Initial_Class,ClassSize_Mean,ClassSize_Std,N_GrowthBack_Class,Capture_Back,PackingDeaths_Emigration_Class,N_AfterEmigration_Class,Deaths_AfterEmiMort_Age,Deaths_AfterEmiMort_Size,N_GrowthOut_Class,Capture_Out,PackingDeaths_Immigration_Class,N_Immigration_Class,Deaths_AfterImmiMort_Age,Deaths_AfterImmiMort_Size
0,50.0,735,50.39972085072236,9.632337746717944,727,50.09891352779438,9.243234378680668,0,0,0,0,0,0,0,0,91,723,0,0
1,100.0,481,134.45931881561046,2.842170943040401e-14,8,77.73558632180192,2.1783991574918478,735,0,124,611,0,0,0,0,0,4,0,0
2,150.0,274,181.3429854668015,2.842170943040401e-14,481,134.45931881561046,2.842170943040401e-14,481,0,44,437,0,0,584,0,95,489,0,0
3,200.0,126,218.25988232814922,1.4210854715202004e-13,400,192.9718079781261,17.14848472226047,400,0,74,326,0,0,590,0,161,429,0,0
4,250.0,80,247.3287963277922,0.0,125,255.5689427069751,10.986861838910682,125,0,22,103,0,0,155,0,18,137,0,0
5,300.0,45,270.2180918255229,1.1368683772161603e-13,42,300.5501714720265,12.2644853578944,42,0,2,40,0,0,67,0,15,52,0,0
6,350.0,48,304.68070647364675,15.99870800955412,6,333.5944514849884,6.269941767159673,6,0,0,6,0,0,13,0,3,10,0,0
Totals,7,1789,NA,NA,1789,NA,NA,1789,0,266,1523,0,0,1409,0,383,1844,0,0
