Age,Class,N_Initial_Age,AgeSize_Mean,AgeSize_Std,N_Initial_Class,ClassSize_Mean,ClassSize_Std,N_GrowthBack_Class,Capture_Back,PackingDeaths_Emigration_Class,N_AfterEmigration_Class,Deaths_AfterEmiMort_Age,Deaths_AfterEmiMort_Size,N_GrowthOut_Class,Capture_Out,PackingDeaths_Immigration_Class,N_Immigration_Class,Deaths_AfterImmiMort_Age,Deaths_AfterImmiMort_Size
0,50.0,703,50.28595613484543,10.04596490274294,700,50.16253526362004,9.885371184960478,0,0,0,0,0,0,0,0,0,433,0,0
1,100.0,362,134.4593188156105,0.0,3,79.08415942076583,3.8594019769589774,703,0,36,667,0,0,0,0,0,4,0,0
2,150.0,248,181.3429854668015,2.842170943040401e-14,362,134.4593188156105,0.0,362,0,14,348,0,0,641,0,104,537,0,0
3,200.0,129,218.25988232814936,0.0,377,193.9750270984033,17.514773828958656,377,0,29,348,0,0,529,0,110,419,0,0
4,250.0,59,247.3287963277922,0.0,106,257.47782357678585,11.371074250743419,106,0,19,87,0,0,150,0,31,119,0,0
5,300.0,47,270.2180918255229,1.1368683772161603e-13,42,298.63259936127974,10.282875791439572,42,0,3,39,0,0,68,0,16,52,0,0
6,350.0,44,300.3738400665888,12.837885443455733,2,336.93989487807823,2.1479677771334593,2,0,1,1,0,0,2,0,0,2,0,0
Totals,7,1592,NA,NA,1592,NA,NA,1592,0,102,1490,0,0,1390,0,261,1566,0,0
