Age,Class,N_Initial_Age,AgeSize_Mean,AgeSize_Std,N_Initial_Class,ClassSize_Mean,ClassSize_Std,N_GrowthBack_Class,Capture_Back,PackingDeaths_Emigration_Class,N_AfterEmigration_Class,Deaths_AfterEmiMort_Age,Deaths_AfterEmiMort_Size,N_GrowthOut_Class,Capture_Out,PackingDeaths_Immigration_Class,N_Immigration_Class,Deaths_AfterImmiMort_Age,Deaths_AfterImmiMort_Size
0,50.0,566,50.186456767702644,9.99961873906783,561,49.93306534155212,9.673327687463406,0,0,0,0,0,0,0,0,0,660,0,0
1,100.0,521,134.45931881561046,2.842170943040401e-14,5,78.61697478179117,2.1720281872322924,566,0,3,563,0,0,0,0,0,4,0,0
2,150.0,270,181.3429854668015,2.842170943040401e-14,521,134.45931881561046,2.842170943040401e-14,521,0,38,483,0,0,529,0,53,476,0,0
3,200.0,157,218.2598823281493,5.684341886080802e-14,427,194.91664543689896,17.800369663669017,427,0,65,362,0,0,641,0,201,440,0,0
4,250.0,81,247.32879632779216,2.842170943040401e-14,123,255.1446533270172,10.854116260245833,123,0,25,98,0,0,184,0,35,149,0,0
5,300.0,42,270.21809182552283,5.684341886080802e-14,59,298.3162190354896,11.359122527711552,59,0,15,44,0,0,59,0,7,52,0,0
6,350.0,61,299.42270543192313,12.694895385073096,2,332.0640541267116,2.7278729742332075,2,0,0,2,0,0,5,0,0,5,0,0
Totals,7,1698,NA,NA,1698,NA,NA,1698,0,146,1552,0,0,1418,0,296,1786,0,0
