Age,Class,N_Initial_Age,AgeSize_Mean,AgeSize_Std,N_Initial_Class,ClassSize_Mean,ClassSize_Std,N_GrowthBack_Class,Capture_Back,PackingDeaths_Emigration_Class,N_AfterEmigration_Class,Deaths_AfterEmiMort_Age,Deaths_AfterEmiMort_Size,N_GrowthOut_Class,Capture_Out,PackingDeaths_Immigration_Class,N_Immigration_Class,Deaths_AfterImmiMort_Age,Deaths_AfterImmiMort_Size
0,50.0,623,50.01643186347821,9.671945053096358,621,49.93499545441239,9.5802896597263,0,0,0,0,0,0,0,0,9,574,0,0
1,100.0,381,134.45931881561046,2.842170943040401e-14,2,75.30243687841296,0.06790313097921796,623,0,83,540,0,0,0,0,0,4,0,0
2,150.0,280,181.34298546680154,5.684341886080802e-14,381,134.45931881561046,2.842170943040401e-14,381,0,37,344,0,0,514,0,44,470,0,0
3,200.0,138,218.2598823281494,2.842170943040401e-14,418,193.5308605071508,17.360709312248787,418,0,57,361,0,0,528,0,120,408,0,0
4,250.0,65,247.32879632779216,2.842170943040401e-14,119,257.71553546121606,11.395647917384183,119,0,15,104,0,0,160,0,33,127,0,0
5,300.0,54,270.2180918255229,1.1368683772161603e-13,53,298.0778270834172,10.904607668407849,53,0,9,44,0,0,73,0,11,62,0,0
6,350.0,56,300.1319118807026,13.761541077598421,3,336.4207432994095,6.5515144613572796,3,0,1,2,0,0,5,0,0,5,0,0
Totals,7,1597,NA,NA,1597,NA,NA,1597,0,202,1395,0,0,1280,0,217,1650,0,0
