Age,Class,N_Initial_Age,AgeSize_Mean,AgeSize_Std,N_Initial_Class,ClassSize_Mean,ClassSize_Std,N_GrowthBack_Class,Capture_Back,PackingDeaths_Emigration_Class,N_AfterEmigration_Class,Deaths_AfterEmiMort_Age,Deaths_AfterEmiMort_Size,N_GrowthOut_Class,Capture_Out,PackingDeaths_Immigration_Class,N_Immigration_Class,Deaths_AfterImmiMort_Age,Deaths_AfterImmiMort_Size
0,50.0,656,48.914628920440265,10.482462454329376,652,48.734818386508714,10.258055516247058,0,0,0,0,0,0,0,0,6,739,0,0
1,100.0,390,134.4593188156105,0.0,4,78.22374595128323,2.059397852621982,656,0,15,641,0,0,0,0,0,4,0,0
2,150.0,335,181.34298546680154,5.684341886080802e-14,390,134.4593188156105,0.0,390,0,1,389,0,0,603,0,63,540,0,0
3,200.0,138,218.2598823281494,2.842170943040401e-14,473,192.11366573501718,16.781315179333895,473,0,57,416,0,0,624,0,139,485,0,0
4,250.0,109,247.3287963277921,8.526512829121202e-14,149,253.47357364261907,10.143536635612563,149,0,16,133,0,0,194,0,24,170,0,0
5,300.0,40,270.2180918255228,0.0,51,299.6850984504587,12.18112343387579,51,0,14,37,0,0,60,0,11,49,0,0
6,350.0,54,301.8055219708498,14.79611550402743,3,337.85272181749843,6.508349028569125,3,0,0,3,0,0,8,0,2,6,0,0
Totals,7,1722,NA,NA,1722,NA,NA,1722,0,103,1619,0,0,1489,0,245,1993,0,0
