Age,Class,N_Initial_Age,AgeSize_Mean,AgeSize_Std,N_Initial_Class,ClassSize_Mean,ClassSize_Std,N_GrowthBack_Class,Capture_Back,PackingDeaths_Emigration_Class,N_AfterEmigration_Class,Deaths_AfterEmiMort_Age,Deaths_AfterEmiMort_Size,N_GrowthOut_Class,Capture_Out,PackingDeaths_Immigration_Class,N_Immigration_Class,Deaths_AfterImmiMort_Age,Deaths_AfterImmiMort_Size
0,50.0,644,50.04635296261834,9.840194881831412,641,49.9129184563058,9.665056844559246,0,0,0,0,0,0,0,0,0,545,0,0
1,100.0,464,134.4593188156105,0.0,3,78.5568591447307,3.1757432557372898,644,0,2,642,0,0,0,0,0,3,0,0
2,150.0,271,181.3429854668015,2.842170943040401e-14,464,134.4593188156105,0.0,464,0,49,415,0,0,603,0,83,520,0,0
3,200.0,121,218.25988232814927,8.526512829121202e-14,392,192.7382521000237,17.05361490605424,392,0,66,326,0,0,579,0,207,372,0,0
4,250.0,67,247.3287963277922,0.0,104,255.47210337986937,10.958152750319659,104,0,16,88,0,0,140,0,24,116,0,0
5,300.0,37,270.2180918255229,1.1368683772161603e-13,50,299.11500450981714,11.316051878740387,50,0,14,36,0,0,60,0,7,53,0,0
6,350.0,56,302.5478357911189,14.602893960984263,6,331.1547631353005,2.571863304394423,6,0,3,3,0,0,5,0,0,5,0,0
Totals,7,1660,NA,NA,1660,NA,NA,1660,0,150,1510,0,0,1387,0,321,1614,0,0
