Age,Class,N_Initial_Age,AgeSize_Mean,AgeSize_Std,N_Initial_Class,ClassSize_Mean,ClassSize_Std,N_GrowthBack_Class,Capture_Back,PackingDeaths_Emigration_Class,N_AfterEmigration_Class,Deaths_AfterEmiMort_Age,Deaths_AfterEmiMort_Size,N_GrowthOut_Class,Capture_Out,PackingDeaths_Immigration_Class,N_Immigration_Class,Deaths_AfterImmiMort_Age,Deaths_AfterImmiMort_Size
0,50.0,2323,50.660913598718984,10.134435919952017,2299,50.369488992099456,9.770678995724888,0,0,0,0,0,0,0,0,12,2144,0,0
1,100.0,1885,113.44465676002008,1.4210854715202004e-14,1909,113.00629915643027,3.899193715319881,2323,0,395,1928,0,1,1927,0,92,1854,0,1
2,150.0,995,164.79572781619694,0.0,995,164.79572781619694,0.0,1885,0,475,1410,0,0,1410,0,298,1112,0,0
3,200.0,526,205.230325391608,0.0,526,205.230325391608,0.0,1521,0,646,875,0,0,584,0,86,498,0,0
4,250.0,205,237.06912928523727,0.0,322,246.17854145500849,12.057974261890756,322,0,48,274,0,0,469,0,150,319,0,0
5,300.0,117,262.1394773080264,5.684341886080802e-14,133,292.8196415149374,12.02498330264409,133,0,16,117,0,0,208,0,80,128,0,0
6,350.0,157,299.8203781975722,20.17710189995638,24,338.61612731384,9.229209000616935,24,0,0,24,0,0,29,0,2,27,0,0
Totals,7,6208,NA,NA,6208,NA,NA,6208,0,1580,4628,0,1,4627,0,720,6082,0,1
