Age,Class,N_Initial_Age,AgeSize_Mean,AgeSize_Std,N_Initial_Class,ClassSize_Mean,ClassSize_Std,N_GrowthBack_Class,Capture_Back,PackingDeaths_Emigration_Class,N_AfterEmigration_Class,Deaths_AfterEmiMort_Age,Deaths_AfterEmiMort_Size,N_GrowthOut_Class,Capture_Out,PackingDeaths_Immigration_Class,N_Immigration_Class,Deaths_AfterImmiMort_Age,Deaths_AfterImmiMort_Size
0,50.0,2199,50.404762534456324,9.953332819738142,2177,50.132301627364626,9.623412145791223,0,0,0,0,0,0,0,0,29,1892,0,0
1,100.0,1544,113.44465676002008,1.4210854715202004e-14,1566,112.93780473050298,4.252643488526709,2199,0,307,1892,0,1,1891,0,153,1753,0,0
2,150.0,952,164.79572781619692,2.842170943040401e-14,952,164.79572781619692,2.842170943040401e-14,1544,0,387,1157,0,0,1157,0,194,963,0,0
3,200.0,481,205.230325391608,0.0,481,205.230325391608,0.0,1433,0,598,835,0,0,543,0,83,460,0,0
4,250.0,200,237.0691292852372,5.684341886080802e-14,324,246.6639538371689,12.185439366398683,324,0,39,285,0,0,468,0,176,292,0,0
5,300.0,124,262.1394773080264,5.684341886080802e-14,132,292.0116576123173,12.876715919083118,132,0,8,124,0,0,223,0,89,134,0,0
6,350.0,158,299.17915251593064,20.26271450416795,26,335.56797279581326,8.263286037765985,26,0,7,19,0,0,29,0,8,21,0,0
Totals,7,5658,NA,NA,5658,NA,NA,5658,0,1346,4312,0,1,4311,0,732,5515,0,0
