Age,Class,N_Initial_Age,AgeSize_Mean,AgeSize_Std,N_Initial_Class,ClassSize_Mean,ClassSize_Std,N_GrowthBack_Class,Capture_Back,PackingDeaths_Emigration_Class,N_AfterEmigration_Class,Deaths_AfterEmiMort_Age,Deaths_AfterEmiMort_Size,N_GrowthOut_Class,Capture_Out,PackingDeaths_Immigration_Class,N_Immigration_Class,Deaths_AfterImmiMort_Age,Deaths_AfterImmiMort_Size
0,50.0,1523,49.75894989482989,10.186644945624993,1515,49.5974432027279,9.962757671301429,0,0,0,0,0,0,0,0,30,1963,0,0
1,100.0,1886,113.44465676002008,1.4210854715202004e-14,1894,113.30484524133634,2.1640045280692433,1523,0,97,1426,0,0,1426,0,105,1330,0,0
2,150.0,1126,164.79572781619697,2.842170943040401e-14,1126,164.79572781619697,2.842170943040401e-14,1886,0,584,1302,0,0,1302,0,262,1040,0,0
3,200.0,511,205.23032539160798,2.842170943040401e-14,511,205.23032539160798,2.842170943040401e-14,1637,0,680,957,0,0,651,0,127,524,0,0
4,250.0,222,237.06912928523724,2.842170943040401e-14,327,245.11924103567418,11.705332289656523,327,0,61,266,0,0,483,0,155,328,0,0
5,300.0,105,262.13947730802647,0.0,122,294.05978308480945,13.375607155935793,122,0,20,102,0,0,181,0,54,127,0,0
6,350.0,144,300.3004618933926,19.434465717055485,22,334.9078625591719,8.151216863883079,22,0,4,18,0,0,28,0,5,23,0,0
Totals,7,5517,NA,NA,5517,NA,NA,5517,0,1446,4071,0,0,4071,0,738,5335,0,0
