Age,Class,N_Initial_Age,AgeSize_Mean,AgeSize_Std,N_Initial_Class,ClassSize_Mean,ClassSize_Std,N_GrowthBack_Class,Capture_Back,PackingDeaths_Emigration_Class,N_AfterEmigration_Class,Deaths_AfterEmiMort_Age,Deaths_AfterEmiMort_Size,N_GrowthOut_Class,Capture_Out,PackingDeaths_Immigration_Class,N_Immigration_Class,Deaths_AfterImmiMort_Age,Deaths_AfterImmiMort_Size
0,50.0,2520,50.30301050553141,9.947011496988457,2506,50.143765650334664,9.741046279938379,0,0,0,0,0,0,0,0,4,1940,0,0
1,100.0,1621,113.44465676002008,1.4210854715202004e-14,1635,113.14807239277862,3.2017174588947097,2520,0,526,1994,0,0,1994,0,215,1796,0,0
2,150.0,923,164.79572781619692,2.842170943040401e-14,923,164.79572781619692,2.842170943040401e-14,1621,0,396,1225,0,0,1225,0,211,1014,0,0
3,200.0,471,205.23032539160798,2.842170943040401e-14,471,205.23032539160798,2.842170943040401e-14,1394,0,385,1009,0,0,656,0,120,536,0,0
4,250.0,181,237.0691292852373,2.842170943040401e-14,284,246.16154423716432,12.053132271505067,284,0,21,263,0,0,524,0,180,344,0,0
5,300.0,103,262.13947730802636,1.1368683772161603e-13,128,294.7235835497663,12.847843799917577,128,0,15,113,0,0,197,0,73,124,0,0
6,350.0,150,301.4773605175036,20.379070369308604,22,340.7720628752476,7.860258056153385,22,0,2,20,0,0,28,0,7,21,0,0
Totals,7,5969,NA,NA,5969,NA,NA,5969,0,1345,4624,0,0,4624,0,810,5775,0,0
