Age,Class,N_Initial_Age,AgeSize_Mean,AgeSize_Std,N_Initial_Class,ClassSize_Mean,ClassSize_Std,N_GrowthBack_Class,Capture_Back,PackingDeaths_Emigration_Class,N_AfterEmigration_Class,Deaths_AfterEmiMort_Age,Deaths_AfterEmiMort_Size,N_GrowthOut_Class,Capture_Out,PackingDeaths_Immigration_Class,N_Immigration_Class,Deaths_AfterImmiMort_Age,Deaths_AfterImmiMort_Size
0,50.0,2163,50.06477124713222,10.051430723190359,2144,49.81103364112232,9.719568053238302,0,0,0,0,0,0,0,0,54,2506,0,0
1,100.0,1834,113.44465676002007,0.0,1853,113.08836728486645,3.5214122285985083,2163,0,273,1890,0,0,1890,0,269,1635,0,0
2,150.0,1112,164.79572781619694,0.0,1112,164.79572781619694,0.0,1834,0,636,1198,0,0,1198,0,275,923,0,0
3,200.0,498,205.23032539160798,2.842170943040401e-14,498,205.23032539160798,2.842170943040401e-14,1610,0,670,940,0,0,661,0,190,471,0,0
4,250.0,201,237.06912928523724,2.842170943040401e-14,319,246.34280034068902,12.103436948417546,319,0,68,251,0,0,448,0,164,284,0,0
5,300.0,118,262.13947730802636,1.1368683772161603e-13,128,292.3677391563928,11.97751625425828,128,0,30,98,0,0,178,0,50,128,0,0
6,350.0,155,300.5503995031659,21.19625358466471,27,339.342270776757,8.767314156653702,27,0,3,24,0,0,26,0,4,22,0,0
Totals,7,6081,NA,NA,6081,NA,NA,6081,0,1680,4401,0,0,4401,0,1006,5969,0,0
