Age,Class,N_Initial_Age,AgeSize_Mean,AgeSize_Std,N_Initial_Class,ClassSize_Mean,ClassSize_Std,N_GrowthBack_Class,Capture_Back,PackingDeaths_Emigration_Class,N_AfterEmigration_Class,Deaths_AfterEmiMort_Age,Deaths_AfterEmiMort_Size,N_GrowthOut_Class,Capture_Out,PackingDeaths_Immigration_Class,N_Immigration_Class,Deaths_AfterImmiMort_Age,Deaths_AfterImmiMort_Size
0,50.0,1835,49.702107599984956,9.99921252618479,1821,49.48444053004793,9.717646804426725,0,0,0,0,0,0,0,0,6,1761,0,0
1,100.0,1468,113.44465676002005,1.4210854715202004e-14,1482,113.10995773580606,3.447017403462226,1835,0,158,1677,0,0,1677,0,189,1501,0,0
2,150.0,922,164.79572781619692,2.842170943040401e-14,922,164.79572781619692,2.842170943040401e-14,1468,0,421,1047,0,0,1047,0,203,844,0,0
3,200.0,433,205.23032539160798,2.842170943040401e-14,433,205.23032539160798,2.842170943040401e-14,1355,0,536,819,0,0,541,0,104,437,0,0
4,250.0,191,237.06912928523727,0.0,295,245.90748926615274,11.97765225409369,295,0,46,249,0,0,435,0,156,279,0,0
5,300.0,104,262.13947730802647,0.0,104,292.3390758127978,13.307130462223501,104,0,19,85,0,0,167,0,53,114,0,0
6,350.0,121,298.39028540929775,19.56442577735032,17,335.40944999965063,6.830678505712661,17,0,0,17,0,0,27,0,1,26,0,0
Totals,7,5074,NA,NA,5074,NA,NA,5074,0,1180,3894,0,0,3894,0,712,4962,0,0
