Age,Class,N_Initial_Age,AgeSize_Mean,AgeSize_Std,N_Initial_Class,ClassSize_Mean,ClassSize_Std,N_GrowthBack_Class,Capture_Back,PackingDeaths_Emigration_Class,N_AfterEmigration_Class,Deaths_AfterEmiMort_Age,Deaths_AfterEmiMort_Size,N_GrowthOut_Class,Capture_Out,PackingDeaths_Immigration_Class,N_Immigration_Class,Deaths_AfterImmiMort_Age,Deaths_AfterImmiMort_Size
0,50.0,2208,49.950143078818876,10.149013047525203,2192,49.74740060279073,9.901312654497659,0,0,0,0,0,0,0,0,0,2649,0,1
1,100.0,1471,113.44465676002005,1.4210854715202004e-14,1487,113.06032541405804,3.6942921098007164,2208,0,327,1881,0,8,1873,0,113,1787,0,4
2,150.0,906,164.79572781619694,0.0,906,164.79572781619694,0.0,1471,0,346,1125,0,1,1124,0,139,985,0,0
3,200.0,460,205.23032539160795,5.684341886080802e-14,460,205.23032539160795,5.684341886080802e-14,1366,0,595,771,0,0,500,0,27,473,0,0
4,250.0,185,237.06912928523727,0.0,308,247.08098904758486,12.278577796165939,308,0,32,276,0,0,436,0,138,298,0,0
5,300.0,123,262.1394773080264,5.684341886080802e-14,134,292.89027864386,12.60023129790843,134,0,20,114,0,0,215,0,78,137,0,0
6,350.0,152,297.8206494873547,18.059344190918058,18,334.52452132226017,6.63393352547906,18,0,2,16,0,0,26,0,1,25,0,0
Totals,7,5505,NA,NA,5505,NA,NA,5505,0,1322,4183,0,9,4174,0,496,6354,0,5
