Age,Class,N_Initial_Age,AgeSize_Mean,AgeSize_Std,N_Initial_Class,ClassSize_Mean,ClassSize_Std,N_GrowthBack_Class,Capture_Back,PackingDeaths_Emigration_Class,N_AfterEmigration_Class,Deaths_AfterEmiMort_Age,Deaths_AfterEmiMort_Size,N_GrowthOut_Class,Capture_Out,PackingDeaths_Immigration_Class,N_Immigration_Class,Deaths_AfterImmiMort_Age,Deaths_AfterImmiMort_Size
0,50.0,3028,49.73252939233817,9.916601488648775,3037,49.762429041817576,9.881344440905554,0,0,0,0,0,0,0,0,15816,30657,0,1914
1,100.0,3141,100.05090003183699,10.005918682471512,3144,100.22924013994911,9.843156751883106,3028,0,0,3028,0,0,3028,0,808,2407,0,7
2,150.0,3358,149.94907891602145,10.120805390818013,3346,150.02931261207414,9.852192465692818,3141,0,445,2696,0,0,2696,0,1285,1411,0,0
3,200.0,3497,200.3309307978267,10.0385436177501,3489,200.28351504729144,9.807852762402156,6855,0,5290,1565,0,0,785,0,229,556,0,0
4,250.0,3365,250.19331916790492,9.940238109345993,3374,250.12784202726732,9.833571373913788,6829,0,6453,376,0,0,978,0,582,396,0,0
5,300.0,3464,300.15658083140875,9.853492953805514,3462,300.165342287695,9.640472112421277,3447,0,3170,277,0,0,455,0,275,180,0,0
6,350.0,3447,349.748589208007,9.952698168325984,3448,349.7744501160093,9.88233076565345,0,0,0,0,0,0,0,0,0,0,0,0
Totals,7,23300,NA,NA,23300,NA,NA,23300,0,15358,7942,0,0,7942,0,18995,35607,0,1921
