Age,Class,N_Initial_Age,AgeSize_Mean,AgeSize_Std,N_Initial_Class,ClassSize_Mean,ClassSize_Std,N_GrowthBack_Class,Capture_Back,PackingDeaths_Emigration_Class,N_AfterEmigration_Class,Deaths_AfterEmiMort_Age,Deaths_AfterEmiMort_Size,N_GrowthOut_Class,Capture_Out,PackingDeaths_Immigration_Class,N_Immigration_Class,Deaths_AfterImmiMort_Age,Deaths_AfterImmiMort_Size
0,50.0,1708,49.358349119040184,10.033831112420481,1699,49.208673920262214,9.845737523169456,0,0,0,0,0,0,0,0,37,1361,0,8
1,100.0,1340,113.44465676002007,0.0,1349,113.20560664434548,2.921421595240981,1708,0,198,1510,0,2,1508,0,164,1352,0,1
2,150.0,776,164.79572781619692,2.842170943040401e-14,776,164.79572781619692,2.842170943040401e-14,1340,0,318,1022,0,1,1021,0,186,835,0,0
3,200.0,394,205.23032539160798,2.842170943040401e-14,394,205.23032539160798,2.842170943040401e-14,1170,0,344,826,0,0,545,0,149,396,0,0
4,250.0,163,237.06912928523727,0.0,242,245.25325116044525,11.755804217667501,242,0,26,216,0,0,431,0,150,281,0,0
5,300.0,79,262.1394773080263,1.7053025658242404e-13,98,295.47789216184754,13.856576699960241,98,0,14,84,0,0,139,0,41,98,0,0
6,350.0,109,299.40309324171045,17.73085270802567,11,334.3730664986708,6.670861988940045,11,0,1,10,0,0,21,0,2,19,0,0
Totals,7,4569,NA,NA,4569,NA,NA,4569,0,901,3668,0,3,3665,0,729,4342,0,9
