Age,Class,N_Initial_Age,AgeSize_Mean,AgeSize_Std,N_Initial_Class,ClassSize_Mean,ClassSize_Std,N_GrowthBack_Class,Capture_Back,PackingDeaths_Emigration_Class,N_AfterEmigration_Class,Deaths_AfterEmiMort_Age,Deaths_AfterEmiMort_Size,N_GrowthOut_Class,Capture_Out,PackingDeaths_Immigration_Class,N_Immigration_Class,Deaths_AfterImmiMort_Age,Deaths_AfterImmiMort_Size
0,50.0,1819,50.18416353220597,9.832454004120615,1809,50.023362495154,9.614202208772289,0,0,0,0,0,0,0,0,100,2206,0,14
1,100.0,1352,113.4446567600201,2.842170943040401e-14,1362,113.19376406086361,2.9343614168252263,1819,0,182,1637,0,3,1634,0,163,1488,0,1
2,150.0,957,164.79572781619694,0.0,957,164.79572781619694,0.0,1352,0,257,1095,0,2,1093,0,186,907,0,1
3,200.0,525,205.230325391608,0.0,525,205.230325391608,0.0,1482,0,619,863,0,0,560,0,100,460,0,0
4,250.0,228,237.06912928523724,2.842170943040401e-14,343,245.47463955526862,11.835390356013294,343,0,45,298,0,0,506,0,198,308,0,0
5,300.0,115,262.1394773080264,5.684341886080802e-14,127,291.7951960595767,12.686143814487204,127,0,23,104,0,0,191,0,57,134,0,0
6,350.0,144,296.7491942450145,18.13344702104916,17,333.75847480681455,5.475473468384901,17,0,0,17,0,0,25,0,7,18,0,0
Totals,7,5140,NA,NA,5140,NA,NA,5140,0,1126,4014,0,5,4009,0,811,5521,0,16
