Age,Class,N_Initial_Age,AgeSize_Mean,AgeSize_Std,N_Initial_Class,ClassSize_Mean,ClassSize_Std,N_GrowthBack_Class,Capture_Back,PackingDeaths_Emigration_Class,N_AfterEmigration_Class,Deaths_AfterEmiMort_Age,Deaths_AfterEmiMort_Size,N_GrowthOut_Class,Capture_Out,PackingDeaths_Immigration_Class,N_Immigration_Class,Deaths_AfterImmiMort_Age,Deaths_AfterImmiMort_Size
0,50.0,659,49.949178104148714,10.061491831519925,655,49.777070592291224,9.844470872544422,0,0,0,0,0,0,0,0,0,680,0,0
1,100.0,623,134.4593188156105,0.0,4,78.1317831708122,3.0863848816727346,659,0,57,602,0,0,0,0,0,4,0,0
2,150.0,344,181.34298546680154,5.684341886080802e-14,623,134.4593188156105,0.0,623,0,57,566,0,0,558,0,56,502,0,0
3,200.0,156,218.2598823281493,5.684341886080802e-14,500,192.86105728754202,17.103961265745973,500,0,104,396,0,0,771,0,273,498,0,0
4,250.0,79,247.32879632779205,1.4210854715202004e-13,122,255.39633490486108,10.935039814165133,122,0,16,106,0,0,178,0,45,133,0,0
5,300.0,43,270.21809182552283,5.684341886080802e-14,52,297.0566133354853,9.539784952533672,52,0,12,40,0,0,74,0,11,63,0,0
6,350.0,59,301.3667619331468,14.876446795455209,7,333.3850086586322,5.107710881312736,7,0,5,2,0,0,2,0,0,2,0,0
Totals,7,1963,NA,NA,1963,NA,NA,1963,0,251,1712,0,0,1583,0,385,1882,0,0
