Age,Class,N_Initial_Age,AgeSize_Mean,AgeSize_Std,N_Initial_Class,ClassSize_Mean,ClassSize_Std,N_GrowthBack_Class,Capture_Back,PackingDeaths_Emigration_Class,N_AfterEmigration_Class,Deaths_AfterEmiMort_Age,Deaths_AfterEmiMort_Size,N_GrowthOut_Class,Capture_Out,PackingDeaths_Immigration_Class,N_Immigration_Class,Deaths_AfterImmiMort_Age,Deaths_AfterImmiMort_Size
0,50.0,765,49.739137686320646,10.159578941711848,759,49.52747029307457,9.914999562915101,0,0,0,0,0,0,0,0,0,806,0,0
1,100.0,521,134.45931881561046,2.842170943040401e-14,6,76.51506293194883,1.3009672012931544,765,0,33,732,0,0,0,0,0,2,0,0
2,150.0,287,181.3429854668015,2.842170943040401e-14,521,134.45931881561046,2.842170943040401e-14,521,0,36,485,0,0,687,0,76,611,0,0
3,200.0,143,218.25988232814936,0.0,430,193.62000000441253,17.392647684971443,430,0,64,366,0,0,668,0,200,468,0,0
4,250.0,96,247.32879632779216,2.842170943040401e-14,152,255.76169466906134,11.041255707638138,152,0,28,124,0,0,195,0,34,161,0,0
5,300.0,56,270.2180918255228,0.0,45,296.2344869649134,9.808648327255725,45,0,5,40,0,0,78,0,20,58,0,0
6,350.0,50,300.26574797176926,15.454376881086235,5,336.54709703347135,7.739220391674366,5,0,1,4,0,0,5,0,0,5,0,0
Totals,7,1918,NA,NA,1918,NA,NA,1918,0,167,1751,0,0,1633,0,330,2111,0,0
