Age,Class,N_Initial_Age,AgeSize_Mean,AgeSize_Std,N_Initial_Class,ClassSize_Mean,ClassSize_Std,N_GrowthBack_Class,Capture_Back,PackingDeaths_Emigration_Class,N_AfterEmigration_Class,Deaths_AfterEmiMort_Age,Deaths_AfterEmiMort_Size,N_GrowthOut_Class,Capture_Out,PackingDeaths_Immigration_Class,N_Immigration_Class,Deaths_AfterImmiMort_Age,Deaths_AfterImmiMort_Size
0,50.0,599,49.64397291746339,9.950447761508231,597,49.528966800921275,9.765616693101236,0,0,0,0,0,0,0,0,5,646,0,0
1,100.0,456,134.4593188156105,0.0,2,83.97329870528398,2.082518825103506,599,0,35,564,0,0,0,0,0,2,0,0
2,150.0,244,181.34298546680157,8.526512829121202e-14,456,134.4593188156105,0.0,456,0,28,428,0,0,536,0,80,456,0,0
3,200.0,129,218.25988232814936,0.0,373,194.1104913518253,17.55925657338483,373,0,51,322,0,0,575,0,193,382,0,0
4,250.0,74,247.32879632779213,5.684341886080802e-14,131,257.2882607810032,11.347871724421145,131,0,12,119,0,0,161,0,36,125,0,0
5,300.0,57,270.21809182552283,5.684341886080802e-14,45,297.3705585736054,11.380269973913295,45,0,8,37,0,0,83,0,23,60,0,0
6,350.0,49,300.6697428349735,15.564014145986079,4,337.7855657753642,3.2236921450430667,4,0,0,4,0,0,7,0,3,4,0,0
Totals,7,1608,NA,NA,1608,NA,NA,1608,0,134,1474,0,0,1362,0,340,1675,0,0
