Age,Class,N_Initial_Age,AgeSize_Mean,AgeSize_Std,N_Initial_Class,ClassSize_Mean,ClassSize_Std,N_GrowthBack_Class,Capture_Back,PackingDeaths_Emigration_Class,N_AfterEmigration_Class,Deaths_AfterEmiMort_Age,Deaths_AfterEmiMort_Size,N_GrowthOut_Class,Capture_Out,PackingDeaths_Immigration_Class,N_Immigration_Class,Deaths_AfterImmiMort_Age,Deaths_AfterImmiMort_Size
0,50.0,803,49.20498367536891,10.097317575704608,801,49.13344844636834,10.006953483994183,0,0,0,0,0,0,0,0,3,748,0,0
1,100.0,450,134.4593188156105,0.0,2,77.8548428900935,2.584945760007834,803,0,102,701,0,0,0,0,0,8,0,0
2,150.0,261,181.34298546680148,0.0,450,134.4593188156105,0.0,450,0,50,400,0,0,681,0,124,557,0,0
3,200.0,124,218.25988232814925,1.1368683772161603e-13,385,193.23310289746937,17.250256413810455,385,0,72,313,0,0,563,0,164,399,0,0
4,250.0,97,247.32879632779216,2.842170943040401e-14,158,256.1658028174223,11.143615623250026,158,0,30,128,0,0,160,0,30,130,0,0
5,300.0,61,270.21809182552283,5.684341886080802e-14,71,298.3734650090202,10.01417395183131,71,0,18,53,0,0,96,0,38,58,0,0
6,350.0,78,301.7655697340555,14.49308726949871,7,336.1712033736989,4.788973723358623,7,0,2,5,0,0,6,0,2,4,0,0
Totals,7,1874,NA,NA,1874,NA,NA,1874,0,274,1600,0,0,1506,0,361,1904,0,0
