Age,Class,N_Initial_Age,AgeSize_Mean,AgeSize_Std,N_Initial_Class,ClassSize_Mean,ClassSize_Std,N_GrowthBack_Class,Capture_Back,PackingDeaths_Emigration_Class,N_AfterEmigration_Class,Deaths_AfterEmiMort_Age,Deaths_AfterEmiMort_Size,N_GrowthOut_Class,Capture_Out,PackingDeaths_Immigration_Class,N_Immigration_Class,Deaths_AfterImmiMort_Age,Deaths_AfterImmiMort_Size
0,50.0,838,50.0668302186407,10.180120254502748,826,49.65507129155679,9.647985711088328,0,0,0,0,0,0,0,0,26,781,0,0
1,100.0,560,134.4593188156105,0.0,12,78.40956969958343,3.8638377742556456,838,0,27,811,0,0,0,0,0,6,0,0
2,150.0,281,181.34298546680148,0.0,560,134.4593188156105,0.0,560,0,60,500,0,0,771,0,138,633,0,0
3,200.0,176,218.25988232814933,2.842170943040401e-14,457,195.56043371099673,17.964638484704803,457,0,73,384,0,0,673,0,198,475,0,0
4,250.0,94,247.32879632779208,1.1368683772161603e-13,153,256.1553874020804,11.141173248105877,153,0,38,115,0,0,193,0,40,153,0,0
5,300.0,59,270.21809182552283,5.684341886080802e-14,54,299.216951001726,11.401177516845983,54,0,16,38,0,0,78,0,16,62,0,0
6,350.0,61,303.01199664852817,15.09003835939578,7,332.28806306671635,3.657289628554537,7,0,4,3,0,0,6,0,1,5,0,0
Totals,7,2069,NA,NA,2069,NA,NA,2069,0,218,1851,0,0,1721,0,419,2115,0,0
