Age,Class,N_Initial_Age,AgeSize_Mean,AgeSize_Std,N_Initial_Class,ClassSize_Mean,ClassSize_Std,N_GrowthBack_Class,Capture_Back,PackingDeaths_Emigration_Class,N_AfterEmigration_Class,Deaths_AfterEmiMort_Age,Deaths_AfterEmiMort_Size,N_GrowthOut_Class,Capture_Out,PackingDeaths_Immigration_Class,N_Immigration_Class,Deaths_AfterImmiMort_Age,Deaths_AfterImmiMort_Size
0,50.0,576,50.1722855499589,9.409245438331387,572,49.9795679260796,9.152632349031881,0,0,0,0,0,0,0,0,0,697,0,0
1,100.0,517,134.4593188156105,0.0,4,77.73090576469727,2.210405955966149,576,0,15,561,0,0,0,0,0,3,0,0
2,150.0,317,181.3429854668015,2.842170943040401e-14,517,134.4593188156105,0.0,517,0,9,508,0,0,541,0,56,485,0,0
3,200.0,142,218.25988232814933,2.842170943040401e-14,459,192.76389909275224,17.064214671064097,459,0,38,421,0,0,727,0,208,519,0,0
4,250.0,79,247.32879632779205,1.4210854715202004e-13,124,255.63539550035563,11.006026223318653,124,0,13,111,0,0,185,0,26,159,0,0
5,300.0,45,270.2180918255229,1.1368683772161603e-13,49,297.59118031707953,10.819023245882999,49,0,4,45,0,0,79,0,18,61,0,0
6,350.0,54,301.0176229481762,15.076711115050218,5,334.5967607329247,8.074656906971706,5,0,1,4,0,0,5,0,0,5,0,0
Totals,7,1730,NA,NA,1730,NA,NA,1730,0,80,1650,0,0,1537,0,308,1929,0,0
