Age,Class,N_Initial_Age,AgeSize_Mean,AgeSize_Std,N_Initial_Class,ClassSize_Mean,ClassSize_Std,N_GrowthBack_Class,Capture_Back,PackingDeaths_Emigration_Class,N_AfterEmigration_Class,Deaths_AfterEmiMort_Age,Deaths_AfterEmiMort_Size,N_GrowthOut_Class,Capture_Out,PackingDeaths_Immigration_Class,N_Immigration_Class,Deaths_AfterImmiMort_Age,Deaths_AfterImmiMort_Size
0,50.0,553,49.82534000592007,9.615400679351355,552,49.77811079266932,9.559806579349768,0,0,0,0,0,0,0,0,0,478,0,0
1,100.0,385,134.45931881561046,2.842170943040401e-14,1,75.89586572033556,0.0,553,0,3,550,0,0,0,0,0,2,0,0
2,150.0,231,181.3429854668016,1.1368683772161603e-13,385,134.45931881561046,2.842170943040401e-14,385,0,24,361,0,0,515,0,60,455,0,0
3,200.0,128,218.25988232814927,8.526512829121202e-14,359,194.5055559354715,17.68242050963075,359,0,67,292,0,0,516,0,110,406,0,0
4,250.0,58,247.3287963277922,0.0,100,256.94230043683893,11.297206516035718,100,0,15,85,0,0,141,0,22,119,0,0
5,300.0,42,270.21809182552283,5.684341886080802e-14,47,298.3771239073645,11.373156215364931,47,0,3,44,0,0,71,0,14,57,0,0
6,350.0,49,299.9511145592304,13.50842165665414,2,336.93989487807823,2.1479677771334593,2,0,0,2,0,0,5,0,2,3,0,0
Totals,7,1446,NA,NA,1446,NA,NA,1446,0,112,1334,0,0,1248,0,208,1520,0,0
