Age,Class,N_Initial_Age,AgeSize_Mean,AgeSize_Std,N_Initial_Class,ClassSize_Mean,ClassSize_Std,N_GrowthBack_Class,Capture_Back,PackingDeaths_Emigration_Class,N_AfterEmigration_Class,Deaths_AfterEmiMort_Age,Deaths_AfterEmiMort_Size,N_GrowthOut_Class,Capture_Out,PackingDeaths_Immigration_Class,N_Immigration_Class,Deaths_AfterImmiMort_Age,Deaths_AfterImmiMort_Size
0,50.0,640,50.425858335444325,9.189359207433931,637,50.30015128487364,9.025556253476374,0,0,0,0,0,0,0,0,2,893,0,0
1,100.0,423,134.4593188156105,0.0,3,77.11765540662135,1.471995995070241,640,0,0,640,0,0,0,0,0,5,0,0
2,150.0,222,181.3429854668016,1.1368683772161603e-13,423,134.4593188156105,0.0,423,0,0,423,0,0,601,0,49,552,0,0
3,200.0,104,218.2598823281493,5.684341886080802e-14,326,193.12015501766095,17.206825128360958,326,0,26,300,0,0,568,0,147,421,0,0
4,250.0,67,247.3287963277922,0.0,114,256.76561113826,11.267145556310782,114,0,13,101,0,0,142,0,19,123,0,0
5,300.0,47,270.2180918255229,1.1368683772161603e-13,54,298.365427057528,11.004192436589998,54,0,4,50,0,0,81,0,14,67,0,0
6,350.0,60,302.3236448227429,15.855359936438727,6,337.94760470967714,3.7443581010714344,6,0,3,3,0,0,6,0,1,5,0,0
Totals,7,1563,NA,NA,1563,NA,NA,1563,0,46,1517,0,0,1398,0,232,2066,0,0
