Age,Class,N_Initial_Age,AgeSize_Mean,AgeSize_Std,N_Initial_Class,ClassSize_Mean,ClassSize_Std,N_GrowthBack_Class,Capture_Back,PackingDeaths_Emigration_Class,N_AfterEmigration_Class,Deaths_AfterEmiMort_Age,Deaths_AfterEmiMort_Size,N_GrowthOut_Class,Capture_Out,PackingDeaths_Immigration_Class,N_Immigration_Class,Deaths_AfterImmiMort_Age,Deaths_AfterImmiMort_Size
0,50.0,577,49.735603357340196,10.338755944147572,573,49.54482368106002,10.116606041060642,0,0,0,0,0,0,0,0,0,556,0,0
1,100.0,351,134.4593188156105,0.0,4,77.06479198447383,2.39622922140652,577,0,43,534,0,0,0,0,0,5,0,0
2,150.0,238,181.34298546680157,8.526512829121202e-14,351,134.4593188156105,0.0,351,0,27,324,0,0,520,0,39,481,0,0
3,200.0,130,218.25988232814936,0.0,368,194.3842805536907,17.64564445175554,368,0,51,317,0,0,479,0,99,380,0,0
4,250.0,77,247.3287963277921,8.526512829121202e-14,126,256.23018902135397,11.158486269171155,126,0,22,104,0,0,159,0,29,130,0,0
5,300.0,49,270.21809182552283,5.684341886080802e-14,48,301.47063580808543,12.053447934043252,48,0,8,40,0,0,68,0,15,53,0,0
6,350.0,51,303.21676094498036,13.63494517498206,3,331.1547631353005,2.571863304394423,3,0,0,3,0,0,7,0,2,5,0,0
Totals,7,1473,NA,NA,1473,NA,NA,1473,0,151,1322,0,0,1233,0,184,1610,0,0
