Age,Class,N_Initial_Age,AgeSize_Mean,AgeSize_Std,N_Initial_Class,ClassSize_Mean,ClassSize_Std,N_GrowthBack_Class,Capture_Back,PackingDeaths_Emigration_Class,N_AfterEmigration_Class,Deaths_AfterEmiMort_Age,Deaths_AfterEmiMort_Size,N_GrowthOut_Class,Capture_Out,PackingDeaths_Immigration_Class,N_Immigration_Class,Deaths_AfterImmiMort_Age,Deaths_AfterImmiMort_Size
0,50.0,551,50.07396497663505,9.69423589814215,547,49.88254506860506,9.466497111912995,0,0,0,0,0,0,0,0,34,776,0,0
1,100.0,555,134.4593188156105,0.0,4,76.25063739973385,0.6909041714415868,551,0,40,511,0,0,0,0,0,6,0,0
2,150.0,263,181.34298546680154,5.684341886080802e-14,555,134.4593188156105,0.0,555,0,28,527,0,0,481,0,43,438,0,0
3,200.0,126,218.25988232814922,1.4210854715202004e-13,389,193.3006435761327,17.275822517778586,389,0,42,347,0,0,700,0,190,510,0,0
4,250.0,83,247.32879632779213,5.684341886080802e-14,131,255.71571376207513,11.02861040289717,131,0,21,110,0,0,172,0,41,131,0,0
5,300.0,48,270.2180918255228,0.0,55,296.9577002591206,10.861622647928927,55,0,10,45,0,0,76,0,22,54,0,0
6,350.0,61,301.0679398913459,16.296008914344657,6,338.745136520077,6.632458355222841,6,0,1,5,0,0,7,0,1,6,0,0
Totals,7,1687,NA,NA,1687,NA,NA,1687,0,142,1545,0,0,1436,0,331,1921,0,0
