Age,Class,N_Initial_Age,AgeSize_Mean,AgeSize_Std,N_Initial_Class,ClassSize_Mean,ClassSize_Std,N_GrowthBack_Class,Capture_Back,PackingDeaths_Emigration_Class,N_AfterEmigration_Class,Deaths_AfterEmiMort_Age,Deaths_AfterEmiMort_Size,N_GrowthOut_Class,Capture_Out,PackingDeaths_Immigration_Class,N_Immigration_Class,Deaths_AfterImmiMort_Age,Deaths_AfterImmiMort_Size
0,50.0,715,49.81898983645938,10.096390327532866,708,49.553988893736694,9.785875275982969,0,0,0,0,0,0,0,0,17,880,0,0
1,100.0,417,134.45931881561046,2.842170943040401e-14,7,76.62194232898209,0.9305947063169862,715,0,11,704,0,0,0,0,0,7,0,0
2,150.0,284,181.3429854668015,2.842170943040401e-14,417,134.45931881561046,2.842170943040401e-14,417,0,13,404,0,0,680,0,136,544,0,0
3,200.0,146,218.25988232814936,0.0,430,193.87755974995682,17.482048894572106,430,0,61,369,0,0,590,0,194,396,0,0
4,250.0,82,247.32879632779213,5.684341886080802e-14,150,257.70527695343,11.39469091693423,150,0,27,123,0,0,173,0,40,133,0,0
5,300.0,68,270.2180918255227,5.684341886080802e-14,50,297.9975154442107,10.339247267080715,50,0,10,40,0,0,90,0,29,61,0,0
6,350.0,57,302.5737754019796,15.725485550945645,7,335.2613465289004,5.658501259833344,7,0,4,3,0,0,6,0,1,5,0,0
Totals,7,1769,NA,NA,1769,NA,NA,1769,0,126,1643,0,0,1539,0,417,2026,0,0
