Age,Class,N_Initial_Age,AgeSize_Mean,AgeSize_Std,N_Initial_Class,ClassSize_Mean,ClassSize_Std,N_GrowthBack_Class,Capture_Back,PackingDeaths_Emigration_Class,N_AfterEmigration_Class,Deaths_AfterEmiMort_Age,Deaths_AfterEmiMort_Size,N_GrowthOut_Class,Capture_Out,PackingDeaths_Immigration_Class,N_Immigration_Class,Deaths_AfterImmiMort_Age,Deaths_AfterImmiMort_Size
0,50.0,1705,49.87493862526147,10.03591475240087,1691,49.63798461983411,9.729600537520273,0,0,0,0,0,0,0,0,23,1470,0,0
1,100.0,1057,113.44465676002008,1.4210854715202004e-14,1071,112.98780631117886,3.9796180397395307,1705,0,113,1592,0,0,1522,0,149,1384,0,0
2,150.0,587,164.79572781619694,0.0,587,164.79572781619694,0.0,1057,0,170,887,0,0,817,0,108,709,0,0
3,200.0,310,205.23032539160798,2.842170943040401e-14,310,205.23032539160798,2.842170943040401e-14,897,0,201,696,0,0,426,0,82,344,0,0
4,250.0,145,237.0691292852373,2.842170943040401e-14,219,245.54038843449018,11.858127317970872,219,0,24,195,0,0,346,0,90,256,0,0
5,300.0,74,262.1394773080264,5.684341886080802e-14,78,291.8322579420621,12.975508610547356,78,0,17,61,0,0,111,0,28,83,0,0
6,350.0,82,293.9331926838719,15.724692499426904,4,334.9014201491652,4.624961069525459,4,0,1,3,0,0,6,0,0,6,0,0
Totals,7,3960,NA,NA,3960,NA,NA,3960,0,526,3434,0,0,3228,0,480,4252,0,0
