Age,Class,N_Initial_Age,AgeSize_Mean,AgeSize_Std,N_Initial_Class,ClassSize_Mean,ClassSize_Std,N_GrowthBack_Class,Capture_Back,PackingDeaths_Emigration_Class,N_AfterEmigration_Class,Deaths_AfterEmiMort_Age,Deaths_AfterEmiMort_Size,N_GrowthOut_Class,Capture_Out,PackingDeaths_Immigration_Class,N_Immigration_Class,Deaths_AfterImmiMort_Age,Deaths_AfterImmiMort_Size
0,50.0,1722,49.86246705229259,9.896858383395942,1714,49.73360696568696,9.735821593920388,0,0,0,0,0,0,0,0,96,1652,0,0
1,100.0,1254,113.44465676002008,1.4210854715202004e-14,1262,113.21661291753213,2.8656794923928866,1722,0,354,1368,0,0,1302,0,134,1181,0,0
2,150.0,619,164.79572781619692,2.842170943040401e-14,619,164.79572781619692,2.842170943040401e-14,1254,0,310,944,0,0,869,0,131,738,0,0
3,200.0,335,205.230325391608,0.0,335,205.230325391608,0.0,954,0,214,740,0,0,451,0,72,379,0,0
4,250.0,143,237.06912928523732,5.684341886080802e-14,215,245.46478071612484,11.83194575297803,215,0,30,185,0,0,339,0,78,261,0,0
5,300.0,72,262.13947730802647,0.0,78,294.2166011813218,13.809948837853286,78,0,17,61,0,0,105,0,29,76,0,0
6,350.0,90,299.50599758914603,18.766348899518583,12,333.88707424000364,6.144903803586206,12,0,0,12,0,0,19,0,10,9,0,0
Totals,7,4235,NA,NA,4235,NA,NA,4235,0,925,3310,0,0,3085,0,550,4296,0,0
