Age,Class,N_Initial_Age,AgeSize_Mean,AgeSize_Std,N_Initial_Class,ClassSize_Mean,ClassSize_Std,N_GrowthBack_Class,Capture_Back,PackingDeaths_Emigration_Class,N_AfterEmigration_Class,Deaths_AfterEmiMort_Age,Deaths_AfterEmiMort_Size,N_GrowthOut_Class,Capture_Out,PackingDeaths_Immigration_Class,N_Immigration_Class,Deaths_AfterImmiMort_Age,Deaths_AfterImmiMort_Size
0,50.0,1453,50.16299629666776,9.964410660756094,1449,50.08792709171658,9.874147070141793,0,0,0,0,0,0,0,0,0,1962,0,0
1,100.0,1357,113.44465676002008,1.4210854715202004e-14,1361,113.3385940385806,1.9583689257504224,1453,0,78,1332,0,0,1280,0,72,1218,0,0
2,150.0,769,164.79572781619692,2.842170943040401e-14,769,164.79572781619692,2.842170943040401e-14,1357,0,401,935,0,0,873,0,166,707,0,0
3,200.0,388,205.23032539160798,2.842170943040401e-14,388,205.23032539160798,2.842170943040401e-14,1157,0,395,749,0,0,453,0,76,377,0,0
4,250.0,171,237.06912928523724,2.842170943040401e-14,252,245.12745543541945,11.708476447578523,252,0,38,211,0,0,397,0,130,267,0,0
5,300.0,81,262.13947730802647,0.0,89,291.80422699549837,12.021086637594124,89,0,17,71,0,0,115,0,21,94,0,0
6,350.0,97,295.37916275355013,16.767139296304997,8,335.1503230618766,8.787834083518666,8,0,0,8,0,0,10,0,0,10,0,0
Totals,7,4316,NA,NA,4316,NA,NA,4316,0,929,3306,0,0,3128,0,465,4635,0,0
