Age,Class,N_Initial_Age,AgeSize_Mean,AgeSize_Std,N_Initial_Class,ClassSize_Mean,ClassSize_Std,N_GrowthBack_Class,Capture_Back,PackingDeaths_Emigration_Class,N_AfterEmigration_Class,Deaths_AfterEmiMort_Age,Deaths_AfterEmiMort_Size,N_GrowthOut_Class,Capture_Out,PackingDeaths_Immigration_Class,N_Immigration_Class,Deaths_AfterImmiMort_Age,Deaths_AfterImmiMort_Size
0,50.0,1605,50.04774734070914,9.986562632609726,1596,49.88598408920837,9.776829459863254,0,0,0,0,0,0,0,0,126,1996,0,0
1,100.0,1239,113.44465676002008,1.4210854715202004e-14,1248,113.19433782141546,2.9459241700582717,1605,0,112,1493,0,0,1426,0,161,1277,0,0
2,150.0,724,164.79572781619692,2.842170943040401e-14,724,164.79572781619692,2.842170943040401e-14,1239,0,216,1023,0,0,936,0,109,827,0,0
3,200.0,401,205.23032539160798,2.842170943040401e-14,401,205.23032539160798,2.842170943040401e-14,1125,0,361,764,0,0,455,0,80,375,0,0
4,250.0,164,237.0691292852373,2.842170943040401e-14,250,245.69332900507672,11.909444470114364,250,0,35,215,0,0,378,0,98,280,0,0
5,300.0,86,262.13947730802636,1.1368683772161603e-13,112,293.25941774897234,13.415684677570612,112,0,25,87,0,0,133,0,43,90,0,0
6,350.0,128,298.3362048051616,18.52781721704017,16,333.8737141984859,6.560867127943713,16,0,4,12,0,0,18,0,4,14,0,0
Totals,7,4347,NA,NA,4347,NA,NA,4347,0,753,3594,0,0,3346,0,621,4859,0,0
