Age,Class,N_Initial_Age,AgeSize_Mean,AgeSize_Std,N_Initial_Class,ClassSize_Mean,ClassSize_Std,N_GrowthBack_Class,Capture_Back,PackingDeaths_Emigration_Class,N_AfterEmigration_Class,Deaths_AfterEmiMort_Age,Deaths_AfterEmiMort_Size,N_GrowthOut_Class,Capture_Out,PackingDeaths_Immigration_Class,N_Immigration_Class,Deaths_AfterImmiMort_Age,Deaths_AfterImmiMort_Size
0,50.0,1630,49.900967617806465,9.901441682109366,1621,49.7523177195219,9.724774007747522,0,0,0,0,0,0,0,0,79,1954,0,0
1,100.0,1159,113.44465676002008,1.4210854715202004e-14,1168,113.16132481039621,3.217344801252676,1630,0,149,1481,0,0,1384,0,102,1297,0,0
2,150.0,674,164.79572781619692,2.842170943040401e-14,674,164.79572781619692,2.842170943040401e-14,1159,0,147,1012,0,0,922,0,83,839,0,0
3,200.0,338,205.23032539160798,2.842170943040401e-14,338,205.23032539160798,2.842170943040401e-14,1012,0,253,759,0,0,460,0,45,415,0,0
4,250.0,152,237.06912928523727,0.0,250,246.8967057101706,12.239260713202082,250,0,16,234,0,0,364,0,98,266,0,0
5,300.0,98,262.1394773080264,5.684341886080802e-14,82,293.8712151572765,12.834241377118524,82,0,5,77,0,0,150,0,43,107,0,0
6,350.0,92,298.1777132152081,17.3999333325381,10,333.49099729024704,5.964936728849882,10,0,0,10,0,0,15,0,4,11,0,0
Totals,7,4143,NA,NA,4143,NA,NA,4143,0,570,3573,0,0,3295,0,454,4889,0,0
