Age,Class,N_Initial_Age,AgeSize_Mean,AgeSize_Std,N_Initial_Class,ClassSize_Mean,ClassSize_Std,N_GrowthBack_Class,Capture_Back,PackingDeaths_Emigration_Class,N_AfterEmigration_Class,Deaths_AfterEmiMort_Age,Deaths_AfterEmiMort_Size,N_GrowthOut_Class,Capture_Out,PackingDeaths_Immigration_Class,N_Immigration_Class,Deaths_AfterImmiMort_Age,Deaths_AfterImmiMort_Size
0,50.0,1519,49.78243868331636,10.014365409282187,1508,49.5774287138024,9.754473215176816,0,0,0,0,0,0,0,0,0,1805,0,0
1,100.0,1231,113.44465676002007,0.0,1242,113.1297377867377,3.3433459360431232,1519,0,109,1410,0,0,1359,0,10,1358,0,0
2,150.0,653,164.79572781619692,2.842170943040401e-14,653,164.79572781619692,2.842170943040401e-14,1231,0,177,1054,0,0,973,0,71,902,0,0
3,200.0,300,205.23032539160795,5.684341886080802e-14,300,205.23032539160795,5.684341886080802e-14,953,0,239,714,0,0,465,0,44,421,0,0
4,250.0,141,237.06912928523732,5.684341886080802e-14,211,245.386306354409,11.804197952056782,211,0,10,201,0,0,312,0,81,231,0,0
5,300.0,70,262.1394773080263,1.7053025658242404e-13,87,294.22908896183566,13.078851185169025,87,0,13,74,0,0,126,0,31,95,0,0
6,350.0,93,296.6194878499146,15.640450431320515,6,331.2802717270584,5.208368396456549,6,0,0,6,0,0,11,0,0,11,0,0
Totals,7,4007,NA,NA,4007,NA,NA,4007,0,548,3459,0,0,3246,0,237,4823,0,0
