Age,Class,N_Initial_Age,AgeSize_Mean,AgeSize_Std,N_Initial_Class,ClassSize_Mean,ClassSize_Std,N_GrowthBack_Class,Capture_Back,PackingDeaths_Emigration_Class,N_AfterEmigration_Class,Deaths_AfterEmiMort_Age,Deaths_AfterEmiMort_Size,N_GrowthOut_Class,Capture_Out,PackingDeaths_Immigration_Class,N_Immigration_Class,Deaths_AfterImmiMort_Age,Deaths_AfterImmiMort_Size
0,50.0,1630,50.19518909902977,9.710959039837022,1623,50.07177226456075,9.546959818820051,0,0,0,0,0,0,0,0,91,1902,0,0
1,100.0,1224,113.44465676002007,0.0,1231,113.24771057701136,2.6088917902375406,1630,0,221,1409,0,0,1342,0,110,1250,0,0
2,150.0,691,164.79572781619692,2.842170943040401e-14,691,164.79572781619692,2.842170943040401e-14,1224,0,313,911,0,0,827,0,127,700,0,0
3,200.0,340,205.23032539160798,2.842170943040401e-14,340,205.23032539160798,2.842170943040401e-14,1031,0,332,699,0,0,437,0,75,362,0,0
4,250.0,162,237.06912928523727,0.0,237,245.0027837228288,11.660043100600005,237,0,40,197,0,0,341,0,95,246,0,0
5,300.0,75,262.1394773080264,5.684341886080802e-14,77,295.0591377519664,13.34393835130872,77,0,7,70,0,0,116,0,30,86,0,0
6,350.0,86,299.1329626175706,17.46696697050868,9,333.9867975788512,5.930028646854078,9,0,1,8,0,0,15,0,4,11,0,0
Totals,7,4208,NA,NA,4208,NA,NA,4208,0,914,3294,0,0,3078,0,532,4557,0,0
