Age,Class,N_Initial_Age,AgeSize_Mean,AgeSize_Std,N_Initial_Class,ClassSize_Mean,ClassSize_Std,N_GrowthBack_Class,Capture_Back,PackingDeaths_Emigration_Class,N_AfterEmigration_Class,Deaths_AfterEmiMort_Age,Deaths_AfterEmiMort_Size,N_GrowthOut_Class,Capture_Out,PackingDeaths_Immigration_Class,N_Immigration_Class,Deaths_AfterImmiMort_Age,Deaths_AfterImmiMort_Size
0,50.0,1819,49.8562032656889,9.941435894969263,1810,49.713917899700974,9.757134357732289,0,0,0,0,0,0,0,0,20,1842,0,0
1,100.0,1200,113.44465676002005,1.4210854715202004e-14,1209,113.18430972196315,3.0137248182971375,1819,0,291,1528,0,0,1471,0,88,1398,0,0
2,150.0,739,164.79572781619692,2.842170943040401e-14,739,164.79572781619692,2.842170943040401e-14,1200,0,224,968,0,0,889,0,93,796,0,0
3,200.0,364,205.23032539160795,5.684341886080802e-14,364,205.23032539160795,5.684341886080802e-14,1103,0,393,705,0,0,419,0,47,372,0,0
4,250.0,192,237.0691292852372,5.684341886080802e-14,270,244.31167426959857,11.36303944717906,270,0,42,228,0,0,375,0,79,296,0,0
5,300.0,78,262.13947730802636,1.1368683772161603e-13,77,293.4513184841548,12.406912902840208,77,0,16,60,0,0,105,0,20,85,0,0
6,350.0,88,298.5333849457896,17.901987402839957,11,334.1078501772334,6.324115446002035,11,0,1,10,0,0,13,0,0,13,0,0
Totals,7,4480,NA,NA,4480,NA,NA,4480,0,967,3499,0,0,3272,0,347,4802,0,0
