Age,Class,N_Initial_Age,AgeSize_Mean,AgeSize_Std,N_Initial_Class,ClassSize_Mean,ClassSize_Std,N_GrowthBack_Class,Capture_Back,PackingDeaths_Emigration_Class,N_AfterEmigration_Class,Deaths_AfterEmiMort_Age,Deaths_AfterEmiMort_Size,N_GrowthOut_Class,Capture_Out,PackingDeaths_Immigration_Class,N_Immigration_Class,Deaths_AfterImmiMort_Age,Deaths_AfterImmiMort_Size
0,50.0,1582,49.82730510900147,10.02851946374248,1570,49.60857620121797,9.745863388782743,0,0,0,0,0,0,0,0,67,1362,0,0
1,100.0,1095,113.44465676002007,0.0,1107,113.06524950203263,3.634214879376107,1582,0,145,1437,0,0,1382,0,141,1248,0,0
2,150.0,715,164.79572781619692,2.842170943040401e-14,715,164.79572781619692,2.842170943040401e-14,1095,0,168,927,0,0,836,0,99,737,0,0
3,200.0,303,205.23032539160798,2.842170943040401e-14,303,205.23032539160798,2.842170943040401e-14,1018,0,278,740,0,0,484,0,90,394,0,0
4,250.0,138,237.0691292852373,2.842170943040401e-14,214,245.97261736809693,11.997559952441346,214,0,36,178,0,0,320,0,65,255,0,0
5,300.0,76,262.13947730802636,1.1368683772161603e-13,67,289.3308178410588,11.195777247322697,67,0,8,59,0,0,112,0,22,90,0,0
6,350.0,69,290.8583718504293,14.158331565361928,2,342.0314311643409,4.459788496693648,2,0,0,2,0,0,3,0,0,3,0,0
Totals,7,3978,NA,NA,3978,NA,NA,3978,0,635,3343,0,0,3137,0,484,4089,0,0
