Age,Class,N_Initial_Age,AgeSize_Mean,AgeSize_Std,N_Initial_Class,ClassSize_Mean,ClassSize_Std,N_GrowthBack_Class,Capture_Back,PackingDeaths_Emigration_Class,N_AfterEmigration_Class,Deaths_AfterEmiMort_Age,Deaths_AfterEmiMort_Size,N_GrowthOut_Class,Capture_Out,PackingDeaths_Immigration_Class,N_Immigration_Class,Deaths_AfterImmiMort_Age,Deaths_AfterImmiMort_Size
0,50.0,1397,49.75830211118042,10.172663813580865,1386,49.52823949121826,9.875196549046576,0,0,0,0,0,0,0,0,28,1467,0,0
1,100.0,1103,113.44465676002007,0.0,1114,113.10203278347637,3.442297898751719,1397,0,29,1368,0,0,1308,0,204,1116,0,0
2,150.0,664,164.79572781619692,2.842170943040401e-14,664,164.79572781619692,2.842170943040401e-14,1103,0,245,858,0,0,796,0,149,647,0,0
3,200.0,308,205.23032539160798,2.842170943040401e-14,308,205.23032539160798,2.842170943040401e-14,972,0,306,666,0,0,414,0,93,321,0,0
4,250.0,103,237.06912928523732,5.684341886080802e-14,178,247.63247817124395,12.37911520145247,178,0,23,155,0,0,293,0,75,218,0,0
5,300.0,75,262.1394773080264,5.684341886080802e-14,79,292.01423547570215,11.803633729583337,79,0,11,68,0,0,121,0,35,86,0,0
6,350.0,89,296.87876893023423,17.863624305236176,10,335.3085832210383,8.695023403415428,10,0,3,7,0,0,11,0,0,11,0,0
Totals,7,3739,NA,NA,3739,NA,NA,3739,0,617,3122,0,0,2943,0,584,3866,0,0
