Age,Class,N_Initial_Age,AgeSize_Mean,AgeSize_Std,N_Initial_Class,ClassSize_Mean,ClassSize_Std,N_GrowthBack_Class,Capture_Back,PackingDeaths_Emigration_Class,N_AfterEmigration_Class,Deaths_AfterEmiMort_Age,Deaths_AfterEmiMort_Size,N_GrowthOut_Class,Capture_Out,PackingDeaths_Immigration_Class,N_Immigration_Class,Deaths_AfterImmiMort_Age,Deaths_AfterImmiMort_Size
0,50.0,1793,50.00788842515537,9.831111701401806,1783,49.84223156098769,9.601501811504507,0,0,0,0,0,0,0,0,129,1648,0,0
1,100.0,1067,113.44465676002008,1.4210854715202004e-14,1077,113.12989214113642,3.2725978942601275,1793,0,209,1584,0,0,1516,0,234,1298,0,0
2,150.0,624,164.79572781619694,0.0,624,164.79572781619694,0.0,1067,0,197,853,0,0,791,0,130,661,0,0
3,200.0,316,205.23032539160798,2.842170943040401e-14,316,205.23032539160798,2.842170943040401e-14,940,0,327,612,0,0,363,0,82,281,0,0
4,250.0,127,237.0691292852373,2.842170943040401e-14,219,247.6009649843085,12.374054432655456,219,0,44,174,0,0,292,0,72,220,0,0
5,300.0,92,262.1394773080264,5.684341886080802e-14,74,292.5592321561719,11.765157402711973,74,0,13,61,0,0,123,0,49,74,0,0
6,350.0,83,296.7477712295342,16.49284871207674,9,331.18687027717954,6.337337729301345,9,0,1,8,0,0,9,0,2,7,0,0
Totals,7,4102,NA,NA,4102,NA,NA,4102,0,791,3292,0,0,3094,0,698,4189,0,0
