Age,Class,N_Initial_Age,AgeSize_Mean,AgeSize_Std,N_Initial_Class,ClassSize_Mean,ClassSize_Std,N_GrowthBack_Class,Capture_Back,PackingDeaths_Emigration_Class,N_AfterEmigration_Class,Deaths_AfterEmiMort_Age,Deaths_AfterEmiMort_Size,N_GrowthOut_Class,Capture_Out,PackingDeaths_Immigration_Class,N_Immigration_Class,Deaths_AfterImmiMort_Age,Deaths_AfterImmiMort_Size
0,50.0,1579,50.49192458606147,10.048589772911201,1568,50.303311964413105,9.826190342092717,0,0,0,0,0,0,0,0,8,1889,0,0
1,100.0,1086,113.44465676002007,0.0,1097,113.08300182549964,3.597817092040999,1579,0,191,1388,0,0,1325,0,131,1206,0,0
2,150.0,746,164.79572781619692,2.842170943040401e-14,746,164.79572781619692,2.842170943040401e-14,1086,0,207,879,0,0,810,0,111,699,0,0
3,200.0,356,205.23032539160798,2.842170943040401e-14,356,205.23032539160798,2.842170943040401e-14,1102,0,433,669,0,0,424,0,67,357,0,0
4,250.0,155,237.06912928523727,0.0,222,244.63540549031322,11.508285801382629,222,0,31,191,0,0,318,0,82,236,0,0
5,300.0,67,262.1394773080264,5.684341886080802e-14,86,292.85306798841907,13.182143764177063,86,0,16,70,0,0,115,0,39,76,0,0
6,350.0,92,295.51555844384643,16.319131868979458,6,333.6779216383046,5.900988605036685,6,0,0,6,0,0,11,0,1,10,0,0
Totals,7,4081,NA,NA,4081,NA,NA,4081,0,878,3203,0,0,3003,0,439,4473,0,0
