Age,Class,N_Initial_Age,AgeSize_Mean,AgeSize_Std,N_Initial_Class,ClassSize_Mean,ClassSize_Std,N_GrowthBack_Class,Capture_Back,PackingDeaths_Emigration_Class,N_AfterEmigration_Class,Deaths_AfterEmiMort_Age,Deaths_AfterEmiMort_Size,N_GrowthOut_Class,Capture_Out,PackingDeaths_Immigration_Class,N_Immigration_Class,Deaths_AfterImmiMort_Age,Deaths_AfterImmiMort_Size
0,50.0,3373,49.86265401719538,9.868327599847818,3374,49.84586870183758,9.816009639828707,0,0,0,0,0,0,0,0,32701,30262,0,0
1,100.0,3402,100.26751969429746,9.820709427678759,3401,100.2692913848868,9.67244640236972,3373,0,0,3373,0,0,3313,0,1093,2426,0,0
2,150.0,3735,150.07513145917,9.945457440930426,3740,150.0987270053476,9.820399855804261,3402,0,714,2688,0,0,2605,0,1060,1545,0,0
3,200.0,3851,200.09684133991172,9.961244042178757,3845,200.13768816644992,9.774802626433166,7586,0,6881,705,0,0,371,0,49,322,0,0
4,250.0,3740,250.31266363636362,9.779823133015377,3738,250.26438362760837,9.597535967161146,7368,0,7242,126,0,0,390,0,100,290,0,0
5,300.0,3628,300.098783076075,10.00361929583809,3624,300.0296437637969,9.749757794001551,3681,0,3605,76,0,0,146,0,33,113,0,0
6,350.0,3681,349.9972860635697,9.91886613151434,3688,349.9940284707158,9.857635172804446,0,0,0,0,0,0,0,0,0,0,0,0
Totals,7,25410,NA,NA,25410,NA,NA,25410,0,18442,6968,0,0,6825,0,35036,34958,0,0
