Age,Class,N_Initial_Age,AgeSize_Mean,AgeSize_Std,N_Initial_Class,ClassSize_Mean,ClassSize_Std,N_GrowthBack_Class,Capture_Back,PackingDeaths_Emigration_Class,N_AfterEmigration_Class,Deaths_AfterEmiMort_Age,Deaths_AfterEmiMort_Size,N_GrowthOut_Class,Capture_Out,PackingDeaths_Immigration_Class,N_Immigration_Class,Deaths_AfterImmiMort_Age,Deaths_AfterImmiMort_Size
0,50.0,1846,50.63497091225814,9.956497591870427,1831,50.402251664158605,9.652463190327419,0,0,0,0,0,0,0,0,0,1670,0,0
1,100.0,1098,113.44465676002007,0.0,1113,112.98101224569288,3.989307547196894,1846,0,119,1650,0,0,1588,0,26,1571,0,0
2,150.0,620,164.79572781619692,2.842170943040401e-14,620,164.79572781619692,2.842170943040401e-14,1098,0,74,1000,0,0,906,0,36,870,0,0
3,200.0,315,205.23032539160798,2.842170943040401e-14,315,205.23032539160798,2.842170943040401e-14,935,0,201,722,0,0,444,0,16,428,0,0
4,250.0,140,237.06912928523732,5.684341886080802e-14,226,246.60917322311275,12.172090343841699,226,0,8,218,0,0,333,0,92,241,0,0
5,300.0,86,262.13947730802636,1.1368683772161603e-13,77,292.5333300399634,12.964526460272246,77,0,6,71,0,0,133,0,14,119,0,0
6,350.0,88,297.57803566560636,18.157800819714925,11,332.8909750451081,5.995510731179647,11,0,0,11,0,0,16,0,1,15,0,0
Totals,7,4193,NA,NA,4193,NA,NA,4193,0,408,3672,0,0,3420,0,185,4914,0,0
