Age,Class,N_Initial_Age,AgeSize_Mean,AgeSize_Std,N_Initial_Class,ClassSize_Mean,ClassSize_Std,N_GrowthBack_Class,Capture_Back,PackingDeaths_Emigration_Class,N_AfterEmigration_Class,Deaths_AfterEmiMort_Age,Deaths_AfterEmiMort_Size,N_GrowthOut_Class,Capture_Out,PackingDeaths_Immigration_Class,N_Immigration_Class,Deaths_AfterImmiMort_Age,Deaths_AfterImmiMort_Size
0,50.0,1570,50.01655235307343,9.954411756469753,1564,49.90313658793357,9.800895913182876,0,0,0,0,0,0,0,0,82,1806,0,0
1,100.0,1147,113.44465676002007,0.0,1153,113.26843267523003,2.449586904517329,1570,0,211,1359,0,0,1315,0,143,1186,0,0
2,150.0,642,164.79572781619694,0.0,642,164.79572781619694,0.0,1147,0,289,858,0,0,782,0,138,644,0,0
3,200.0,357,205.23032539160798,2.842170943040401e-14,357,205.23032539160798,2.842170943040401e-14,999,0,267,732,0,0,430,0,89,341,0,0
4,250.0,153,237.0691292852373,2.842170943040401e-14,240,246.15713044349832,12.051870677059307,240,0,42,198,0,0,381,0,149,232,0,0
5,300.0,87,262.1394773080263,1.7053025658242404e-13,89,292.12739565857254,11.301651833570713,89,0,22,67,0,0,130,0,42,88,0,0
6,350.0,101,296.91385885096435,16.923435904757607,12,332.4134608612033,5.7537440647927856,12,0,2,10,0,0,9,0,4,5,0,0
Totals,7,4057,NA,NA,4057,NA,NA,4057,0,833,3224,0,0,3047,0,647,4302,0,0
