Age,Class,N_Initial_Age,AgeSize_Mean,AgeSize_Std,N_Initial_Class,ClassSize_Mean,ClassSize_Std,N_GrowthBack_Class,Capture_Back,PackingDeaths_Emigration_Class,N_AfterEmigration_Class,Deaths_AfterEmiMort_Age,Deaths_AfterEmiMort_Size,N_GrowthOut_Class,Capture_Out,PackingDeaths_Immigration_Class,N_Immigration_Class,Deaths_AfterImmiMort_Age,Deaths_AfterImmiMort_Size
0,50.0,1404,50.40466855215617,10.108843424347073,1394,50.209252100599684,9.875717051948428,0,0,0,0,0,0,0,0,33,1583,0,0
1,100.0,1032,113.44465676002005,1.4210854715202004e-14,1042,113.10109692450291,3.495966436923214,1404,0,80,1324,0,0,1271,0,34,1248,0,0
2,150.0,686,164.79572781619694,0.0,686,164.79572781619694,0.0,1032,0,165,867,0,0,796,0,80,716,0,0
3,200.0,330,205.23032539160798,2.842170943040401e-14,330,205.23032539160798,2.842170943040401e-14,1016,0,285,731,0,0,460,0,58,402,0,0
4,250.0,101,237.0691292852373,2.842170943040401e-14,174,247.5871488580166,12.37180970863671,174,0,19,155,0,0,297,0,58,239,0,0
5,300.0,73,262.13947730802647,0.0,64,292.50230772977807,11.30724576278713,64,0,5,59,0,0,116,0,27,89,0,0
6,350.0,71,296.29564332302255,15.756826007530584,7,330.9775687469714,3.859878048070596,7,0,0,7,0,0,8,0,0,8,0,0
Totals,7,3697,NA,NA,3697,NA,NA,3697,0,554,3143,0,0,2948,0,290,4285,0,0
