Age,Class,N_Initial_Age,AgeSize_Mean,AgeSize_Std,N_Initial_Class,ClassSize_Mean,ClassSize_Std,N_GrowthBack_Class,Capture_Back,PackingDeaths_Emigration_Class,N_AfterEmigration_Class,Deaths_AfterEmiMort_Age,Deaths_AfterEmiMort_Size,N_GrowthOut_Class,Capture_Out,PackingDeaths_Immigration_Class,N_Immigration_Class,Deaths_AfterImmiMort_Age,Deaths_AfterImmiMort_Size
0,50.0,1714,49.72487156005365,9.930167514869181,1706,49.597131506539846,9.775431498970015,0,0,0,0,0,0,0,0,24,1616,0,0
1,100.0,1278,113.4446567600201,2.842170943040401e-14,1286,113.21772538342196,2.871828962408238,1714,0,146,1568,0,0,1495,0,97,1417,0,0
2,150.0,591,164.79572781619694,0.0,591,164.79572781619694,0.0,1278,0,272,1006,0,0,908,0,105,803,0,0
3,200.0,296,205.23032539160798,2.842170943040401e-14,296,205.23032539160798,2.842170943040401e-14,887,0,220,667,0,0,407,0,59,348,0,0
4,250.0,133,237.06912928523727,0.0,213,246.4852224393365,12.140919326871266,213,0,13,200,0,0,327,0,87,240,0,0
5,300.0,80,262.13947730802647,0.0,78,292.5725517712846,12.445855227065591,78,0,9,69,0,0,126,0,30,96,0,0
6,350.0,87,297.20514584799173,18.205507407888437,9,337.35429451278645,7.969647385137616,9,0,1,8,0,0,9,0,0,9,0,0
Totals,7,4179,NA,NA,4179,NA,NA,4179,0,661,3518,0,0,3272,0,402,4529,0,0
