Age,Class,N_Initial_Age,AgeSize_Mean,AgeSize_Std,N_Initial_Class,ClassSize_Mean,ClassSize_Std,N_GrowthBack_Class,Capture_Back,PackingDeaths_Emigration_Class,N_AfterEmigration_Class,Deaths_AfterEmiMort_Age,Deaths_AfterEmiMort_Size,N_GrowthOut_Class,Capture_Out,PackingDeaths_Immigration_Class,N_Immigration_Class,Deaths_AfterImmiMort_Age,Deaths_AfterImmiMort_Size
0,50.0,1930,50.07499263954741,9.888102848856763,1919,49.91739841462714,9.69256848127957,0,0,0,0,0,0,0,0,0,1530,0,0
1,100.0,1171,113.44465676002005,1.4210854715202004e-14,1182,113.11077944385832,3.4522720524867507,1930,0,159,1771,0,0,1688,0,170,1524,0,0
2,150.0,676,164.79572781619694,0.0,676,164.79572781619694,0.0,1171,0,116,1055,0,0,979,0,121,858,0,0
3,200.0,389,205.23032539160798,2.842170943040401e-14,389,205.23032539160798,2.842170943040401e-14,1065,0,240,825,0,0,487,0,58,429,0,0
4,250.0,138,237.0691292852373,2.842170943040401e-14,217,246.19612234422496,12.062955280178814,217,0,18,199,0,0,382,0,103,279,0,0
5,300.0,79,262.1394773080263,1.7053025658242404e-13,71,290.8042775602644,12.061117342066598,71,0,7,64,0,0,118,0,23,95,0,0
6,350.0,77,294.49862812492694,17.296158501073435,6,338.21510980676715,6.719111784445756,6,0,0,6,0,0,9,0,1,8,0,0
Totals,7,4460,NA,NA,4460,NA,NA,4460,0,540,3920,0,0,3663,0,476,4723,0,0
