Age,Class,N_Initial_Age,AgeSize_Mean,AgeSize_Std,N_Initial_Class,ClassSize_Mean,ClassSize_Std,N_GrowthBack_Class,Capture_Back,PackingDeaths_Emigration_Class,N_AfterEmigration_Class,Deaths_AfterEmiMort_Age,Deaths_AfterEmiMort_Size,N_GrowthOut_Class,Capture_Out,PackingDeaths_Immigration_Class,N_Immigration_Class,Deaths_AfterImmiMort_Age,Deaths_AfterImmiMort_Size
0,50.0,1377,49.466382103337324,9.908089661328203,1372,49.362064432874234,9.772199478230347,0,0,0,0,0,0,0,0,9,1782,0,0
1,100.0,1140,113.44465676002005,1.4210854715202004e-14,1145,113.29027463826631,2.340140586735528,1377,0,74,1289,0,0,1235,0,52,1196,0,0
2,150.0,683,164.79572781619692,2.842170943040401e-14,683,164.79572781619692,2.842170943040401e-14,1140,0,197,927,0,0,849,0,84,765,0,0
3,200.0,344,205.23032539160798,2.842170943040401e-14,344,205.23032539160798,2.842170943040401e-14,1027,0,328,686,0,0,425,0,44,381,0,0
4,250.0,139,237.0691292852373,2.842170943040401e-14,220,246.29957560271873,12.091706346294815,220,0,12,208,0,0,341,0,70,271,0,0
5,300.0,81,262.13947730802647,0.0,87,293.25170666724705,13.754323173149462,87,0,16,71,0,0,128,0,33,95,0,0
6,350.0,92,295.44904369307153,16.28764817230431,5,333.68270794241823,6.611194698761451,5,0,2,3,0,0,9,0,0,9,0,0
Totals,7,3856,NA,NA,3856,NA,NA,3856,0,629,3184,0,0,2987,0,292,4499,0,0
