Age,Class,N_Initial_Age,AgeSize_Mean,AgeSize_Std,N_Initial_Class,ClassSize_Mean,ClassSize_Std,N_GrowthBack_Class,Capture_Back,PackingDeaths_Emigration_Class,N_AfterEmigration_Class,Deaths_AfterEmiMort_Age,Deaths_AfterEmiMort_Size,N_GrowthOut_Class,Capture_Out,PackingDeaths_Immigration_Class,N_Immigration_Class,Deaths_AfterImmiMort_Age,Deaths_AfterImmiMort_Size
0,50.0,1768,49.84237890055118,10.185698808802323,1762,49.745847624374704,10.066629131215107,0,0,0,0,0,0,0,0,325,1897,0,0
1,100.0,1217,113.44465676002007,0.0,1223,113.27170045704878,2.468767704881039,1768,0,222,1546,0,0,1490,0,204,1301,0,0
2,150.0,625,164.79572781619692,2.842170943040401e-14,625,164.79572781619692,2.842170943040401e-14,1217,0,309,908,0,0,843,0,121,722,0,0
3,200.0,376,205.23032539160798,2.842170943040401e-14,376,205.23032539160798,2.842170943040401e-14,1001,0,400,601,0,0,349,0,54,295,0,0
4,250.0,189,237.0691292852373,2.842170943040401e-14,266,244.3263352918341,11.369856693743952,266,0,45,221,0,0,360,0,121,239,0,0
5,300.0,77,262.13947730802636,1.1368683772161603e-13,76,294.5263828496733,13.317276460012277,76,0,15,61,0,0,118,0,22,96,0,0
6,350.0,86,298.7540465921179,17.21474851318255,10,330.88429103469656,5.7045346716793714,10,0,0,10,0,0,15,0,3,12,0,0
Totals,7,4338,NA,NA,4338,NA,NA,4338,0,991,3347,0,0,3175,0,850,4562,0,0
