Age,Class,N_Initial_Age,AgeSize_Mean,AgeSize_Std,N_Initial_Class,ClassSize_Mean,ClassSize_Std,N_GrowthBack_Class,Capture_Back,PackingDeaths_Emigration_Class,N_AfterEmigration_Class,Deaths_AfterEmiMort_Age,Deaths_AfterEmiMort_Size,N_GrowthOut_Class,Capture_Out,PackingDeaths_Immigration_Class,N_Immigration_Class,Deaths_AfterImmiMort_Age,Deaths_AfterImmiMort_Size
0,50.0,1779,50.166620232371606,10.235314301415713,1767,49.966194372190486,9.967809442607681,0,0,0,0,0,0,0,0,81,2270,0,0
1,100.0,1582,113.44465676002007,0.0,1594,113.19046357094119,2.948955954829372,1779,0,95,1684,0,0,1618,0,70,1559,0,0
2,150.0,878,164.79572781619692,2.842170943040401e-14,878,164.79572781619692,2.842170943040401e-14,1582,0,434,1148,0,0,1065,0,131,934,0,0
3,200.0,476,205.23032539160798,2.842170943040401e-14,476,205.23032539160798,2.842170943040401e-14,1354,0,484,870,0,0,516,0,71,445,0,0
4,250.0,160,237.06912928523724,2.842170943040401e-14,278,247.71050002872335,12.391291162683636,278,0,42,236,0,0,424,0,126,298,0,0
5,300.0,118,262.13947730802636,1.1368683772161603e-13,101,294.97162325165135,13.783555615096128,101,0,10,91,0,0,163,0,47,116,0,0
6,350.0,109,297.78440172152096,16.63274618032374,8,333.2957299036258,3.132738133921494,8,0,1,7,0,0,18,0,1,17,0,0
Totals,7,5102,NA,NA,5102,NA,NA,5102,0,1066,4036,0,0,3804,0,527,5639,0,0
