Age,Class,N_Initial_Age,AgeSize_Mean,AgeSize_Std,N_Initial_Class,ClassSize_Mean,ClassSize_Std,N_GrowthBack_Class,Capture_Back,PackingDeaths_Emigration_Class,N_AfterEmigration_Class,Deaths_AfterEmiMort_Age,Deaths_AfterEmiMort_Size,N_GrowthOut_Class,Capture_Out,PackingDeaths_Immigration_Class,N_Immigration_Class,Deaths_AfterImmiMort_Age,Deaths_AfterImmiMort_Size
0,50.0,1398,50.184890063094954,9.949403423436111,1394,50.11071420427559,9.86659759925166,0,0,0,0,0,0,0,0,30,1739,0,0
1,100.0,1186,113.44465676002005,1.4210854715202004e-14,1190,113.31891060910117,2.165774808673784,1398,0,68,1330,0,0,1284,0,13,1279,0,0
2,150.0,637,164.79572781619692,2.842170943040401e-14,637,164.79572781619692,2.842170943040401e-14,1186,0,263,923,0,0,847,0,38,809,0,0
3,200.0,302,205.23032539160798,2.842170943040401e-14,302,205.23032539160798,2.842170943040401e-14,939,0,237,702,0,0,435,0,52,383,0,0
4,250.0,122,237.0691292852372,5.684341886080802e-14,184,245.51674655378574,11.84999862320483,184,0,18,166,0,0,309,0,43,266,0,0
5,300.0,62,262.13947730802647,0.0,98,291.92784163223155,12.381024476708495,98,0,10,88,0,0,128,0,39,89,0,0
6,350.0,104,294.53626605191374,16.11214015972553,6,337.1405315733896,8.352568831515857,6,0,0,6,0,0,12,0,0,12,0,0
Totals,7,3811,NA,NA,3811,NA,NA,3811,0,596,3215,0,0,3015,0,215,4577,0,0
