Age,Class,N_Initial_Age,AgeSize_Mean,AgeSize_Std,N_Initial_Class,ClassSize_Mean,ClassSize_Std,N_GrowthBack_Class,Capture_Back,PackingDeaths_Emigration_Class,N_AfterEmigration_Class,Deaths_AfterEmiMort_Age,Deaths_AfterEmiMort_Size,N_GrowthOut_Class,Capture_Out,PackingDeaths_Immigration_Class,N_Immigration_Class,Deaths_AfterImmiMort_Age,Deaths_AfterImmiMort_Size
0,50.0,1519,50.226909781864094,10.093535366875408,1504,49.95538763761434,9.76524103914916,0,0,0,0,0,0,0,0,65,1457,0,0
1,100.0,1129,113.44465676002007,0.0,1144,112.97271891061385,4.105551687312558,1519,0,221,1298,0,0,1229,0,146,1093,0,0
2,150.0,575,164.79572781619694,0.0,575,164.79572781619694,0.0,1129,0,192,937,0,0,865,0,166,699,0,0
3,200.0,305,205.23032539160798,2.842170943040401e-14,305,205.23032539160798,2.842170943040401e-14,880,0,188,692,0,0,416,0,88,328,0,0
4,250.0,147,237.06912928523727,0.0,209,244.5062660192704,11.451663783685573,209,0,26,183,0,0,338,0,85,253,0,0
5,300.0,62,262.13947730802647,0.0,56,291.14345070230826,11.239693866181947,56,0,6,50,0,0,95,0,12,83,0,0
6,350.0,63,295.8441190406564,17.10404123542724,7,333.44946574744114,5.599636599831631,7,0,2,5,0,0,8,0,0,8,0,0
Totals,7,3800,NA,NA,3800,NA,NA,3800,0,635,3165,0,0,2951,0,562,3921,0,0
