Age,Class,N_Initial_Age,AgeSize_Mean,AgeSize_Std,N_Initial_Class,ClassSize_Mean,ClassSize_Std,N_GrowthBack_Class,Capture_Back,PackingDeaths_Emigration_Class,N_AfterEmigration_Class,Deaths_AfterEmiMort_Age,Deaths_AfterEmiMort_Size,N_GrowthOut_Class,Capture_Out,PackingDeaths_Immigration_Class,N_Immigration_Class,Deaths_AfterImmiMort_Age,Deaths_AfterImmiMort_Size
0,50.0,1731,50.341071072106025,10.026576132084788,1726,50.25388724981012,9.908585819667787,0,0,0,0,0,0,0,0,0,1914,0,0
1,100.0,1236,113.44465676002008,1.4210854715202004e-14,1241,113.31166832234335,2.0948814262229805,1731,0,190,1541,0,0,1488,0,81,1415,0,0
2,150.0,642,164.79572781619694,0.0,642,164.79572781619694,0.0,1236,0,215,1021,0,0,942,0,103,839,0,0
3,200.0,379,205.23032539160798,2.842170943040401e-14,379,205.23032539160798,2.842170943040401e-14,1021,0,298,723,0,0,438,0,52,386,0,0
4,250.0,163,237.06912928523727,0.0,242,245.25325116044525,11.755804217667501,242,0,41,201,0,0,366,0,87,279,0,0
5,300.0,79,262.1394773080263,1.7053025658242404e-13,70,294.4990724061278,14.196887826212818,70,0,13,57,0,0,98,0,19,79,0,0
6,350.0,82,299.99644992645057,18.791759464943897,12,332.0644854616665,5.7174926396646715,12,0,0,12,0,0,24,0,9,15,0,0
Totals,7,4312,NA,NA,4312,NA,NA,4312,0,757,3555,0,0,3356,0,351,4927,0,0
