Age,Class,N_Initial_Age,AgeSize_Mean,AgeSize_Std,N_Initial_Class,ClassSize_Mean,ClassSize_Std,N_GrowthBack_Class,Capture_Back,PackingDeaths_Emigration_Class,N_AfterEmigration_Class,Deaths_AfterEmiMort_Age,Deaths_AfterEmiMort_Size,N_GrowthOut_Class,Capture_Out,PackingDeaths_Immigration_Class,N_Immigration_Class,Deaths_AfterImmiMort_Age,Deaths_AfterImmiMort_Size
0,50.0,1477,50.36222281779692,10.220274696444006,1470,50.23322619862272,10.070324915771213,0,0,0,0,0,0,0,0,0,1678,0,0
1,100.0,1029,113.44465676002007,0.0,1036,113.20145984167114,2.9555523139087923,1477,0,121,1278,0,0,1229,0,16,1227,0,0
2,150.0,768,164.79572781619692,2.842170943040401e-14,768,164.79572781619692,2.842170943040401e-14,1029,0,107,905,0,0,827,0,70,757,0,0
3,200.0,352,205.23032539160798,2.842170943040401e-14,352,205.23032539160798,2.842170943040401e-14,1120,0,317,789,0,0,520,0,105,415,0,0
4,250.0,146,237.0691292852373,2.842170943040401e-14,220,245.5018827110845,11.844861030641944,220,0,27,191,0,0,347,0,55,292,0,0
5,300.0,74,262.1394773080264,5.684341886080802e-14,80,292.9347916405689,12.729590491963128,80,0,14,66,0,0,116,0,9,107,0,0
6,350.0,89,297.161040609705,17.600026617707922,9,334.72769811313805,7.265957372264482,9,0,1,8,0,0,11,0,2,9,0,0
Totals,7,3935,NA,NA,3935,NA,NA,3935,0,587,3237,0,0,3050,0,257,4485,0,0
