Age,Class,N_Initial_Age,AgeSize_Mean,AgeSize_Std,N_Initial_Class,ClassSize_Mean,ClassSize_Std,N_GrowthBack_Class,Capture_Back,PackingDeaths_Emigration_Class,N_AfterEmigration_Class,Deaths_AfterEmiMort_Age,Deaths_AfterEmiMort_Size,N_GrowthOut_Class,Capture_Out,PackingDeaths_Immigration_Class,N_Immigration_Class,Deaths_AfterImmiMort_Age,Deaths_AfterImmiMort_Size
0,50.0,1719,50.12134466043089,10.187097839271214,1707,49.91419417787855,9.90994563435732,0,0,0,0,0,0,0,0,0,1832,0,0
1,100.0,1118,113.44465676002007,0.0,1130,113.08512236048182,3.5033490900412443,1719,0,159,1527,0,0,1462,0,48,1430,0,0
2,150.0,615,164.79572781619694,0.0,615,164.79572781619694,0.0,1118,0,115,997,0,0,904,0,103,801,0,0
3,200.0,338,205.23032539160798,2.842170943040401e-14,338,205.23032539160798,2.842170943040401e-14,953,0,241,707,0,0,412,0,70,342,0,0
4,250.0,150,237.06912928523732,5.684341886080802e-14,217,244.80974365172048,11.582002646663947,217,0,26,191,0,0,366,0,124,242,0,0
5,300.0,67,262.1394773080264,5.684341886080802e-14,71,292.7548774537665,11.951907521515977,71,0,13,58,0,0,99,0,17,82,0,0
6,350.0,78,296.2163328792454,15.948841321313262,7,331.3253807662454,5.594409378261276,7,0,0,7,0,0,10,0,1,9,0,0
Totals,7,4085,NA,NA,4085,NA,NA,4085,0,554,3487,0,0,3253,0,363,4738,0,0
