Age,Class,N_Initial_Age,AgeSize_Mean,AgeSize_Std,N_Initial_Class,ClassSize_Mean,ClassSize_Std,N_GrowthBack_Class,Capture_Back,PackingDeaths_Emigration_Class,N_AfterEmigration_Class,Deaths_AfterEmiMort_Age,Deaths_AfterEmiMort_Size,N_GrowthOut_Class,Capture_Out,PackingDeaths_Immigration_Class,N_Immigration_Class,Deaths_AfterImmiMort_Age,Deaths_AfterImmiMort_Size
0,50.0,1700,49.99823647717974,9.979552901432589,1694,49.89005577186752,9.828797697060688,0,0,0,0,0,0,0,0,93,1612,0,0
1,100.0,1308,113.44465676002005,1.4210854715202004e-14,1314,113.29441291915391,2.225022434527197,1700,0,193,1430,0,0,1337,0,109,1237,0,0
2,150.0,725,164.79572781619692,2.842170943040401e-14,725,164.79572781619692,2.842170943040401e-14,1308,0,250,1030,0,0,941,0,170,771,0,0
3,200.0,355,205.230325391608,0.0,355,205.230325391608,0.0,1080,0,305,757,0,0,462,0,108,354,0,0
4,250.0,146,237.0691292852373,2.842170943040401e-14,232,246.36244794885735,12.10871427526675,232,0,36,194,0,0,362,0,92,270,0,0
5,300.0,86,262.13947730802636,1.1368683772161603e-13,90,294.9530194829628,12.925796185814157,90,0,18,72,0,0,123,0,24,99,0,0
6,350.0,95,297.33035533517585,16.183268855299236,5,340.12240067500926,5.983618587698222,5,0,0,5,0,0,12,0,1,11,0,0
Totals,7,4415,NA,NA,4415,NA,NA,4415,0,802,3488,0,0,3237,0,597,4354,0,0
