Age,Class,N_Initial_Age,AgeSize_Mean,AgeSize_Std,N_Initial_Class,ClassSize_Mean,ClassSize_Std,N_GrowthBack_Class,Capture_Back,PackingDeaths_Emigration_Class,N_AfterEmigration_Class,Deaths_AfterEmiMort_Age,Deaths_AfterEmiMort_Size,N_GrowthOut_Class,Capture_Out,PackingDeaths_Immigration_Class,N_Immigration_Class,Deaths_AfterImmiMort_Age,Deaths_AfterImmiMort_Size
0,50.0,1404,49.76025913167178,9.603056419940202,1396,49.59445766573693,9.375147786903124,0,0,0,0,0,0,0,0,81,1629,0,0
1,100.0,996,113.44465676002007,0.0,1004,113.16774806023744,3.096310584627084,1404,0,115,1289,0,0,1240,0,144,1110,0,0
2,150.0,593,164.79572781619692,2.842170943040401e-14,593,164.79572781619692,2.842170943040401e-14,996,0,131,865,0,0,784,0,126,658,0,0
3,200.0,288,205.23032539160798,2.842170943040401e-14,288,205.23032539160798,2.842170943040401e-14,881,0,203,678,0,0,434,0,52,382,0,0
4,250.0,145,237.0691292852373,2.842170943040401e-14,203,244.23208586317702,11.325628783587543,203,0,16,187,0,0,320,0,81,239,0,0
5,300.0,58,262.13947730802647,0.0,74,291.0574005436295,11.247791011010506,74,0,11,63,0,0,104,0,14,90,0,0
6,350.0,84,296.1690114408659,17.669427349705238,10,333.994932080415,7.887101385653309,10,0,1,9,0,0,10,0,0,10,0,0
Totals,7,3568,NA,NA,3568,NA,NA,3568,0,477,3091,0,0,2892,0,498,4118,0,0
