Age,Class,N_Initial_Age,AgeSize_Mean,AgeSize_Std,N_Initial_Class,ClassSize_Mean,ClassSize_Std,N_GrowthBack_Class,Capture_Back,PackingDeaths_Emigration_Class,N_AfterEmigration_Class,Deaths_AfterEmiMort_Age,Deaths_AfterEmiMort_Size,N_GrowthOut_Class,Capture_Out,PackingDeaths_Immigration_Class,N_Immigration_Class,Deaths_AfterImmiMort_Age,Deaths_AfterImmiMort_Size
0,50.0,1563,50.1787602713859,10.063900876748741,1556,50.05671932648427,9.91947203991461,0,0,0,0,0,0,0,0,58,1913,0,0
1,100.0,1403,113.44465676002005,1.4210854715202004e-14,1410,113.26524855778355,2.54344871758149,1563,0,145,1418,0,0,1345,0,75,1281,0,0
2,150.0,774,164.7957278161969,5.684341886080802e-14,774,164.7957278161969,5.684341886080802e-14,1403,0,273,1130,0,0,1032,0,151,881,0,0
3,200.0,376,205.23032539160798,2.842170943040401e-14,376,205.23032539160798,2.842170943040401e-14,1150,0,339,811,0,0,496,0,71,425,0,0
4,250.0,140,237.06912928523732,5.684341886080802e-14,210,245.4259119595003,11.818275395747333,210,0,18,192,0,0,377,0,101,276,0,0
5,300.0,70,262.1394773080263,1.7053025658242404e-13,107,291.5645933926146,12.569033080729351,107,0,22,85,0,0,131,0,30,101,0,0
6,350.0,121,296.3681208715429,17.919414171614477,14,333.0807951747808,6.608649027017471,14,0,2,12,0,0,17,0,4,13,0,0
Totals,7,4447,NA,NA,4447,NA,NA,4447,0,799,3648,0,0,3398,0,490,4890,0,0
