Age,Class,N_Initial_Age,AgeSize_Mean,AgeSize_Std,N_Initial_Class,ClassSize_Mean,ClassSize_Std,N_GrowthBack_Class,Capture_Back,PackingDeaths_Emigration_Class,N_AfterEmigration_Class,Deaths_AfterEmiMort_Age,Deaths_AfterEmiMort_Size,N_GrowthOut_Class,Capture_Out,PackingDeaths_Immigration_Class,N_Immigration_Class,Deaths_AfterImmiMort_Age,Deaths_AfterImmiMort_Size
0,50.0,2052,50.60092164967046,9.7484428366222,2040,50.44173368254255,9.551159160074665,0,0,0,0,0,0,0,0,0,1878,0,0
1,100.0,1282,113.44465676002005,1.4210854715202004e-14,1294,113.11283190037308,3.437377640272431,2052,0,46,2006,0,0,1924,0,169,1768,0,0
2,150.0,758,164.79572781619692,2.842170943040401e-14,758,164.79572781619692,2.842170943040401e-14,1282,0,175,1107,0,0,1029,0,64,965,0,0
3,200.0,328,205.230325391608,0.0,328,205.230325391608,0.0,1086,0,230,856,0,0,554,0,28,526,0,0
4,250.0,178,237.06912928523724,2.842170943040401e-14,247,244.072586830065,11.248586596966563,247,0,6,241,0,0,396,0,100,296,0,0
5,300.0,69,262.13947730802636,1.1368683772161603e-13,104,292.12791315185837,11.636936206361577,104,0,6,98,0,0,150,0,45,105,0,0
6,350.0,112,294.7176803917463,14.608675742438718,8,328.3846545102889,2.5875140210235337,8,0,0,8,0,0,8,0,0,8,0,0
Totals,7,4779,NA,NA,4779,NA,NA,4779,0,463,4316,0,0,4061,0,406,5546,0,0
