Age,Class,N_Initial_Age,AgeSize_Mean,AgeSize_Std,N_Initial_Class,ClassSize_Mean,ClassSize_Std,N_GrowthBack_Class,Capture_Back,PackingDeaths_Emigration_Class,N_AfterEmigration_Class,Deaths_AfterEmiMort_Age,Deaths_AfterEmiMort_Size,N_GrowthOut_Class,Capture_Out,PackingDeaths_Immigration_Class,N_Immigration_Class,Deaths_AfterImmiMort_Age,Deaths_AfterImmiMort_Size
0,50.0,1442,49.63721053508133,10.193927918549736,1428,49.36397812577819,9.859127677641638,0,0,0,0,0,0,0,0,46,1655,0,0
1,100.0,1176,113.44465676002007,0.0,1190,113.02185981324335,3.881648989717925,1442,0,104,1338,0,0,1267,0,57,1221,0,0
2,150.0,574,164.79572781619694,0.0,574,164.79572781619694,0.0,1176,0,185,991,0,0,906,0,81,825,0,0
3,200.0,325,205.23032539160798,2.842170943040401e-14,325,205.23032539160798,2.842170943040401e-14,899,0,217,682,0,0,417,0,28,389,0,0
4,250.0,130,237.06912928523727,0.0,211,246.69329132242171,12.192481157744224,211,0,20,191,0,0,333,0,81,252,0,0
5,300.0,81,262.13947730802647,0.0,72,293.3033381924347,12.29472947805379,72,0,7,65,0,0,126,0,33,93,0,0
6,350.0,78,296.3140751397183,15.804321371486166,6,332.44291850712153,4.370723081397735,6,0,0,6,0,0,8,0,2,6,0,0
Totals,7,3806,NA,NA,3806,NA,NA,3806,0,533,3273,0,0,3057,0,328,4441,0,0
