Age,Class,N_Initial_Age,AgeSize_Mean,AgeSize_Std,N_Initial_Class,ClassSize_Mean,ClassSize_Std,N_GrowthBack_Class,Capture_Back,PackingDeaths_Emigration_Class,N_AfterEmigration_Class,Deaths_AfterEmiMort_Age,Deaths_AfterEmiMort_Size,N_GrowthOut_Class,Capture_Out,PackingDeaths_Immigration_Class,N_Immigration_Class,Deaths_AfterImmiMort_Age,Deaths_AfterImmiMort_Size
0,50.0,1550,49.61509076216991,10.100337299305792,1538,49.387594621917735,9.797667161505874,0,0,0,0,0,0,0,0,94,1854,0,0
1,100.0,989,113.44465676002007,0.0,1001,113.0290066818319,3.80051355846742,1550,0,179,1371,0,0,1314,0,146,1186,0,0
2,150.0,589,164.79572781619694,0.0,589,164.79572781619694,0.0,989,0,197,792,0,0,740,0,105,635,0,0
3,200.0,336,205.230325391608,0.0,336,205.230325391608,0.0,925,0,267,658,0,0,390,0,67,323,0,0
4,250.0,142,237.06912928523735,8.526512829121202e-14,220,245.95770722058978,11.993036502660084,220,0,39,181,0,0,330,0,117,213,0,0
5,300.0,78,262.13947730802636,1.1368683772161603e-13,82,294.5574377013693,12.817703415118345,82,0,13,69,0,0,108,0,23,85,0,0
6,350.0,90,298.33217032976694,17.26634053501345,8,337.02317977084294,5.1838482933189045,8,0,1,7,0,0,14,0,4,10,0,0
Totals,7,3774,NA,NA,3774,NA,NA,3774,0,696,3078,0,0,2896,0,556,4306,0,0
