Age,Class,N_Initial_Age,AgeSize_Mean,AgeSize_Std,N_Initial_Class,ClassSize_Mean,ClassSize_Std,N_GrowthBack_Class,Capture_Back,PackingDeaths_Emigration_Class,N_AfterEmigration_Class,Deaths_AfterEmiMort_Age,Deaths_AfterEmiMort_Size,N_GrowthOut_Class,Capture_Out,PackingDeaths_Immigration_Class,N_Immigration_Class,Deaths_AfterImmiMort_Age,Deaths_AfterImmiMort_Size
0,50.0,30021,49.89826334821546,9.929214477644145,29835,49.723055510792584,9.705951926382767,0,0,0,0,0,0,0,0,157,1673,0,0
1,100.0,2035,113.44465676002008,1.4210854715202004e-14,2221,110.47648776178323,9.847661416634255,30021,0,20533,9488,0,0,9322,0,5714,3625,0,0
2,150.0,1427,164.79572781619692,2.842170943040401e-14,1427,164.79572781619692,2.842170943040401e-14,2035,0,552,1483,0,0,1394,0,237,1157,0,0
3,200.0,289,205.23032539160798,2.842170943040401e-14,289,205.23032539160798,2.842170943040401e-14,1716,0,658,1058,0,0,815,0,176,639,0,0
4,250.0,228,237.06912928523724,2.842170943040401e-14,265,240.5695174997399,8.689259640511498,265,0,34,231,0,0,340,0,58,282,0,0
5,300.0,37,262.13947730802647,0.0,106,289.7989717120599,7.770702581152704,106,0,10,96,0,0,116,0,23,93,0,0
6,350.0,106,289.7989717120599,7.770702581152704,0,nan,nan,0,0,0,0,0,0,0,0,0,0,0,0
Totals,7,34143,NA,NA,34143,NA,NA,34143,0,21787,12356,0,0,11987,0,6365,7469,0,0
