Age,Class,N_Initial_Age,AgeSize_Mean,AgeSize_Std,N_Initial_Class,ClassSize_Mean,ClassSize_Std,N_GrowthBack_Class,Capture_Back,PackingDeaths_Emigration_Class,N_AfterEmigration_Class,Deaths_AfterEmiMort_Age,Deaths_AfterEmiMort_Size,N_GrowthOut_Class,Capture_Out,PackingDeaths_Immigration_Class,N_Immigration_Class,Deaths_AfterImmiMort_Age,Deaths_AfterImmiMort_Size
0,50.0,1531,50.351741392358235,9.757428685133839,1522,50.19811069680061,9.57828922006141,0,0,0,0,0,0,0,0,31,2065,0,0
1,100.0,1099,113.44465676002007,0.0,1108,113.14320340291697,3.333598504863353,1531,0,136,1395,0,0,1331,0,42,1302,0,0
2,150.0,692,164.79572781619692,2.842170943040401e-14,692,164.79572781619692,2.842170943040401e-14,1099,0,137,962,0,0,884,0,85,799,0,0
3,200.0,330,205.23032539160798,2.842170943040401e-14,330,205.23032539160798,2.842170943040401e-14,1022,0,249,773,0,0,480,0,66,414,0,0
4,250.0,173,237.06912928523732,5.684341886080802e-14,249,244.72112305926126,11.54491828751057,249,0,25,224,0,0,373,0,108,265,0,0
5,300.0,76,262.13947730802636,1.1368683772161603e-13,88,294.40135476964934,13.742302505372075,88,0,10,78,0,0,128,0,43,85,0,0
6,350.0,98,298.5530486437282,18.145282462541044,10,335.0879547356217,8.848370734610176,10,0,0,10,0,0,16,0,2,14,0,0
Totals,7,3999,NA,NA,3999,NA,NA,3999,0,557,3442,0,0,3212,0,377,4944,0,0
