Age,Class,N_Initial_Age,AgeSize_Mean,AgeSize_Std,N_Initial_Class,ClassSize_Mean,ClassSize_Std,N_GrowthBack_Class,Capture_Back,PackingDeaths_Emigration_Class,N_AfterEmigration_Class,Deaths_AfterEmiMort_Age,Deaths_AfterEmiMort_Size,N_GrowthOut_Class,Capture_Out,PackingDeaths_Immigration_Class,N_Immigration_Class,Deaths_AfterImmiMort_Age,Deaths_AfterImmiMort_Size
0,50.0,2047,49.882562129861306,10.03918869118056,2032,49.67390215653783,9.773873677049957,0,0,0,0,0,0,0,0,8,1884,0,0
1,100.0,1183,113.44465676002007,0.0,1198,113.00272491222452,3.9374035464556756,2047,0,76,1957,0,0,1883,0,182,1715,0,0
2,150.0,701,164.79572781619692,2.842170943040401e-14,701,164.79572781619692,2.842170943040401e-14,1183,0,133,1030,0,0,941,0,84,857,0,0
3,200.0,354,205.230325391608,0.0,354,205.230325391608,0.0,1055,0,199,838,0,0,508,0,90,418,0,0
4,250.0,137,237.06912928523727,0.0,224,246.80627338337408,12.218904046617995,224,0,12,210,0,0,374,0,107,267,0,0
5,300.0,87,262.1394773080263,1.7053025658242404e-13,105,291.8970969559532,12.590734423010577,105,0,8,97,0,0,162,0,35,127,0,0
6,350.0,116,295.4940188049337,16.397585946156468,11,329.8282728179295,4.463574685344724,11,0,0,11,0,0,16,0,1,15,0,0
Totals,7,4625,NA,NA,4625,NA,NA,4625,0,428,4143,0,0,3884,0,507,5283,0,0
