Age,Class,N_Initial_Age,AgeSize_Mean,AgeSize_Std,N_Initial_Class,ClassSize_Mean,ClassSize_Std,N_GrowthBack_Class,Capture_Back,PackingDeaths_Emigration_Class,N_AfterEmigration_Class,Deaths_AfterEmiMort_Age,Deaths_AfterEmiMort_Size,N_GrowthOut_Class,Capture_Out,PackingDeaths_Immigration_Class,N_Immigration_Class,Deaths_AfterImmiMort_Age,Deaths_AfterImmiMort_Size
0,50.0,1409,49.69809022901999,10.061407040145827,1403,49.571261778481414,9.891271460348968,0,0,0,0,0,0,0,0,0,1471,0,0
1,100.0,1141,113.44465676002007,0.0,1147,113.2663314914234,2.4715712070736946,1409,0,101,1308,0,0,1265,0,114,1161,0,0
2,150.0,668,164.79572781619692,2.842170943040401e-14,668,164.79572781619692,2.842170943040401e-14,1141,0,220,900,0,0,852,0,114,738,0,0
3,200.0,283,205.23032539160798,2.842170943040401e-14,283,205.23032539160798,2.842170943040401e-14,951,0,266,673,0,0,438,0,79,359,0,0
4,250.0,150,237.06912928523732,5.684341886080802e-14,208,244.05989940697648,11.242338413529355,208,0,49,159,0,0,288,0,97,191,0,0
5,300.0,58,262.13947730802647,0.0,69,291.73478393383266,12.910736245669607,69,0,11,57,0,0,86,0,19,67,0,0
6,350.0,77,295.9541104673705,17.530808684115666,8,332.34580181913464,6.516448853698447,8,0,2,6,0,0,11,0,3,8,0,0
Totals,7,3786,NA,NA,3786,NA,NA,3786,0,649,3103,0,0,2940,0,426,3995,0,0
