Age,Class,N_Initial_Age,AgeSize_Mean,AgeSize_Std,N_Initial_Class,ClassSize_Mean,ClassSize_Std,N_GrowthBack_Class,Capture_Back,PackingDeaths_Emigration_Class,N_AfterEmigration_Class,Deaths_AfterEmiMort_Age,Deaths_AfterEmiMort_Size,N_GrowthOut_Class,Capture_Out,PackingDeaths_Immigration_Class,N_Immigration_Class,Deaths_AfterImmiMort_Age,Deaths_AfterImmiMort_Size
0,50.0,1593,50.41901890637199,10.145493932873416,1582,50.22455409345157,9.904583255799507,0,0,0,0,0,0,0,0,85,1686,0,0
1,100.0,1086,113.44465676002007,0.0,1097,113.09311739598174,3.50725961403256,1593,0,144,1449,0,0,1370,0,137,1247,0,0
2,150.0,619,164.79572781619692,2.842170943040401e-14,619,164.79572781619692,2.842170943040401e-14,1086,0,225,861,0,0,793,0,76,717,0,0
3,200.0,306,205.23032539160798,2.842170943040401e-14,306,205.23032539160798,2.842170943040401e-14,925,0,278,647,0,0,405,0,64,341,0,0
4,250.0,156,237.0691292852373,2.842170943040401e-14,219,244.28114720960122,11.348770716207632,219,0,25,194,0,0,328,0,78,250,0,0
5,300.0,63,262.1394773080265,5.684341886080802e-14,69,289.83858343064844,10.890375774980908,69,0,7,62,0,0,108,0,27,81,0,0
6,350.0,77,293.90447760006106,15.822681585767706,8,328.972814811245,3.793241277776896,8,0,2,6,0,0,7,0,1,6,0,0
Totals,7,3900,NA,NA,3900,NA,NA,3900,0,681,3219,0,0,3011,0,468,4328,0,0
