Age,Class,N_Initial_Age,AgeSize_Mean,AgeSize_Std,N_Initial_Class,ClassSize_Mean,ClassSize_Std,N_GrowthBack_Class,Capture_Back,PackingDeaths_Emigration_Class,N_AfterEmigration_Class,Deaths_AfterEmiMort_Age,Deaths_AfterEmiMort_Size,N_GrowthOut_Class,Capture_Out,PackingDeaths_Immigration_Class,N_Immigration_Class,Deaths_AfterImmiMort_Age,Deaths_AfterImmiMort_Size
0,50.0,1690,49.82094568655727,9.972448614177354,1678,49.61851312313339,9.713782765566643,0,0,0,0,0,0,0,0,50,2129,0,0
1,100.0,1103,113.44465676002007,0.0,1115,113.06456466005928,3.6506978329828472,1690,0,127,1475,0,0,1409,0,85,1343,0,0
2,150.0,729,164.79572781619692,2.842170943040401e-14,729,164.79572781619692,2.842170943040401e-14,1103,0,94,973,0,0,888,0,101,787,0,0
3,200.0,383,205.23032539160795,5.684341886080802e-14,383,205.23032539160795,5.684341886080802e-14,1112,0,357,732,0,0,432,0,57,375,0,0
4,250.0,169,237.06912928523727,0.0,275,246.73260888674878,12.201801453563677,275,0,33,242,0,0,359,0,105,254,0,0
5,300.0,106,262.1394773080264,5.684341886080802e-14,104,292.9802120778252,13.13379586399979,104,0,23,81,0,0,153,0,36,117,0,0
6,350.0,114,296.4725977922448,16.967961745673723,10,332.79340922220916,6.494726534192109,10,0,2,8,0,0,15,0,1,14,0,0
Totals,7,4294,NA,NA,4294,NA,NA,4294,0,636,3511,0,0,3256,0,435,5019,0,0
