Age,Class,N_Initial_Age,AgeSize_Mean,AgeSize_Std,N_Initial_Class,ClassSize_Mean,ClassSize_Std,N_GrowthBack_Class,Capture_Back,PackingDeaths_Emigration_Class,N_AfterEmigration_Class,Deaths_AfterEmiMort_Age,Deaths_AfterEmiMort_Size,N_GrowthOut_Class,Capture_Out,PackingDeaths_Immigration_Class,N_Immigration_Class,Deaths_AfterImmiMort_Age,Deaths_AfterImmiMort_Size
0,50.0,1708,50.04689480733488,9.954879367589545,1700,49.91428750503782,9.785304762604895,0,0,0,0,0,0,0,0,0,1834,0,0
1,100.0,1169,113.44465676002007,0.0,1177,113.20527725133995,2.908471252192949,1708,0,40,1668,0,0,1585,0,147,1447,0,0
2,150.0,754,164.79572781619692,2.842170943040401e-14,754,164.79572781619692,2.842170943040401e-14,1169,0,198,971,0,0,897,0,103,794,0,0
3,200.0,367,205.230325391608,0.0,367,205.230325391608,0.0,1121,0,360,761,0,0,476,0,74,402,0,0
4,250.0,172,237.06912928523727,0.0,248,244.75197787286615,11.5579204651105,248,0,42,206,0,0,363,0,111,252,0,0
5,300.0,76,262.13947730802636,1.1368683772161603e-13,97,291.8478911742778,11.49192543026388,97,0,18,79,0,0,129,0,34,95,0,0
6,350.0,106,295.4150357823289,16.186749412972794,9,333.8609276691024,6.8787184349148625,9,0,2,7,0,0,6,0,1,5,0,0
Totals,7,4352,NA,NA,4352,NA,NA,4352,0,660,3692,0,0,3456,0,470,4829,0,0
