Age,Class,N_Initial_Age,AgeSize_Mean,AgeSize_Std,N_Initial_Class,ClassSize_Mean,ClassSize_Std,N_GrowthBack_Class,Capture_Back,PackingDeaths_Emigration_Class,N_AfterEmigration_Class,Deaths_AfterEmiMort_Age,Deaths_AfterEmiMort_Size,N_GrowthOut_Class,Capture_Out,PackingDeaths_Immigration_Class,N_Immigration_Class,Deaths_AfterImmiMort_Age,Deaths_AfterImmiMort_Size
0,50.0,1497,49.76409302992877,9.804247329590359,1489,49.60585668568365,9.587005659353721,0,0,0,0,0,0,0,0,139,1572,0,0
1,100.0,1224,113.44465676002007,0.0,1232,113.22239166808843,2.758847012441,1497,0,160,1337,0,0,1291,0,144,1153,0,0
2,150.0,681,164.79572781619694,0.0,681,164.79572781619694,0.0,1224,0,322,902,0,0,814,0,144,670,0,0
3,200.0,350,205.23032539160798,2.842170943040401e-14,350,205.23032539160798,2.842170943040401e-14,1031,0,309,722,0,0,447,0,95,352,0,0
4,250.0,110,237.0691292852373,2.842170943040401e-14,182,246.9870691623846,12.258901785334356,182,0,25,157,0,0,306,0,91,215,0,0
5,300.0,72,262.13947730802647,0.0,89,289.7936312475877,11.062115536061967,89,0,24,65,0,0,120,0,45,75,0,0
6,350.0,97,293.1732123607499,15.549241808706153,8,330.77105224467965,5.434721706203531,8,0,1,7,0,0,8,0,2,6,0,0
Totals,7,4031,NA,NA,4031,NA,NA,4031,0,841,3190,0,0,2986,0,660,4043,0,0
