Age,Class,N_Initial_Age,AgeSize_Mean,AgeSize_Std,N_Initial_Class,ClassSize_Mean,ClassSize_Std,N_GrowthBack_Class,Capture_Back,PackingDeaths_Emigration_Class,N_AfterEmigration_Class,Deaths_AfterEmiMort_Age,Deaths_AfterEmiMort_Size,N_GrowthOut_Class,Capture_Out,PackingDeaths_Immigration_Class,N_Immigration_Class,Deaths_AfterImmiMort_Age,Deaths_AfterImmiMort_Size
0,50.0,1407,50.43682200484828,9.768255225297688,1394,50.170228814396395,9.40837878353831,0,0,0,0,0,0,0,0,0,1884,0,0
1,100.0,1156,113.44465676002007,0.0,1169,113.06187579823452,3.6258862150253055,1407,0,118,1289,0,0,1215,0,117,1114,0,0
2,150.0,706,164.79572781619692,2.842170943040401e-14,706,164.79572781619692,2.842170943040401e-14,1156,0,215,941,0,0,855,0,72,783,0,0
3,200.0,314,205.23032539160798,2.842170943040401e-14,314,205.23032539160798,2.842170943040401e-14,1020,0,291,729,0,0,484,0,106,378,0,0
4,250.0,157,237.06912928523732,5.684341886080802e-14,227,244.80007360944538,11.57799484404354,227,0,27,200,0,0,336,0,72,264,0,0
5,300.0,70,262.1394773080263,1.7053025658242404e-13,78,293.37869495067326,12.122612577463906,78,0,18,60,0,0,112,0,25,87,0,0
6,350.0,87,297.96377999974743,17.93234830673454,9,337.70118375839013,8.579458602214745,9,0,2,7,0,0,9,0,1,8,0,0
Totals,7,3897,NA,NA,3897,NA,NA,3897,0,671,3226,0,0,3011,0,393,4518,0,0
