Age,Class,N_Initial_Age,AgeSize_Mean,AgeSize_Std,N_Initial_Class,ClassSize_Mean,ClassSize_Std,N_GrowthBack_Class,Capture_Back,PackingDeaths_Emigration_Class,N_AfterEmigration_Class,Deaths_AfterEmiMort_Age,Deaths_AfterEmiMort_Size,N_GrowthOut_Class,Capture_Out,PackingDeaths_Immigration_Class,N_Immigration_Class,Deaths_AfterImmiMort_Age,Deaths_AfterImmiMort_Size
0,50.0,1872,50.29461209592097,10.349344694498134,1859,50.09254882147681,10.092848055733304,0,0,0,0,0,0,0,0,74,1746,0,0
1,100.0,1293,113.4446567600201,2.842170943040401e-14,1306,113.10368053227,3.424119400649093,1872,0,244,1628,0,0,1561,0,218,1351,0,0
2,150.0,683,164.79572781619692,2.842170943040401e-14,683,164.79572781619692,2.842170943040401e-14,1293,0,307,986,0,0,928,0,176,752,0,0
3,200.0,339,205.230325391608,0.0,339,205.230325391608,0.0,1022,0,266,756,0,0,469,0,103,366,0,0
4,250.0,134,237.06912928523727,0.0,197,245.0865502265353,11.692753939666055,197,0,24,173,0,0,354,0,100,254,0,0
5,300.0,63,262.1394773080265,5.684341886080802e-14,85,294.5452400447074,12.420400870944787,85,0,16,69,0,0,107,0,25,82,0,0
6,350.0,95,298.48964195246424,16.5947927718665,10,332.01705816839745,6.969979482280591,10,0,2,8,0,0,13,0,3,10,0,0
Totals,7,4479,NA,NA,4479,NA,NA,4479,0,859,3620,0,0,3432,0,699,4561,0,0
