Age,Class,N_Initial_Age,AgeSize_Mean,AgeSize_Std,N_Initial_Class,ClassSize_Mean,ClassSize_Std,N_GrowthBack_Class,Capture_Back,PackingDeaths_Emigration_Class,N_AfterEmigration_Class,Deaths_AfterEmiMort_Age,Deaths_AfterEmiMort_Size,N_GrowthOut_Class,Capture_Out,PackingDeaths_Immigration_Class,N_Immigration_Class,Deaths_AfterImmiMort_Age,Deaths_AfterImmiMort_Size
0,50.0,2222,49.98056148644569,9.863426843979413,2205,49.75156340555546,9.542885226846941,0,0,0,0,0,0,0,0,82,1893,0,0
1,100.0,1217,113.44465676002007,0.0,1234,112.97954423871717,3.96163802536333,2222,0,267,1915,0,0,1830,0,255,1586,0,0
2,150.0,1353,164.79572781619694,0.0,1353,164.79572781619694,0.0,1217,0,251,959,0,0,890,0,156,734,0,0
3,200.0,409,205.23032539160798,2.842170943040401e-14,409,205.23032539160798,2.842170943040401e-14,1762,0,657,1105,0,0,803,0,266,537,0,0
4,250.0,194,237.06912928523724,2.842170943040401e-14,274,244.38893892692755,11.398708785961734,274,0,28,246,0,0,389,0,104,285,0,0
5,300.0,80,262.13947730802647,0.0,100,292.2109652068087,13.911828966684983,100,0,16,84,0,0,137,0,33,104,0,0
6,350.0,100,292.21096520680874,13.91182896668498,0,nan,nan,0,0,0,0,0,0,7,0,1,6,0,0
Totals,7,5575,NA,NA,5575,NA,NA,5575,0,1219,4309,0,0,4056,0,897,5145,0,0
