Age,Class,N_Initial_Age,AgeSize_Mean,AgeSize_Std,N_Initial_Class,ClassSize_Mean,ClassSize_Std,N_GrowthBack_Class,Capture_Back,PackingDeaths_Emigration_Class,N_AfterEmigration_Class,Deaths_AfterEmiMort_Age,Deaths_AfterEmiMort_Size,N_GrowthOut_Class,Capture_Out,PackingDeaths_Immigration_Class,N_Immigration_Class,Deaths_AfterImmiMort_Age,Deaths_AfterImmiMort_Size
0,50.0,1556,49.95227004627828,9.969110671913176,1549,49.827206330658456,9.813786023992664,0,0,0,0,0,0,0,0,82,1756,0,0
1,100.0,1375,113.4446567600201,2.842170943040401e-14,1382,113.26323634648818,2.552589234505063,1556,0,116,1440,0,0,1376,0,87,1306,0,0
2,150.0,759,164.79572781619692,2.842170943040401e-14,759,164.79572781619692,2.842170943040401e-14,1375,0,386,989,0,0,912,0,100,812,0,0
3,200.0,332,205.23032539160795,5.684341886080802e-14,332,205.23032539160795,5.684341886080802e-14,1091,0,377,714,0,0,450,0,45,405,0,0
4,250.0,154,237.06912928523727,0.0,239,245.9853618456434,12.001410345049477,239,0,33,206,0,0,329,0,103,226,0,0
5,300.0,85,262.13947730802636,1.1368683772161603e-13,86,293.32983221615683,12.594713965557402,86,0,19,67,0,0,123,0,29,94,0,0
6,350.0,94,296.9255009147861,17.080774255364837,8,335.5789394250501,9.475462859506985,8,0,0,8,0,0,13,0,0,13,0,0
Totals,7,4355,NA,NA,4355,NA,NA,4355,0,931,3424,0,0,3203,0,446,4612,0,0
