Age,Class,N_Initial_Age,AgeSize_Mean,AgeSize_Std,N_Initial_Class,ClassSize_Mean,ClassSize_Std,N_GrowthBack_Class,Capture_Back,PackingDeaths_Emigration_Class,N_AfterEmigration_Class,Deaths_AfterEmiMort_Age,Deaths_AfterEmiMort_Size,N_GrowthOut_Class,Capture_Out,PackingDeaths_Immigration_Class,N_Immigration_Class,Deaths_AfterImmiMort_Age,Deaths_AfterImmiMort_Size
0,50.0,1594,49.73392694928097,10.0963870202254,1582,49.51599682716772,9.816177406188524,0,0,0,0,0,0,0,0,23,2030,0,0
1,100.0,1313,113.44465676002007,0.0,1325,113.12785426602329,3.3217826661840966,1594,0,81,1513,0,0,1447,0,138,1320,0,0
2,150.0,914,164.79572781619692,2.842170943040401e-14,914,164.79572781619692,2.842170943040401e-14,1313,0,320,986,0,0,911,0,163,748,0,0
3,200.0,406,205.23032539160798,2.842170943040401e-14,406,205.23032539160798,2.842170943040401e-14,1320,0,548,765,0,0,519,0,94,425,0,0
4,250.0,166,237.0691292852373,2.842170943040401e-14,257,245.94617858513536,11.989525056943725,257,0,38,219,0,0,340,0,105,235,0,0
5,300.0,91,262.1394773080264,5.684341886080802e-14,89,291.2200959534119,10.880058142619115,89,0,24,65,0,0,135,0,59,76,0,0
6,350.0,98,295.2682487471658,16.50614098665394,9,335.29998192984226,5.613291149712554,9,0,2,7,0,0,7,0,1,6,0,0
Totals,7,4582,NA,NA,4582,NA,NA,4582,0,1013,3555,0,0,3359,0,583,4840,0,0
