Age,Class,N_Initial_Age,AgeSize_Mean,AgeSize_Std,N_Initial_Class,ClassSize_Mean,ClassSize_Std,N_GrowthBack_Class,Capture_Back,PackingDeaths_Emigration_Class,N_AfterEmigration_Class,Deaths_AfterEmiMort_Age,Deaths_AfterEmiMort_Size,N_GrowthOut_Class,Capture_Out,PackingDeaths_Immigration_Class,N_Immigration_Class,Deaths_AfterImmiMort_Age,Deaths_AfterImmiMort_Size
0,50.0,1726,49.83298031220093,9.971711878429579,1718,49.70493751776895,9.81493919793071,0,0,0,0,0,0,0,0,18,1818,0,0
1,100.0,1206,113.44465676002008,1.4210854715202004e-14,1214,113.2066700295848,2.928737318631181,1726,0,113,1537,0,0,1472,0,74,1411,0,0
2,150.0,803,164.7957278161969,5.684341886080802e-14,803,164.7957278161969,5.684341886080802e-14,1206,0,344,836,0,0,776,0,84,692,0,0
3,200.0,386,205.230325391608,0.0,386,205.230325391608,0.0,1189,0,467,701,0,0,448,0,74,374,0,0
4,250.0,134,237.06912928523727,0.0,216,246.5865762198146,12.166507748149709,216,0,34,180,0,0,311,0,72,239,0,0
5,300.0,82,262.1394773080264,5.684341886080802e-14,83,295.19030886094953,13.042383291795915,83,0,20,62,0,0,115,0,28,87,0,0
6,350.0,92,298.7904717486776,16.61647091339485,9,331.9919739355029,5.641181962241109,9,0,0,9,0,0,13,0,0,13,0,0
Totals,7,4429,NA,NA,4429,NA,NA,4429,0,978,3325,0,0,3135,0,350,4634,0,0
