Age,Class,N_Initial_Age,AgeSize_Mean,AgeSize_Std,N_Initial_Class,ClassSize_Mean,ClassSize_Std,N_GrowthBack_Class,Capture_Back,PackingDeaths_Emigration_Class,N_AfterEmigration_Class,Deaths_AfterEmiMort_Age,Deaths_AfterEmiMort_Size,N_GrowthOut_Class,Capture_Out,PackingDeaths_Immigration_Class,N_Immigration_Class,Deaths_AfterImmiMort_Age,Deaths_AfterImmiMort_Size
0,50.0,1797,50.07355779030249,9.876575827712163,1782,49.84267642904968,9.587728443414136,0,0,0,0,0,0,0,0,133,1458,0,0
1,100.0,1048,113.44465676002007,0.0,1063,112.93747341214306,4.250657534759312,1797,0,271,1489,0,0,1433,0,99,1339,0,0
2,150.0,607,164.79572781619694,0.0,607,164.79572781619694,0.0,1048,0,167,869,0,0,792,0,81,711,0,0
3,200.0,305,205.23032539160798,2.842170943040401e-14,305,205.23032539160798,2.842170943040401e-14,912,0,229,672,0,0,401,0,58,343,0,0
4,250.0,132,237.06912928523727,0.0,224,247.36587936602564,12.333695545246457,224,0,28,195,0,0,310,0,99,211,0,0
5,300.0,92,262.1394773080264,5.684341886080802e-14,73,290.6667141627953,11.734887111616349,73,0,3,70,0,0,139,0,31,108,0,0
6,350.0,79,294.24132089096514,16.938141004468626,6,337.7323694170297,7.426168165372153,6,0,0,6,0,0,7,0,1,6,0,0
Totals,7,4060,NA,NA,4060,NA,NA,4060,0,698,3301,0,0,3082,0,502,4176,0,0
