Age,Class,N_Initial_Age,AgeSize_Mean,AgeSize_Std,N_Initial_Class,ClassSize_Mean,ClassSize_Std,N_GrowthBack_Class,Capture_Back,PackingDeaths_Emigration_Class,N_AfterEmigration_Class,Deaths_AfterEmiMort_Age,Deaths_AfterEmiMort_Size,N_GrowthOut_Class,Capture_Out,PackingDeaths_Immigration_Class,N_Immigration_Class,Deaths_AfterImmiMort_Age,Deaths_AfterImmiMort_Size
0,50.0,1695,49.413582265923324,9.939875243526274,1684,49.23139389751449,9.710016633557283,0,0,0,0,0,0,0,0,301,1646,0,0
1,100.0,1074,113.44465676002007,0.0,1085,113.07826357381309,3.6305167687232562,1695,0,253,1442,0,0,1362,0,60,1309,0,0
2,150.0,685,164.79572781619694,0.0,685,164.79572781619694,0.0,1074,0,199,875,0,0,777,0,62,715,0,0
3,200.0,334,205.23032539160798,2.842170943040401e-14,334,205.23032539160798,2.842170943040401e-14,1019,0,262,757,0,0,470,0,71,399,0,0
4,250.0,165,237.06912928523732,5.684341886080802e-14,251,245.65896964364313,11.8981061460443,251,0,36,215,0,0,359,0,94,265,0,0
5,300.0,86,262.13947730802636,1.1368683772161603e-13,87,291.8448431532424,12.579414715000258,87,0,14,73,0,0,124,0,22,102,0,0
6,350.0,95,295.1228397083108,16.256015400740452,8,330.7710522446796,5.434721706203531,8,0,1,7,0,0,14,0,0,14,0,0
Totals,7,4134,NA,NA,4134,NA,NA,4134,0,765,3369,0,0,3106,0,610,4450,0,0
