Age,Class,N_Initial_Age,AgeSize_Mean,AgeSize_Std,N_Initial_Class,ClassSize_Mean,ClassSize_Std,N_GrowthBack_Class,Capture_Back,PackingDeaths_Emigration_Class,N_AfterEmigration_Class,Deaths_AfterEmiMort_Age,Deaths_AfterEmiMort_Size,N_GrowthOut_Class,Capture_Out,PackingDeaths_Immigration_Class,N_Immigration_Class,Deaths_AfterImmiMort_Age,Deaths_AfterImmiMort_Size
0,50.0,1744,50.04719388063897,9.869470489115955,1734,49.87946010843989,9.641469423173632,0,0,0,0,0,0,0,0,78,1473,0,0
1,100.0,1378,113.44465676002007,0.0,1388,113.19744907428475,2.9241386251711816,1744,0,142,1602,0,0,1520,0,243,1284,0,0
2,150.0,649,164.79572781619692,2.842170943040401e-14,649,164.79572781619692,2.842170943040401e-14,1378,0,344,1034,0,0,970,0,243,727,0,0
3,200.0,316,205.23032539160798,2.842170943040401e-14,316,205.23032539160798,2.842170943040401e-14,965,0,328,637,0,0,392,0,86,306,0,0
4,250.0,132,237.06912928523727,0.0,202,245.7568736495701,11.93012458471634,202,0,46,156,0,0,298,0,69,229,0,0
5,300.0,70,262.1394773080263,1.7053025658242404e-13,88,291.99695126420613,12.31509815652373,88,0,17,71,0,0,114,0,36,78,0,0
6,350.0,99,296.7234681374481,17.834213209202893,11,334.5356031233833,6.384517214663564,11,0,4,7,0,0,12,0,3,9,0,0
Totals,7,4388,NA,NA,4388,NA,NA,4388,0,881,3507,0,0,3306,0,758,4106,0,0
