Age,Class,N_Initial_Age,AgeSize_Mean,AgeSize_Std,N_Initial_Class,ClassSize_Mean,ClassSize_Std,N_GrowthBack_Class,Capture_Back,PackingDeaths_Emigration_Class,N_AfterEmigration_Class,Deaths_AfterEmiMort_Age,Deaths_AfterEmiMort_Size,N_GrowthOut_Class,Capture_Out,PackingDeaths_Immigration_Class,N_Immigration_Class,Deaths_AfterImmiMort_Age,Deaths_AfterImmiMort_Size
0,50.0,1784,50.203075894855324,10.13183358247663,1769,49.975264842473266,9.865645478432063,0,0,0,0,0,0,0,0,64,1599,0,0
1,100.0,1215,113.44465676002007,0.0,1230,113.00105841748868,3.9961919028109074,1784,0,118,1666,0,0,1611,0,253,1367,0,0
2,150.0,707,164.79572781619692,2.842170943040401e-14,707,164.79572781619692,2.842170943040401e-14,1215,0,300,915,0,0,847,0,138,709,0,0
3,200.0,330,205.23032539160798,2.842170943040401e-14,330,205.23032539160798,2.842170943040401e-14,1037,0,316,721,0,0,458,0,70,388,0,0
4,250.0,154,237.06912928523727,0.0,269,247.78693606077914,12.40273211135319,269,0,55,214,0,0,332,0,105,227,0,0
5,300.0,115,262.1394773080264,5.684341886080802e-14,77,292.2683329705722,11.952936892679299,77,0,13,64,0,0,133,0,56,77,0,0
6,350.0,89,298.01439305858634,18.525323980720042,12,334.8849452900111,7.5659580326130085,12,0,2,10,0,0,13,0,1,12,0,0
Totals,7,4394,NA,NA,4394,NA,NA,4394,0,804,3590,0,0,3394,0,687,4379,0,0
