Age,Class,N_Initial_Age,AgeSize_Mean,AgeSize_Std,N_Initial_Class,ClassSize_Mean,ClassSize_Std,N_GrowthBack_Class,Capture_Back,PackingDeaths_Emigration_Class,N_AfterEmigration_Class,Deaths_AfterEmiMort_Age,Deaths_AfterEmiMort_Size,N_GrowthOut_Class,Capture_Out,PackingDeaths_Immigration_Class,N_Immigration_Class,Deaths_AfterImmiMort_Age,Deaths_AfterImmiMort_Size
0,50.0,1271,49.79683318831044,10.205777724765817,1259,49.527510571414886,9.870890828081485,0,0,0,0,0,0,0,0,23,1645,0,0
1,100.0,1211,113.44465676002005,1.4210854715202004e-14,1223,113.09739861759243,3.49340793326361,1271,0,7,1256,0,0,1226,0,39,1195,0,0
2,150.0,699,164.79572781619694,0.0,699,164.79572781619694,0.0,1211,0,346,865,0,0,796,0,57,739,0,0
3,200.0,349,205.23032539160798,2.842170943040401e-14,349,205.23032539160798,2.842170943040401e-14,1048,0,333,715,0,0,441,0,41,400,0,0
4,250.0,127,237.0691292852373,2.842170943040401e-14,213,247.19142942589392,12.30075717912734,213,0,12,201,0,0,329,0,96,233,0,0
5,300.0,86,262.13947730802636,1.1368683772161603e-13,71,289.7906774846688,10.03269926679123,71,0,7,64,0,0,128,0,33,95,0,0
6,350.0,77,293.17533629690723,15.170807105137756,6,333.2271322417297,4.779363329861863,6,0,1,5,0,0,4,0,0,4,0,0
Totals,7,3820,NA,NA,3820,NA,NA,3820,0,706,3106,0,0,2924,0,289,4311,0,0
