Age,Class,N_Initial_Age,AgeSize_Mean,AgeSize_Std,N_Initial_Class,ClassSize_Mean,ClassSize_Std,N_GrowthBack_Class,Capture_Back,PackingDeaths_Emigration_Class,N_AfterEmigration_Class,Deaths_AfterEmiMort_Age,Deaths_AfterEmiMort_Size,N_GrowthOut_Class,Capture_Out,PackingDeaths_Immigration_Class,N_Immigration_Class,Deaths_AfterImmiMort_Age,Deaths_AfterImmiMort_Size
0,50.0,2172,50.17344781625539,9.980399013596093,2156,49.96555151824197,9.718256363271166,0,0,0,0,0,0,0,0,0,1865,0,0
1,100.0,1188,113.44465676002007,0.0,1204,112.97612276950238,4.0452232097922485,2172,0,252,1877,0,0,1803,0,271,1545,0,0
2,150.0,829,164.79572781619692,2.842170943040401e-14,829,164.79572781619692,2.842170943040401e-14,1188,0,279,886,0,0,825,0,118,707,0,0
3,200.0,387,205.23032539160798,2.842170943040401e-14,387,205.23032539160798,2.842170943040401e-14,1216,0,494,702,0,0,463,0,117,346,0,0
4,250.0,167,237.0691292852373,2.842170943040401e-14,267,246.45877273946542,12.13409349765671,267,0,42,222,0,0,326,0,97,229,0,0
5,300.0,100,262.1394773080264,5.684341886080802e-14,93,293.3922677737036,12.618748037547899,93,0,15,77,0,0,149,0,50,99,0,0
6,350.0,102,296.9789516567256,16.734303889227093,9,334.04135178128564,4.668361407451059,9,0,1,8,0,0,13,0,0,13,0,0
Totals,7,4945,NA,NA,4945,NA,NA,4945,0,1083,3772,0,0,3579,0,653,4804,0,0
