Age,Class,N_Initial_Age,AgeSize_Mean,AgeSize_Std,N_Initial_Class,ClassSize_Mean,ClassSize_Std,N_GrowthBack_Class,Capture_Back,PackingDeaths_Emigration_Class,N_AfterEmigration_Class,Deaths_AfterEmiMort_Age,Deaths_AfterEmiMort_Size,N_GrowthOut_Class,Capture_Out,PackingDeaths_Immigration_Class,N_Immigration_Class,Deaths_AfterImmiMort_Age,Deaths_AfterImmiMort_Size
0,50.0,1829,49.911260424787905,9.878328035459319,1820,49.773622752102106,9.704657318028689,0,0,0,0,0,0,0,0,25,2154,0,0
1,100.0,1403,113.44465676002005,1.4210854715202004e-14,1412,113.2171071830166,2.848708133984598,1829,0,197,1613,0,0,1561,0,130,1444,0,0
2,150.0,655,164.79572781619694,0.0,655,164.79572781619694,0.0,1403,0,346,1048,0,0,973,0,122,851,0,0
3,200.0,482,205.23032539160798,2.842170943040401e-14,482,205.23032539160798,2.842170943040401e-14,1137,0,373,758,0,0,416,0,63,353,0,0
4,250.0,167,237.0691292852373,2.842170943040401e-14,266,246.39982272229034,12.118658826149483,266,0,36,230,0,0,432,0,160,272,0,0
5,300.0,99,262.1394773080264,5.684341886080802e-14,96,293.3438849164937,12.381924195794666,96,0,14,82,0,0,150,0,35,115,0,0
6,350.0,100,294.6857596235828,13.798356076989553,4,326.890752593719,0.0,4,0,0,4,0,0,11,0,3,8,0,0
Totals,7,4735,NA,NA,4735,NA,NA,4735,0,966,3735,0,0,3543,0,538,5197,0,0
