Age,Class,N_Initial_Age,AgeSize_Mean,AgeSize_Std,N_Initial_Class,ClassSize_Mean,ClassSize_Std,N_GrowthBack_Class,Capture_Back,PackingDeaths_Emigration_Class,N_AfterEmigration_Class,Deaths_AfterEmiMort_Age,Deaths_AfterEmiMort_Size,N_GrowthOut_Class,Capture_Out,PackingDeaths_Immigration_Class,N_Immigration_Class,Deaths_AfterImmiMort_Age,Deaths_AfterImmiMort_Size
0,50.0,1605,50.079900712468,10.211331571981969,1591,49.833849337215504,9.907025014819647,0,0,0,0,0,0,0,0,16,1780,0,0
1,100.0,1097,113.44465676002007,0.0,1111,112.99853718608756,3.9669513228131352,1605,0,174,1362,0,0,1311,0,92,1232,0,0
2,150.0,675,164.79572781619694,0.0,675,164.79572781619694,0.0,1097,0,94,988,0,0,906,0,89,817,0,0
3,200.0,374,205.230325391608,0.0,374,205.230325391608,0.0,1049,0,211,822,0,0,490,0,55,435,0,0
4,250.0,175,237.0691292852373,2.842170943040401e-14,267,245.70760126312712,11.914121904614836,267,0,19,246,0,0,415,0,113,302,0,0
5,300.0,92,262.1394773080264,5.684341886080802e-14,98,292.49485969002814,12.54304116551985,98,0,9,89,0,0,157,0,40,117,0,0
6,350.0,107,295.92422929882196,16.573202162150498,9,333.26625392791027,5.470020570055667,9,0,1,8,0,0,13,0,1,12,0,0
Totals,7,4125,NA,NA,4125,NA,NA,4125,0,508,3515,0,0,3292,0,406,4695,0,0
