Age,Class,N_Initial_Age,AgeSize_Mean,AgeSize_Std,N_Initial_Class,ClassSize_Mean,ClassSize_Std,N_GrowthBack_Class,Capture_Back,PackingDeaths_Emigration_Class,N_AfterEmigration_Class,Deaths_AfterEmiMort_Age,Deaths_AfterEmiMort_Size,N_GrowthOut_Class,Capture_Out,PackingDeaths_Immigration_Class,N_Immigration_Class,Deaths_AfterImmiMort_Age,Deaths_AfterImmiMort_Size
0,50.0,1852,49.77329077243587,10.115961216632442,1838,49.54819377719416,9.816068784020064,0,0,0,0,0,0,0,0,112,1970,0,0
1,100.0,1156,113.44465676002007,0.0,1170,113.03639107918937,3.721318019649183,1852,0,252,1600,0,0,1516,0,96,1436,0,0
2,150.0,744,164.79572781619692,2.842170943040401e-14,744,164.79572781619692,2.842170943040401e-14,1156,0,234,922,0,0,861,0,109,752,0,0
3,200.0,370,205.23032539160798,2.842170943040401e-14,370,205.23032539160798,2.842170943040401e-14,1114,0,390,724,0,0,450,0,72,378,0,0
4,250.0,147,237.06912928523727,0.0,236,246.52362493789923,12.150720486702813,236,0,52,184,0,0,332,0,114,218,0,0
5,300.0,89,262.13947730802647,0.0,99,292.17096847863473,12.76080944019612,99,0,15,84,0,0,131,0,33,98,0,0
6,350.0,108,295.6781642752724,16.983298674410854,9,334.2573180382866,6.805337767237177,9,0,1,8,0,0,16,0,4,12,0,0
Totals,7,4466,NA,NA,4466,NA,NA,4466,0,944,3522,0,0,3306,0,540,4864,0,0
