Age,Class,N_Initial_Age,AgeSize_Mean,AgeSize_Std,N_Initial_Class,ClassSize_Mean,ClassSize_Std,N_GrowthBack_Class,Capture_Back,PackingDeaths_Emigration_Class,N_AfterEmigration_Class,Deaths_AfterEmiMort_Age,Deaths_AfterEmiMort_Size,N_GrowthOut_Class,Capture_Out,PackingDeaths_Immigration_Class,N_Immigration_Class,Deaths_AfterImmiMort_Age,Deaths_AfterImmiMort_Size
0,50.0,1668,50.1707168141183,9.657321129204785,1658,50.00550830562422,9.446724323887128,0,0,0,0,0,0,0,0,80,1526,0,0
1,100.0,1037,113.44465676002008,1.4210854715202004e-14,1047,113.10194072145671,3.4974985598909507,1668,0,131,1507,0,0,1468,0,176,1307,0,0
2,150.0,689,164.79572781619692,2.842170943040401e-14,689,164.79572781619692,2.842170943040401e-14,1037,0,205,814,0,0,744,0,103,641,0,0
3,200.0,307,205.23032539160798,2.842170943040401e-14,307,205.23032539160798,2.842170943040401e-14,996,0,335,648,0,0,417,0,51,366,0,0
4,250.0,160,237.06912928523724,2.842170943040401e-14,237,245.2143478411645,11.741332062204677,237,0,35,195,0,0,321,0,91,230,0,0
5,300.0,77,262.13947730802636,1.1368683772161603e-13,78,290.07912620943546,11.520679121453949,78,0,9,69,0,0,111,0,27,84,0,0
6,350.0,83,292.51267988317346,14.752383649276085,5,330.4761171934867,2.927437937089618,5,0,0,5,0,0,7,0,0,7,0,0
Totals,7,4021,NA,NA,4021,NA,NA,4021,0,715,3238,0,0,3068,0,528,4161,0,0
