Age,Class,N_Initial_Age,AgeSize_Mean,AgeSize_Std,N_Initial_Class,ClassSize_Mean,ClassSize_Std,N_GrowthBack_Class,Capture_Back,PackingDeaths_Emigration_Class,N_AfterEmigration_Class,Deaths_AfterEmiMort_Age,Deaths_AfterEmiMort_Size,N_GrowthOut_Class,Capture_Out,PackingDeaths_Immigration_Class,N_Immigration_Class,Deaths_AfterImmiMort_Age,Deaths_AfterImmiMort_Size
0,50.0,1838,50.051516574404864,9.979745286224484,1828,49.88581133753437,9.745463984623033,0,0,0,0,0,0,0,0,185,1801,0,0
1,100.0,1074,113.44465676002007,0.0,1084,113.13928570018899,3.19629781885648,1838,0,126,1712,0,0,1613,0,184,1440,0,0
2,150.0,649,164.79572781619692,2.842170943040401e-14,649,164.79572781619692,2.842170943040401e-14,1074,0,237,837,0,0,755,0,93,662,0,0
3,200.0,344,205.23032539160798,2.842170943040401e-14,344,205.23032539160798,2.842170943040401e-14,993,0,337,656,0,0,409,0,78,331,0,0
4,250.0,164,237.0691292852373,2.842170943040401e-14,253,245.8883426213172,11.97172601404902,253,0,39,214,0,0,342,0,105,237,0,0
5,300.0,89,262.13947730802647,0.0,87,293.75606702991695,12.43983016712349,87,0,21,66,0,0,129,0,42,87,0,0
6,350.0,97,298.2012359643222,17.810713923068054,10,336.8742056936492,7.951277578203065,10,0,1,9,0,0,13,0,4,9,0,0
Totals,7,4255,NA,NA,4255,NA,NA,4255,0,761,3494,0,0,3261,0,691,4567,0,0
