Age,Class,N_Initial_Age,AgeSize_Mean,AgeSize_Std,N_Initial_Class,ClassSize_Mean,ClassSize_Std,N_GrowthBack_Class,Capture_Back,PackingDeaths_Emigration_Class,N_AfterEmigration_Class,Deaths_AfterEmiMort_Age,Deaths_AfterEmiMort_Size,N_GrowthOut_Class,Capture_Out,PackingDeaths_Immigration_Class,N_Immigration_Class,Deaths_AfterImmiMort_Age,Deaths_AfterImmiMort_Size
0,50.0,1514,50.28299634824756,9.993015826722775,1504,50.103657527120724,9.779103884664359,0,0,0,0,0,0,0,0,0,1912,0,0
1,100.0,1096,113.44465676002007,0.0,1106,113.11744969207885,3.430305376948457,1514,0,57,1457,0,0,1400,0,85,1325,0,0
2,150.0,649,164.79572781619692,2.842170943040401e-14,649,164.79572781619692,2.842170943040401e-14,1096,0,120,976,0,0,905,0,85,820,0,0
3,200.0,368,205.23032539160798,2.842170943040401e-14,368,205.23032539160798,2.842170943040401e-14,1017,0,230,787,0,0,476,0,68,408,0,0
4,250.0,157,237.06912928523732,5.684341886080802e-14,214,243.7467453473821,11.082400568790273,214,0,24,190,0,0,392,0,98,294,0,0
5,300.0,57,262.13947730802647,0.0,81,293.5538535376808,13.311615885093435,81,0,11,70,0,0,107,0,26,81,0,0
6,350.0,89,297.20638137442387,17.27815726250919,8,334.18822572144666,4.931901298760472,8,0,0,8,0,0,12,0,1,11,0,0
Totals,7,3930,NA,NA,3930,NA,NA,3930,0,442,3488,0,0,3292,0,363,4851,0,0
