Age,Class,N_Initial_Age,AgeSize_Mean,AgeSize_Std,N_Initial_Class,ClassSize_Mean,ClassSize_Std,N_GrowthBack_Class,Capture_Back,PackingDeaths_Emigration_Class,N_AfterEmigration_Class,Deaths_AfterEmiMort_Age,Deaths_AfterEmiMort_Size,N_GrowthOut_Class,Capture_Out,PackingDeaths_Immigration_Class,N_Immigration_Class,Deaths_AfterImmiMort_Age,Deaths_AfterImmiMort_Size
0,50.0,1501,49.95263751890735,9.77332265294411,1495,49.84159889521003,9.632679676564704,0,0,0,0,0,0,0,0,0,1759,0,0
1,100.0,1021,113.44465676002007,0.0,1027,113.23535844159828,2.7377658231287483,1501,0,31,1470,0,0,1413,0,91,1331,0,0
2,150.0,588,164.79572781619694,0.0,588,164.79572781619694,0.0,1021,0,84,937,0,0,843,0,86,757,0,0
3,200.0,300,205.23032539160795,5.684341886080802e-14,300,205.23032539160795,5.684341886080802e-14,888,0,168,720,0,0,422,0,43,379,0,0
4,250.0,142,237.06912928523735,8.526512829121202e-14,198,244.1597327664302,11.29102472044065,198,0,5,193,0,0,357,0,81,276,0,0
5,300.0,56,262.13947730802647,0.0,71,292.71822983775513,12.042659285503502,71,0,3,68,0,0,105,0,12,93,0,0
6,350.0,77,295.8782748594223,15.914168605765308,6,333.27214094915155,4.192313350177432,6,0,0,6,0,0,10,0,0,10,0,0
Totals,7,3685,NA,NA,3685,NA,NA,3685,0,291,3394,0,0,3150,0,313,4605,0,0
