Age,Class,N_Initial_Age,AgeSize_Mean,AgeSize_Std,N_Initial_Class,ClassSize_Mean,ClassSize_Std,N_GrowthBack_Class,Capture_Back,PackingDeaths_Emigration_Class,N_AfterEmigration_Class,Deaths_AfterEmiMort_Age,Deaths_AfterEmiMort_Size,N_GrowthOut_Class,Capture_Out,PackingDeaths_Immigration_Class,N_Immigration_Class,Deaths_AfterImmiMort_Age,Deaths_AfterImmiMort_Size
0,50.0,1498,49.86676800266649,9.864653298231552,1484,49.59519796613787,9.502332321539601,0,0,0,0,0,0,0,0,0,1845,0,0
1,100.0,1164,113.44465676002007,0.0,1178,113.0311758530638,3.77754397823496,1498,0,27,1459,0,0,1395,0,97,1308,0,0
2,150.0,693,164.79572781619694,0.0,693,164.79572781619694,0.0,1164,0,129,1017,0,0,937,0,101,836,0,0
3,200.0,325,205.23032539160798,2.842170943040401e-14,325,205.23032539160798,2.842170943040401e-14,1018,0,211,796,0,0,509,0,99,410,0,0
4,250.0,134,237.06912928523727,0.0,216,246.5865762198146,12.166507748149709,216,0,20,196,0,0,344,0,69,275,0,0
5,300.0,82,262.1394773080264,5.684341886080802e-14,84,292.43019155547444,13.053500904412479,84,0,11,73,0,0,125,0,18,107,0,0
6,350.0,92,295.8802760727307,16.831868547264445,8,332.10616350392064,5.626063547391896,8,0,0,8,0,0,14,0,1,13,0,0
Totals,7,3988,NA,NA,3988,NA,NA,3988,0,398,3549,0,0,3324,0,385,4794,0,0
