Age,Class,N_Initial_Age,AgeSize_Mean,AgeSize_Std,N_Initial_Class,ClassSize_Mean,ClassSize_Std,N_GrowthBack_Class,Capture_Back,PackingDeaths_Emigration_Class,N_AfterEmigration_Class,Deaths_AfterEmiMort_Age,Deaths_AfterEmiMort_Size,N_GrowthOut_Class,Capture_Out,PackingDeaths_Immigration_Class,N_Immigration_Class,Deaths_AfterImmiMort_Age,Deaths_AfterImmiMort_Size
0,50.0,1696,50.10686406431865,9.934669087609894,1689,49.98964208401131,9.785432058207551,0,0,0,0,0,0,0,0,103,1723,0,0
1,100.0,1346,113.4446567600201,2.842170943040401e-14,1353,113.2632993142471,2.5204771022026766,1696,0,354,1342,0,0,1296,0,132,1175,0,0
2,150.0,628,164.79572781619692,2.842170943040401e-14,628,164.79572781619692,2.842170943040401e-14,1346,0,354,992,0,0,892,0,109,783,0,0
3,200.0,374,205.230325391608,0.0,374,205.230325391608,0.0,1002,0,299,703,0,0,397,0,58,339,0,0
4,250.0,161,237.0691292852373,2.842170943040401e-14,250,245.9941731813502,12.004063813837345,250,0,23,227,0,0,376,0,106,270,0,0
5,300.0,89,262.13947730802647,0.0,87,291.47943138919726,12.728971204610323,87,0,20,67,0,0,133,0,49,84,0,0
6,350.0,91,293.1016389989156,14.575161297915527,4,328.3846545102889,2.5875140210235337,4,0,0,4,0,0,9,0,3,6,0,0
Totals,7,4385,NA,NA,4385,NA,NA,4385,0,1050,3335,0,0,3103,0,560,4380,0,0
