Age,Class,N_Initial_Age,AgeSize_Mean,AgeSize_Std,N_Initial_Class,ClassSize_Mean,ClassSize_Std,N_GrowthBack_Class,Capture_Back,PackingDeaths_Emigration_Class,N_AfterEmigration_Class,Deaths_AfterEmiMort_Age,Deaths_AfterEmiMort_Size,N_GrowthOut_Class,Capture_Out,PackingDeaths_Immigration_Class,N_Immigration_Class,Deaths_AfterImmiMort_Age,Deaths_AfterImmiMort_Size
0,50.0,1778,50.197113130720425,10.00436326930785,1765,49.992387403501525,9.749716821101991,0,0,0,0,0,0,0,0,84,1669,0,0
1,100.0,1414,113.44465676002007,0.0,1427,113.12168748276741,3.3747717877868313,1778,0,225,1421,0,0,1369,0,132,1251,0,0
2,150.0,799,164.79572781619692,2.842170943040401e-14,799,164.79572781619692,2.842170943040401e-14,1414,0,373,998,0,0,918,0,127,791,0,0
3,200.0,392,205.230325391608,0.0,392,205.230325391608,0.0,1191,0,469,700,0,0,442,0,97,345,0,0
4,250.0,146,237.0691292852373,2.842170943040401e-14,247,247.32056714070973,12.325385862766195,247,0,32,212,0,0,331,0,104,227,0,0
5,300.0,101,262.13947730802636,1.1368683772161603e-13,85,290.70637940087784,11.250200166893089,85,0,20,64,0,0,130,0,55,75,0,0
6,350.0,93,294.4917823617272,16.427871753050887,8,334.7116888207519,4.757382289597297,8,0,3,4,0,0,4,0,1,3,0,0
Totals,7,4723,NA,NA,4723,NA,NA,4723,0,1122,3399,0,0,3194,0,600,4361,0,0
