Age,Class,N_Initial_Age,AgeSize_Mean,AgeSize_Std,N_Initial_Class,ClassSize_Mean,ClassSize_Std,N_GrowthBack_Class,Capture_Back,PackingDeaths_Emigration_Class,N_AfterEmigration_Class,Deaths_AfterEmiMort_Age,Deaths_AfterEmiMort_Size,N_GrowthOut_Class,Capture_Out,PackingDeaths_Immigration_Class,N_Immigration_Class,Deaths_AfterImmiMort_Age,Deaths_AfterImmiMort_Size
0,50.0,1596,49.74662049913409,10.059013322726722,1586,49.568209102473595,9.83455142143524,0,0,0,0,0,0,0,0,21,1485,0,0
1,100.0,1107,113.44465676002007,0.0,1117,113.12771863333671,3.339562055755121,1596,0,141,1455,0,0,1386,0,109,1283,0,0
2,150.0,647,164.79572781619692,2.842170943040401e-14,647,164.79572781619692,2.842170943040401e-14,1107,0,178,906,0,0,833,0,81,752,0,0
3,200.0,313,205.230325391608,0.0,313,205.230325391608,0.0,960,0,271,669,0,0,431,0,59,372,0,0
4,250.0,141,237.06912928523732,5.684341886080802e-14,230,246.77026395492524,12.210602299051502,230,0,31,199,0,0,311,0,76,235,0,0
5,300.0,89,262.13947730802647,0.0,70,294.4174400414712,11.659372956300878,70,0,9,60,0,0,123,0,28,95,0,0
6,350.0,75,297.0131638445052,14.92014073387744,5,333.3532970869822,4.588144675034302,5,0,2,3,0,0,6,0,0,6,0,0
Totals,7,3968,NA,NA,3968,NA,NA,3968,0,632,3292,0,0,3090,0,374,4228,0,0
