Age,Class,N_Initial_Age,AgeSize_Mean,AgeSize_Std,N_Initial_Class,ClassSize_Mean,ClassSize_Std,N_GrowthBack_Class,Capture_Back,PackingDeaths_Emigration_Class,N_AfterEmigration_Class,Deaths_AfterEmiMort_Age,Deaths_AfterEmiMort_Size,N_GrowthOut_Class,Capture_Out,PackingDeaths_Immigration_Class,N_Immigration_Class,Deaths_AfterImmiMort_Age,Deaths_AfterImmiMort_Size
0,50.0,1772,50.014291842738395,10.168665580190691,1756,49.75813795280421,9.847272726890845,0,0,0,0,0,0,0,0,63,1555,0,0
1,100.0,1258,113.44465676002007,0.0,1274,113.00110918705926,3.95190009318627,1772,0,213,1559,0,0,1502,0,187,1329,0,0
2,150.0,699,164.79572781619694,0.0,699,164.79572781619694,0.0,1258,0,265,993,0,0,928,0,168,760,0,0
3,200.0,292,205.23032539160798,2.842170943040401e-14,292,205.23032539160798,2.842170943040401e-14,991,0,284,707,0,0,464,0,86,378,0,0
4,250.0,139,237.0691292852373,2.842170943040401e-14,218,246.15425540358743,12.051047964042075,218,0,34,184,0,0,295,0,86,209,0,0
5,300.0,79,262.1394773080263,1.7053025658242404e-13,76,293.32132458088324,12.752272436665285,76,0,11,65,0,0,117,0,31,86,0,0
6,350.0,85,297.5297535367822,17.278832576597086,9,333.06759805326163,5.829125503305171,9,0,0,9,0,0,15,0,3,12,0,0
Totals,7,4324,NA,NA,4324,NA,NA,4324,0,807,3517,0,0,3321,0,624,4329,0,0
