Age,Class,N_Initial_Age,AgeSize_Mean,AgeSize_Std,N_Initial_Class,ClassSize_Mean,ClassSize_Std,N_GrowthBack_Class,Capture_Back,PackingDeaths_Emigration_Class,N_AfterEmigration_Class,Deaths_AfterEmiMort_Age,Deaths_AfterEmiMort_Size,N_GrowthOut_Class,Capture_Out,PackingDeaths_Immigration_Class,N_Immigration_Class,Deaths_AfterImmiMort_Age,Deaths_AfterImmiMort_Size
0,50.0,1426,49.90797489342566,10.22898562307319,1414,49.66735038750357,9.926668205439803,0,0,0,0,0,0,0,0,7,1467,0,0
1,100.0,1260,113.44465676002008,1.4210854715202004e-14,1272,113.11274077650963,3.417576911177391,1426,0,173,1253,0,0,1201,0,69,1147,0,0
2,150.0,744,164.79572781619692,2.842170943040401e-14,744,164.79572781619692,2.842170943040401e-14,1260,0,238,1022,0,0,927,0,107,820,0,0
3,200.0,444,205.23032539160798,2.842170943040401e-14,444,205.23032539160798,2.842170943040401e-14,1188,0,360,828,0,0,514,0,67,447,0,0
4,250.0,193,237.06912928523724,2.842170943040401e-14,283,245.04203148329742,11.675455596986218,283,0,37,246,0,0,432,0,146,286,0,0
5,300.0,90,262.1394773080264,5.684341886080802e-14,95,293.6726601798759,12.918175914932123,95,0,3,92,0,0,155,0,46,109,0,0
6,350.0,108,298.2238901673675,17.409932385159642,13,331.48287853749855,6.409158198620633,13,0,0,13,0,0,18,0,3,15,0,0
Totals,7,4265,NA,NA,4265,NA,NA,4265,0,811,3454,0,0,3247,0,445,4291,0,0
