Age,Class,N_Initial_Age,AgeSize_Mean,AgeSize_Std,N_Initial_Class,ClassSize_Mean,ClassSize_Std,N_GrowthBack_Class,Capture_Back,PackingDeaths_Emigration_Class,N_AfterEmigration_Class,Deaths_AfterEmiMort_Age,Deaths_AfterEmiMort_Size,N_GrowthOut_Class,Capture_Out,PackingDeaths_Immigration_Class,N_Immigration_Class,Deaths_AfterImmiMort_Age,Deaths_AfterImmiMort_Size
0,50.0,1659,50.09491073050683,10.142051996309386,1647,49.881358603799704,9.860533132574275,0,0,0,0,0,0,0,0,0,1522,0,0
1,100.0,1523,113.4446567600201,2.842170943040401e-14,1535,113.17854822603469,3.011427606747892,1659,0,62,1597,0,0,1562,0,19,1549,0,0
2,150.0,731,164.79572781619692,2.842170943040401e-14,731,164.79572781619692,2.842170943040401e-14,1523,0,191,1332,0,0,1231,0,92,1139,0,0
3,200.0,443,205.23032539160798,2.842170943040401e-14,443,205.23032539160798,2.842170943040401e-14,1174,0,191,983,0,0,563,0,21,542,0,0
4,250.0,150,237.06912928523732,5.684341886080802e-14,217,244.80974365172048,11.582002646663947,217,0,7,210,0,0,474,0,77,397,0,0
5,300.0,67,262.1394773080264,5.684341886080802e-14,120,292.7188063145097,12.828420942816326,120,0,12,108,0,0,147,0,19,128,0,0
6,350.0,142,299.10179156071996,19.201160243924722,22,333.9180747218665,6.902180205756586,22,0,1,21,0,0,29,0,2,27,0,0
Totals,7,4715,NA,NA,4715,NA,NA,4715,0,464,4251,0,0,4006,0,230,5304,0,0
