Age,Class,N_Initial_Age,AgeSize_Mean,AgeSize_Std,N_Initial_Class,ClassSize_Mean,ClassSize_Std,N_GrowthBack_Class,Capture_Back,PackingDeaths_Emigration_Class,N_AfterEmigration_Class,Deaths_AfterEmiMort_Age,Deaths_AfterEmiMort_Size,N_GrowthOut_Class,Capture_Out,PackingDeaths_Immigration_Class,N_Immigration_Class,Deaths_AfterImmiMort_Age,Deaths_AfterImmiMort_Size
0,50.0,1364,49.78469915002822,10.254591069266638,1356,49.61363725323757,10.037003231959519,0,0,0,0,0,0,0,0,0,1774,0,0
1,100.0,1471,113.44465676002005,1.4210854715202004e-14,1479,113.2571518723718,2.5509274347799513,1364,0,76,1288,0,0,1236,0,68,1179,0,0
2,150.0,772,164.79572781619692,2.842170943040401e-14,772,164.79572781619692,2.842170943040401e-14,1471,0,240,1231,0,0,1141,0,175,966,0,0
3,200.0,419,205.23032539160798,2.842170943040401e-14,419,205.23032539160798,2.842170943040401e-14,1191,0,281,910,0,0,549,0,83,466,0,0
4,250.0,171,237.06912928523724,2.842170943040401e-14,275,246.55027908294662,12.157447248422136,275,0,25,250,0,0,449,0,139,310,0,0
5,300.0,104,262.13947730802647,0.0,105,291.2486861991348,12.867615589297529,105,0,10,95,0,0,178,0,48,130,0,0
6,350.0,114,294.539036036227,16.792994925298892,9,332.92645080230267,6.359488787124315,9,0,0,9,0,0,16,0,1,15,0,0
Totals,7,4415,NA,NA,4415,NA,NA,4415,0,632,3783,0,0,3569,0,514,4840,0,0
