Age,Class,N_Initial_Age,AgeSize_Mean,AgeSize_Std,N_Initial_Class,ClassSize_Mean,ClassSize_Std,N_GrowthBack_Class,Capture_Back,PackingDeaths_Emigration_Class,N_AfterEmigration_Class,Deaths_AfterEmiMort_Age,Deaths_AfterEmiMort_Size,N_GrowthOut_Class,Capture_Out,PackingDeaths_Immigration_Class,N_Immigration_Class,Deaths_AfterImmiMort_Age,Deaths_AfterImmiMort_Size
0,50.0,1922,50.56599092754822,9.981937653243785,1905,50.3136841048789,9.65609394487639,0,0,0,0,0,0,0,0,0,1571,0,0
1,100.0,1350,113.44465676002008,1.4210854715202004e-14,1367,113.01430356179992,3.8515013488755723,1922,0,163,1759,0,0,1707,0,189,1530,0,0
2,150.0,762,164.79572781619692,2.842170943040401e-14,762,164.79572781619692,2.842170943040401e-14,1350,0,349,1001,0,0,944,0,154,790,0,0
3,200.0,396,205.23032539160795,5.684341886080802e-14,396,205.23032539160795,5.684341886080802e-14,1158,0,443,715,0,0,440,0,62,378,0,0
4,250.0,157,237.06912928523732,5.684341886080802e-14,248,246.26832956779293,12.083123221106346,248,0,37,211,0,0,353,0,99,254,0,0
5,300.0,91,262.1394773080264,5.684341886080802e-14,102,293.457695694769,11.69116588883728,102,0,31,71,0,0,143,0,56,87,0,0
6,350.0,125,301.17612972998705,19.710352471041507,23,335.40570675573707,8.32937460996228,23,0,3,20,0,0,19,0,6,13,0,0
Totals,7,4803,NA,NA,4803,NA,NA,4803,0,1026,3777,0,0,3606,0,566,4623,0,0
