Age,Class,N_Initial_Age,AgeSize_Mean,AgeSize_Std,N_Initial_Class,ClassSize_Mean,ClassSize_Std,N_GrowthBack_Class,Capture_Back,PackingDeaths_Emigration_Class,N_AfterEmigration_Class,Deaths_AfterEmiMort_Age,Deaths_AfterEmiMort_Size,N_GrowthOut_Class,Capture_Out,PackingDeaths_Immigration_Class,N_Immigration_Class,Deaths_AfterImmiMort_Age,Deaths_AfterImmiMort_Size
0,50.0,1397,50.584998031628466,9.849786878799685,1393,50.491806775082786,9.706928854664346,0,0,0,0,0,0,0,0,0,1767,0,0
1,100.0,1223,113.44465676002007,0.0,1227,113.34553433577766,1.746056479600951,1397,0,16,1381,0,0,1340,0,47,1304,0,0
2,150.0,769,164.79572781619692,2.842170943040401e-14,769,164.79572781619692,2.842170943040401e-14,1223,0,142,1081,0,0,999,0,106,893,0,0
3,200.0,422,205.23032539160795,5.684341886080802e-14,422,205.23032539160795,5.684341886080802e-14,1191,0,308,883,0,0,535,0,62,473,0,0
4,250.0,180,237.06912928523727,0.0,270,245.42591195950033,11.818275395747333,270,0,30,240,0,0,449,0,141,308,0,0
5,300.0,90,262.1394773080264,5.684341886080802e-14,108,291.98943986223395,12.709660075988342,108,0,8,100,0,0,163,0,38,125,0,0
6,350.0,128,299.12528189213754,20.552239380643854,20,337.65882885361685,8.439789893308522,20,0,2,18,0,0,24,0,1,23,0,0
Totals,7,4209,NA,NA,4209,NA,NA,4209,0,506,3703,0,0,3510,0,395,4893,0,0
