Age,Class,N_Initial_Age,AgeSize_Mean,AgeSize_Std,N_Initial_Class,ClassSize_Mean,ClassSize_Std,N_GrowthBack_Class,Capture_Back,PackingDeaths_Emigration_Class,N_AfterEmigration_Class,Deaths_AfterEmiMort_Age,Deaths_AfterEmiMort_Size,N_GrowthOut_Class,Capture_Out,PackingDeaths_Immigration_Class,N_Immigration_Class,Deaths_AfterImmiMort_Age,Deaths_AfterImmiMort_Size
0,50.0,1638,50.049757763637345,10.178493534868295,1626,49.844811203918276,9.930101356533742,0,0,0,0,0,0,0,0,34,1515,0,4
1,100.0,1261,113.44465676002008,1.4210854715202004e-14,1273,113.10883925660029,3.447287865500401,1638,0,53,1585,0,0,1528,0,34,1503,0,0
2,150.0,689,164.79572781619692,2.842170943040401e-14,689,164.79572781619692,2.842170943040401e-14,1261,0,128,1133,0,0,1033,0,71,962,0,0
3,200.0,392,205.230325391608,0.0,392,205.230325391608,0.0,1081,0,194,887,0,0,516,0,49,467,0,0
4,250.0,191,237.06912928523727,0.0,298,246.07089854174214,12.02687151066582,298,0,31,267,0,0,460,0,148,312,0,0
5,300.0,107,262.1394773080264,5.684341886080802e-14,100,292.12780274418094,12.201085732741145,100,0,11,89,0,0,163,0,47,116,0,0
6,350.0,107,294.9311590141627,15.94912343413969,7,334.9791057281876,6.747268277756625,7,0,2,5,0,0,7,0,0,7,0,0
Totals,7,4385,NA,NA,4385,NA,NA,4385,0,419,3966,0,0,3707,0,383,4882,0,4
