Age,Class,N_Initial_Age,AgeSize_Mean,AgeSize_Std,N_Initial_Class,ClassSize_Mean,ClassSize_Std,N_GrowthBack_Class,Capture_Back,PackingDeaths_Emigration_Class,N_AfterEmigration_Class,Deaths_AfterEmiMort_Age,Deaths_AfterEmiMort_Size,N_GrowthOut_Class,Capture_Out,PackingDeaths_Immigration_Class,N_Immigration_Class,Deaths_AfterImmiMort_Age,Deaths_AfterImmiMort_Size
0,50.0,1732,49.75604992342364,10.093083806435247,1721,49.580131380176354,9.881058845032157,0,0,0,0,0,0,0,0,60,1919,0,0
1,100.0,1046,113.44465676002007,0.0,1057,113.06829075976086,3.6730738034706127,1732,0,139,1593,0,0,1545,0,87,1470,0,0
2,150.0,876,164.79572781619694,0.0,876,164.79572781619694,0.0,1046,0,96,950,0,0,878,0,104,774,0,0
3,200.0,424,205.230325391608,0.0,424,205.230325391608,0.0,1300,0,410,890,0,0,574,0,111,463,0,0
4,250.0,195,237.06912928523724,2.842170943040401e-14,291,245.33975956079655,11.787461737842069,291,0,29,262,0,0,431,0,150,281,0,0
5,300.0,96,262.13947730802647,0.0,120,291.8969714851241,12.163115889568605,120,0,25,95,0,0,161,0,48,113,0,0
6,350.0,135,296.37221069976636,17.197409453188765,15,332.1741244169035,6.018950732937088,15,0,2,13,0,0,19,0,3,16,0,0
Totals,7,4504,NA,NA,4504,NA,NA,4504,0,701,3803,0,0,3608,0,563,5036,0,0
