Age,Class,N_Initial_Age,AgeSize_Mean,AgeSize_Std,N_Initial_Class,ClassSize_Mean,ClassSize_Std,N_GrowthBack_Class,Capture_Back,PackingDeaths_Emigration_Class,N_AfterEmigration_Class,Deaths_AfterEmiMort_Age,Deaths_AfterEmiMort_Size,N_GrowthOut_Class,Capture_Out,PackingDeaths_Immigration_Class,N_Immigration_Class,Deaths_AfterImmiMort_Age,Deaths_AfterImmiMort_Size
0,50.0,1775,50.02730119078563,10.055052965814305,1760,49.78684136227542,9.747249597941574,0,0,0,0,0,0,0,0,19,1569,0,0
1,100.0,1142,113.44465676002007,0.0,1157,112.98826001381389,4.004120674446123,1775,0,148,1627,0,0,1579,0,180,1407,0,0
2,150.0,876,164.79572781619694,0.0,876,164.79572781619694,0.0,1142,0,220,922,0,0,862,0,123,739,0,0
3,200.0,388,205.23032539160798,2.842170943040401e-14,388,205.23032539160798,2.842170943040401e-14,1264,0,418,846,0,0,560,0,128,432,0,0
4,250.0,188,237.06912928523727,0.0,278,245.18542900484528,11.730478996585358,278,0,50,228,0,0,401,0,145,256,0,0
5,300.0,90,262.1394773080264,5.684341886080802e-14,134,293.32438125879185,12.641511115065967,134,0,39,95,0,0,151,0,48,103,0,0
6,350.0,152,298.16245810437397,17.88536785577817,18,334.1792523992636,6.334113162799508,18,0,7,11,0,0,16,0,2,14,0,0
Totals,7,4611,NA,NA,4611,NA,NA,4611,0,882,3729,0,0,3569,0,645,4520,0,0
