Age,Class,N_Initial_Age,AgeSize_Mean,AgeSize_Std,N_Initial_Class,ClassSize_Mean,ClassSize_Std,N_GrowthBack_Class,Capture_Back,PackingDeaths_Emigration_Class,N_AfterEmigration_Class,Deaths_AfterEmiMort_Age,Deaths_AfterEmiMort_Size,N_GrowthOut_Class,Capture_Out,PackingDeaths_Immigration_Class,N_Immigration_Class,Deaths_AfterImmiMort_Age,Deaths_AfterImmiMort_Size
0,50.0,3061,49.84009147337472,9.824530638061656,3063,49.81527522037218,9.73802350575105,0,0,0,0,0,0,0,0,16673,26415,0,1512
1,100.0,3227,100.12303129841959,10.023995383032537,3226,100.14618784872906,9.818244906408081,3061,0,35,3026,0,0,3026,0,875,2330,0,11
2,150.0,3418,150.10302720889408,9.965913025330797,3413,150.09440609434515,9.76878362872613,3227,0,631,2596,0,0,2540,0,1090,1450,0,0
3,200.0,3359,200.06403542721048,9.776694496170222,3361,200.021859268075,9.677832805422378,6777,0,5719,1058,0,0,524,0,93,431,0,0
4,250.0,3438,249.96815125072715,9.853053892914678,3442,249.9523224869262,9.733768709257003,6856,0,6539,317,0,0,685,0,363,322,0,0
5,300.0,3418,299.7577595084845,9.923029532038814,3429,299.8603237095363,9.806919823513018,3379,0,3226,153,0,0,319,0,183,136,0,0
6,350.0,3379,350.15594584196504,10.2557304240149,3366,350.2988235294117,10.036006559615208,0,0,0,0,0,0,0,0,0,0,0,0
Totals,7,23300,NA,NA,23300,NA,NA,23300,0,16150,7150,0,0,7094,0,19277,31084,0,1523
