Age,Class,N_Initial_Age,AgeSize_Mean,AgeSize_Std,N_Initial_Class,ClassSize_Mean,ClassSize_Std,N_GrowthBack_Class,Capture_Back,PackingDeaths_Emigration_Class,N_AfterEmigration_Class,Deaths_AfterEmiMort_Age,Deaths_AfterEmiMort_Size,N_GrowthOut_Class,Capture_Out,PackingDeaths_Immigration_Class,N_Immigration_Class,Deaths_AfterImmiMort_Age,Deaths_AfterImmiMort_Size
0,50.0,1633,49.62414570439313,10.242705312867807,1620,49.396704191278374,9.959049181327826,0,0,0,0,0,0,0,0,45,1665,0,3
1,100.0,1204,113.44465676002007,0.0,1217,113.06568273169037,3.660645242887062,1633,0,103,1530,0,5,1474,0,21,1460,0,5
2,150.0,726,164.79572781619692,2.842170943040401e-14,726,164.79572781619692,2.842170943040401e-14,1204,0,107,1097,0,2,1009,0,90,919,0,1
3,200.0,339,205.230325391608,0.0,339,205.230325391608,0.0,1065,0,212,853,0,0,535,0,54,481,0,0
4,250.0,170,237.06912928523727,0.0,256,245.49119932414294,11.841155484471905,256,0,5,251,0,0,406,0,90,316,0,0
5,300.0,86,262.13947730802636,1.1368683772161603e-13,112,292.83101842659926,12.472402532328083,112,0,14,98,0,0,163,0,25,138,0,0
6,350.0,122,296.03459946870043,16.09777558632181,10,331.91470714023444,4.108530546577717,10,0,1,9,0,0,15,0,0,15,0,0
Totals,7,4280,NA,NA,4280,NA,NA,4280,0,442,3838,0,7,3602,0,325,4994,0,9
