Age,Class,N_Initial_Age,AgeSize_Mean,AgeSize_Std,N_Initial_Class,ClassSize_Mean,ClassSize_Std,N_GrowthBack_Class,Capture_Back,PackingDeaths_Emigration_Class,N_AfterEmigration_Class,Deaths_AfterEmiMort_Age,Deaths_AfterEmiMort_Size,N_GrowthOut_Class,Capture_Out,PackingDeaths_Immigration_Class,N_Immigration_Class,Deaths_AfterImmiMort_Age,Deaths_AfterImmiMort_Size
0,50.0,1438,50.026161057597484,9.70698150517566,1428,49.8223742146177,9.426294782222838,0,0,0,0,0,0,0,0,12,1629,0,0
1,100.0,1069,113.44465676002007,0.0,1079,113.12660546692545,3.300144835006281,1438,0,0,1438,0,0,1394,0,90,1311,0,1
2,150.0,702,164.79572781619694,0.0,702,164.79572781619694,0.0,1069,0,68,1001,0,0,922,0,89,833,0,0
3,200.0,413,205.23032539160798,2.842170943040401e-14,413,205.23032539160798,2.842170943040401e-14,1115,0,249,866,0,0,508,0,63,445,0,0
4,250.0,170,237.06912928523727,0.0,275,246.6414439848477,12.17998572226242,275,0,17,258,0,0,450,0,124,326,0,0
5,300.0,105,262.13947730802647,0.0,114,296.1300672064629,14.191748129542447,114,0,7,107,0,0,176,0,24,152,0,0
6,350.0,123,299.224904048987,17.64428037663725,9,338.4261707209594,6.74650927673774,9,0,0,9,0,0,25,0,2,23,0,0
Totals,7,4020,NA,NA,4020,NA,NA,4020,0,341,3679,0,0,3475,0,404,4719,0,1
