Age,Class,N_Initial_Age,AgeSize_Mean,AgeSize_Std,N_Initial_Class,ClassSize_Mean,ClassSize_Std,N_GrowthBack_Class,Capture_Back,PackingDeaths_Emigration_Class,N_AfterEmigration_Class,Deaths_AfterEmiMort_Age,Deaths_AfterEmiMort_Size,N_GrowthOut_Class,Capture_Out,PackingDeaths_Immigration_Class,N_Immigration_Class,Deaths_AfterImmiMort_Age,Deaths_AfterImmiMort_Size
0,50.0,1314,49.795206614980785,9.899866840030946,1309,49.68807721898886,9.763492945340086,0,0,0,0,0,0,0,0,40,1796,0,0
1,100.0,1181,113.44465676002008,1.4210854715202004e-14,1186,113.29455990388874,2.316322123439949,1314,0,40,1274,0,0,1232,0,98,1139,0,0
2,150.0,770,164.79572781619692,2.842170943040401e-14,770,164.79572781619692,2.842170943040401e-14,1181,0,226,955,0,0,895,0,135,760,0,0
3,200.0,389,205.23032539160798,2.842170943040401e-14,389,205.23032539160798,2.842170943040401e-14,1159,0,311,848,0,0,543,0,114,429,0,0
4,250.0,186,237.06912928523724,2.842170943040401e-14,271,244.93252257651804,11.632069996312572,271,0,29,242,0,0,422,0,158,264,0,0
5,300.0,85,262.13947730802636,1.1368683772161603e-13,98,293.1724364689345,12.943700428660195,98,0,18,80,0,0,146,0,37,109,0,0
6,350.0,118,299.9182661772865,19.235723919394395,20,332.97283174821143,6.822712025673074,20,0,6,14,0,0,17,0,5,12,0,0
Totals,7,4043,NA,NA,4043,NA,NA,4043,0,630,3413,0,0,3255,0,587,4509,0,0
