Age,Class,N_Initial_Age,AgeSize_Mean,AgeSize_Std,N_Initial_Class,ClassSize_Mean,ClassSize_Std,N_GrowthBack_Class,Capture_Back,PackingDeaths_Emigration_Class,N_AfterEmigration_Class,Deaths_AfterEmiMort_Age,Deaths_AfterEmiMort_Size,N_GrowthOut_Class,Capture_Out,PackingDeaths_Immigration_Class,N_Immigration_Class,Deaths_AfterImmiMort_Age,Deaths_AfterImmiMort_Size
0,50.0,1692,49.61236031584856,9.718618908359163,1685,49.495503172921104,9.564950491957068,0,0,0,0,0,0,0,0,37,1370,0,0
1,100.0,1231,113.44465676002007,0.0,1238,113.24278132441711,2.691013956311433,1692,0,235,1457,0,0,1390,0,61,1335,0,0
2,150.0,764,164.79572781619692,2.842170943040401e-14,764,164.79572781619692,2.842170943040401e-14,1231,0,243,988,0,0,914,0,66,848,0,0
3,200.0,367,205.230325391608,0.0,367,205.230325391608,0.0,1131,0,311,820,0,0,509,0,79,430,0,0
4,250.0,145,237.0691292852373,2.842170943040401e-14,243,247.1798046195308,12.298471192009114,243,0,27,216,0,0,379,0,85,294,0,0
5,300.0,98,262.1394773080264,5.684341886080802e-14,90,294.58174528266085,12.48039677407295,90,0,6,84,0,0,151,0,46,105,0,0
6,350.0,103,299.5749525945257,17.744641319274884,13,334.1433109074363,6.9884532623145175,13,0,0,13,0,0,22,0,0,22,0,0
Totals,7,4400,NA,NA,4400,NA,NA,4400,0,822,3578,0,0,3365,0,374,4404,0,0
