Age,Class,N_Initial_Age,AgeSize_Mean,AgeSize_Std,N_Initial_Class,ClassSize_Mean,ClassSize_Std,N_GrowthBack_Class,Capture_Back,PackingDeaths_Emigration_Class,N_AfterEmigration_Class,Deaths_AfterEmiMort_Age,Deaths_AfterEmiMort_Size,N_GrowthOut_Class,Capture_Out,PackingDeaths_Immigration_Class,N_Immigration_Class,Deaths_AfterImmiMort_Age,Deaths_AfterImmiMort_Size
0,50.0,1505,49.84605494809586,9.85782861693038,1497,49.68446211756923,9.62868052742735,0,0,0,0,0,0,0,0,0,1684,0,0
1,100.0,1282,113.44465676002005,1.4210854715202004e-14,1290,113.23776966916967,2.6349386802482337,1505,0,144,1361,0,0,1310,0,104,1219,0,0
2,150.0,670,164.79572781619692,2.842170943040401e-14,670,164.79572781619692,2.842170943040401e-14,1282,0,165,1117,0,0,1041,0,123,918,0,0
3,200.0,397,205.23032539160795,5.684341886080802e-14,397,205.23032539160795,5.684341886080802e-14,1067,0,212,855,0,0,488,0,79,409,0,0
4,250.0,155,237.06912928523727,0.0,236,245.67378263204196,11.9030078048019,236,0,26,210,0,0,433,0,129,304,0,0
5,300.0,81,262.13947730802647,0.0,96,294.1630748842506,12.84369090914525,96,0,15,81,0,0,137,0,33,104,0,0
6,350.0,110,299.2280697808618,18.02583247138478,14,333.9594633576245,6.299634485910402,14,0,3,11,0,0,15,0,0,15,0,0
Totals,7,4200,NA,NA,4200,NA,NA,4200,0,565,3635,0,0,3424,0,468,4653,0,0
