Age,Class,N_Initial_Age,AgeSize_Mean,AgeSize_Std,N_Initial_Class,ClassSize_Mean,ClassSize_Std,N_GrowthBack_Class,Capture_Back,PackingDeaths_Emigration_Class,N_AfterEmigration_Class,Deaths_AfterEmiMort_Age,Deaths_AfterEmiMort_Size,N_GrowthOut_Class,Capture_Out,PackingDeaths_Immigration_Class,N_Immigration_Class,Deaths_AfterImmiMort_Age,Deaths_AfterImmiMort_Size
0,50.0,1453,49.743009411454956,10.07433871418041,1448,49.64334208790892,9.946649456539793,0,0,0,0,0,0,0,0,90,2074,0,0
1,100.0,1382,113.44465676002008,1.4210854715202004e-14,1387,113.3190691953134,2.0929788776421185,1453,0,68,1385,0,0,1340,0,91,1266,0,0
2,150.0,1022,164.79572781619694,0.0,1022,164.79572781619694,0.0,1382,0,367,1015,0,0,936,0,108,828,0,0
3,200.0,483,205.23032539160798,2.842170943040401e-14,483,205.23032539160798,2.842170943040401e-14,1505,0,705,800,0,0,528,0,100,428,0,0
4,250.0,269,237.06912928523724,2.842170943040401e-14,372,244.01065037756862,11.217915783112234,372,0,91,281,0,0,435,0,145,290,0,0
5,300.0,103,262.13947730802636,1.1368683772161603e-13,118,295.1395894410132,12.589216808599767,118,0,19,99,0,0,155,0,41,114,0,0
6,350.0,143,302.1818430050585,19.33056228556876,25,335.42127982735246,7.098605168459637,25,0,3,22,0,0,30,0,5,25,0,0
Totals,7,4855,NA,NA,4855,NA,NA,4855,0,1253,3602,0,0,3424,0,580,5025,0,0
