Age,Class,N_Initial_Age,AgeSize_Mean,AgeSize_Std,N_Initial_Class,ClassSize_Mean,ClassSize_Std,N_GrowthBack_Class,Capture_Back,PackingDeaths_Emigration_Class,N_AfterEmigration_Class,Deaths_AfterEmiMort_Age,Deaths_AfterEmiMort_Size,N_GrowthOut_Class,Capture_Out,PackingDeaths_Immigration_Class,N_Immigration_Class,Deaths_AfterImmiMort_Age,Deaths_AfterImmiMort_Size
0,50.0,2116,50.2795687471191,9.936592065889679,2102,50.10239228153352,9.72597718784479,0,0,0,0,0,0,0,0,16,1697,0,0
1,100.0,1222,113.44465676002007,0.0,1236,113.03050926688113,3.881150525697503,2116,0,224,1892,0,0,1816,0,125,1703,0,0
2,150.0,891,164.79572781619692,2.842170943040401e-14,891,164.79572781619692,2.842170943040401e-14,1222,0,205,1017,0,0,941,0,127,814,0,0
3,200.0,409,205.23032539160798,2.842170943040401e-14,409,205.23032539160798,2.842170943040401e-14,1300,0,345,955,0,0,622,0,145,477,0,0
4,250.0,159,237.0691292852373,2.842170943040401e-14,268,247.26565142883436,12.315084041012058,268,0,31,237,0,0,406,0,172,234,0,0
5,300.0,109,262.1394773080264,5.684341886080802e-14,115,293.8898223655067,13.566958597744764,115,0,11,104,0,0,179,0,46,133,0,0
6,350.0,135,299.77689514080714,19.050546249968146,20,333.6275635987844,6.798871445601102,20,0,4,16,0,0,25,0,3,22,0,0
Totals,7,5041,NA,NA,5041,NA,NA,5041,0,820,4221,0,0,3989,0,634,5080,0,0
