Age,Class,N_Initial_Age,AgeSize_Mean,AgeSize_Std,N_Initial_Class,ClassSize_Mean,ClassSize_Std,N_GrowthBack_Class,Capture_Back,PackingDeaths_Emigration_Class,N_AfterEmigration_Class,Deaths_AfterEmiMort_Age,Deaths_AfterEmiMort_Size,N_GrowthOut_Class,Capture_Out,PackingDeaths_Immigration_Class,N_Immigration_Class,Deaths_AfterImmiMort_Age,Deaths_AfterImmiMort_Size
0,50.0,1521,49.89004266587073,9.651332963596664,1515,49.78101176497568,9.512316034160698,0,0,0,0,0,0,0,0,0,1510,0,0
1,100.0,1057,113.44465676002008,1.4210854715202004e-14,1063,113.24132104063257,2.7039566570124642,1521,0,15,1459,0,0,1408,0,13,1408,0,0
2,150.0,824,164.79572781619692,2.842170943040401e-14,824,164.79572781619692,2.842170943040401e-14,1057,0,71,971,0,0,903,0,69,834,0,0
3,200.0,408,205.23032539160798,2.842170943040401e-14,408,205.23032539160798,2.842170943040401e-14,1232,0,273,946,0,0,592,0,111,481,0,0
4,250.0,160,237.06912928523724,2.842170943040401e-14,241,245.4952628530626,11.84256619694631,241,0,16,223,0,0,436,0,135,301,0,0
5,300.0,81,262.13947730802647,0.0,100,293.3088385268379,13.027363638354974,100,0,14,85,0,0,139,0,39,100,0,0
6,350.0,114,298.29362827160435,18.262905278392413,14,333.89926930565076,7.644541492731627,14,0,2,12,0,0,18,0,1,17,0,0
Totals,7,4165,NA,NA,4165,NA,NA,4165,0,391,3696,0,0,3496,0,368,4651,0,0
