Age,Class,N_Initial_Age,AgeSize_Mean,AgeSize_Std,N_Initial_Class,ClassSize_Mean,ClassSize_Std,N_GrowthBack_Class,Capture_Back,PackingDeaths_Emigration_Class,N_AfterEmigration_Class,Deaths_AfterEmiMort_Age,Deaths_AfterEmiMort_Size,N_GrowthOut_Class,Capture_Out,PackingDeaths_Immigration_Class,N_Immigration_Class,Deaths_AfterImmiMort_Age,Deaths_AfterImmiMort_Size
0,50.0,1690,50.16240210946103,10.07848980727902,1679,49.9793239204242,9.851788538807012,0,0,0,0,0,0,0,0,76,2002,0,0
1,100.0,1167,113.44465676002005,1.4210854715202004e-14,1178,113.1146766906115,3.4059664538256516,1690,0,37,1653,0,0,1602,0,119,1500,0,0
2,150.0,798,164.7957278161969,5.684341886080802e-14,798,164.7957278161969,5.684341886080802e-14,1167,0,130,1037,0,0,964,0,115,849,0,0
3,200.0,432,205.23032539160798,2.842170943040401e-14,432,205.23032539160798,2.842170943040401e-14,1230,0,366,864,0,0,528,0,89,439,0,0
4,250.0,202,237.06912928523724,2.842170943040401e-14,293,244.8554831080148,11.600831621574619,293,0,25,268,0,0,450,0,183,267,0,0
5,300.0,91,262.1394773080264,5.684341886080802e-14,117,293.05685283330837,13.060163502588257,117,0,22,95,0,0,156,0,39,117,0,0
6,350.0,139,300.06864278511097,20.40698407879938,22,337.3586166196971,8.488383883317047,22,0,5,17,0,0,27,0,3,24,0,0
Totals,7,4519,NA,NA,4519,NA,NA,4519,0,585,3934,0,0,3727,0,624,5198,0,0
