Age,Class,N_Initial_Age,AgeSize_Mean,AgeSize_Std,N_Initial_Class,ClassSize_Mean,ClassSize_Std,N_GrowthBack_Class,Capture_Back,PackingDeaths_Emigration_Class,N_AfterEmigration_Class,Deaths_AfterEmiMort_Age,Deaths_AfterEmiMort_Size,N_GrowthOut_Class,Capture_Out,PackingDeaths_Immigration_Class,N_Immigration_Class,Deaths_AfterImmiMort_Age,Deaths_AfterImmiMort_Size
0,50.0,1956,49.71841168646248,9.97797249286213,1943,49.52417654681426,9.720363127973599,0,0,0,0,0,0,0,0,55,1627,0,0
1,100.0,1119,113.44465676002005,1.4210854715202004e-14,1132,113.04620949003795,3.7115501454392676,1956,0,223,1686,0,0,1609,0,181,1435,0,0
2,150.0,763,164.79572781619692,2.842170943040401e-14,763,164.79572781619692,2.842170943040401e-14,1119,0,178,922,0,0,851,0,155,696,0,0
3,200.0,397,205.23032539160795,5.684341886080802e-14,397,205.23032539160795,5.684341886080802e-14,1160,0,348,791,0,0,494,0,129,365,0,0
4,250.0,153,237.0691292852373,2.842170943040401e-14,272,248.03740654520752,12.436857403151269,272,0,53,219,0,0,367,0,101,266,0,0
5,300.0,119,262.13947730802636,1.1368683772161603e-13,103,295.58400512847487,13.612090128034996,103,0,11,91,0,0,161,0,63,98,0,0
6,350.0,126,302.97979340506987,20.16930704765607,23,336.1000626437344,7.542314453336226,23,0,1,22,0,0,32,0,8,24,0,0
Totals,7,4633,NA,NA,4633,NA,NA,4633,0,814,3731,0,0,3514,0,692,4511,0,0
