Age,Class,N_Initial_Age,AgeSize_Mean,AgeSize_Std,N_Initial_Class,ClassSize_Mean,ClassSize_Std,N_GrowthBack_Class,Capture_Back,PackingDeaths_Emigration_Class,N_AfterEmigration_Class,Deaths_AfterEmiMort_Age,Deaths_AfterEmiMort_Size,N_GrowthOut_Class,Capture_Out,PackingDeaths_Immigration_Class,N_Immigration_Class,Deaths_AfterImmiMort_Age,Deaths_AfterImmiMort_Size
0,50.0,1519,49.96839255121118,10.091325780429674,1506,49.720270803009385,9.770554144063425,0,0,0,0,0,0,0,0,39,1843,0,0
1,100.0,1436,113.44465676002008,1.4210854715202004e-14,1449,113.13304869796166,3.2839935010214885,1519,0,151,1368,0,0,1336,0,63,1288,0,0
2,150.0,845,164.7957278161969,5.684341886080802e-14,845,164.7957278161969,5.684341886080802e-14,1436,0,210,1226,0,0,1123,0,164,959,0,0
3,200.0,469,205.23032539160795,5.684341886080802e-14,469,205.23032539160795,5.684341886080802e-14,1314,0,427,887,0,0,529,0,90,439,0,0
4,250.0,196,237.06912928523727,0.0,317,246.6385681204344,12.179285790250907,317,0,39,278,0,0,470,0,177,293,0,0
5,300.0,121,262.13947730802647,0.0,136,294.08552674949465,13.152990279741255,136,0,14,122,0,0,205,0,59,146,0,0
6,350.0,153,298.4853293097287,17.673946556665793,17,333.683749791601,5.7888989132768955,17,0,2,15,0,0,23,0,2,21,0,0
Totals,7,4739,NA,NA,4739,NA,NA,4739,0,843,3896,0,0,3686,0,594,4989,0,0
