Age,Class,N_Initial_Age,AgeSize_Mean,AgeSize_Std,N_Initial_Class,ClassSize_Mean,ClassSize_Std,N_GrowthBack_Class,Capture_Back,PackingDeaths_Emigration_Class,N_AfterEmigration_Class,Deaths_AfterEmiMort_Age,Deaths_AfterEmiMort_Size,N_GrowthOut_Class,Capture_Out,PackingDeaths_Immigration_Class,N_Immigration_Class,Deaths_AfterImmiMort_Age,Deaths_AfterImmiMort_Size
0,50.0,1435,49.90314348683479,10.086381234696656,1423,49.664777025398074,9.78541004850334,0,0,0,0,0,0,0,0,54,1887,0,4
1,100.0,1292,113.4446567600201,2.842170943040401e-14,1304,113.12003813681932,3.3754783975137497,1435,0,74,1361,0,0,1307,0,60,1259,0,0
2,150.0,820,164.79572781619692,2.842170943040401e-14,820,164.79572781619692,2.842170943040401e-14,1292,0,178,1114,0,0,1034,0,166,868,0,0
3,200.0,384,205.23032539160798,2.842170943040401e-14,384,205.23032539160798,2.842170943040401e-14,1204,0,356,848,0,0,540,0,83,457,0,0
4,250.0,205,237.06912928523727,0.0,300,245.00807282578714,11.662129006095821,300,0,38,262,0,0,409,0,98,311,0,0
5,300.0,95,262.13947730802636,1.1368683772161603e-13,107,294.96247738234445,12.45386131095303,107,0,23,84,0,0,151,0,37,114,0,0
6,350.0,125,300.7657501484715,18.504142127778007,18,335.2629827026715,8.09748392316338,18,0,1,17,0,0,21,0,2,19,0,0
Totals,7,4356,NA,NA,4356,NA,NA,4356,0,670,3686,0,0,3462,0,500,4915,0,4
