Age,Class,N_Initial_Age,AgeSize_Mean,AgeSize_Std,N_Initial_Class,ClassSize_Mean,ClassSize_Std,N_GrowthBack_Class,Capture_Back,PackingDeaths_Emigration_Class,N_AfterEmigration_Class,Deaths_AfterEmiMort_Age,Deaths_AfterEmiMort_Size,N_GrowthOut_Class,Capture_Out,PackingDeaths_Immigration_Class,N_Immigration_Class,Deaths_AfterImmiMort_Age,Deaths_AfterImmiMort_Size
0,50.0,1755,49.51379628120434,9.99350705835468,1748,49.403329226249596,9.859428534527686,0,0,0,0,0,0,0,0,71,1701,0,5
1,100.0,1264,113.4446567600201,2.842170943040401e-14,1271,113.24448397379597,2.6904550987966767,1755,0,119,1636,0,9,1580,0,272,1325,0,4
2,150.0,769,164.79572781619692,2.842170943040401e-14,769,164.79572781619692,2.842170943040401e-14,1264,0,236,1028,0,0,974,0,205,769,0,1
3,200.0,441,205.23032539160798,2.842170943040401e-14,441,205.23032539160798,2.842170943040401e-14,1210,0,419,791,0,0,483,0,111,372,0,0
4,250.0,182,237.0691292852373,2.842170943040401e-14,298,246.82805670350416,12.223871823202732,298,0,52,246,0,0,399,0,132,267,0,0
5,300.0,116,262.1394773080264,5.684341886080802e-14,123,291.361622304434,12.403289156550583,123,0,23,100,0,0,181,0,57,124,0,0
6,350.0,132,293.9739629267444,15.44413533382181,9,329.67595143165295,5.283302031013939,9,0,2,7,0,0,13,0,2,11,0,0
Totals,7,4659,NA,NA,4659,NA,NA,4659,0,851,3808,0,9,3630,0,850,4569,0,10
