Age,Class,N_Initial_Age,AgeSize_Mean,AgeSize_Std,N_Initial_Class,ClassSize_Mean,ClassSize_Std,N_GrowthBack_Class,Capture_Back,PackingDeaths_Emigration_Class,N_AfterEmigration_Class,Deaths_AfterEmiMort_Age,Deaths_AfterEmiMort_Size,N_GrowthOut_Class,Capture_Out,PackingDeaths_Immigration_Class,N_Immigration_Class,Deaths_AfterImmiMort_Age,Deaths_AfterImmiMort_Size
0,50.0,1536,50.070965623131684,10.050570603598269,1524,49.85002071664257,9.772173910866599,0,0,0,0,0,0,0,0,31,1566,0,0
1,100.0,1368,113.44465676002008,1.4210854715202004e-14,1380,113.13758121208294,3.289672320898763,1536,0,223,1313,0,0,1277,0,103,1180,0,0
2,150.0,724,164.79572781619692,2.842170943040401e-14,724,164.79572781619692,2.842170943040401e-14,1368,0,242,1126,0,0,1047,0,136,911,0,0
3,200.0,352,205.23032539160798,2.842170943040401e-14,352,205.23032539160798,2.842170943040401e-14,1076,0,263,813,0,0,527,0,80,447,0,0
4,250.0,153,237.0691292852373,2.842170943040401e-14,238,246.02282500766196,12.01264337111445,238,0,26,212,0,0,370,0,107,263,0,0
5,300.0,85,262.13947730802636,1.1368683772161603e-13,86,292.3795089610306,13.077108066650917,86,0,8,78,0,0,133,0,27,106,0,0
6,350.0,96,297.13535768329734,18.737682638434094,10,338.03565669479127,5.70303568044868,10,0,0,10,0,0,17,0,3,14,0,0
Totals,7,4314,NA,NA,4314,NA,NA,4314,0,762,3552,0,0,3371,0,487,4487,0,0
