Age,Class,N_Initial_Age,AgeSize_Mean,AgeSize_Std,N_Initial_Class,ClassSize_Mean,ClassSize_Std,N_GrowthBack_Class,Capture_Back,PackingDeaths_Emigration_Class,N_AfterEmigration_Class,Deaths_AfterEmiMort_Age,Deaths_AfterEmiMort_Size,N_GrowthOut_Class,Capture_Out,PackingDeaths_Immigration_Class,N_Immigration_Class,Deaths_AfterImmiMort_Age,Deaths_AfterImmiMort_Size
0,50.0,1651,50.08191708469454,9.890011562055829,1644,49.959812441677165,9.729768110686887,0,0,0,0,0,0,0,0,45,1500,0,0
1,100.0,1255,113.44465676002008,1.4210854715202004e-14,1262,113.2522644108864,2.587162350644103,1651,0,90,1561,0,2,1524,0,93,1443,0,0
2,150.0,698,164.79572781619692,2.842170943040401e-14,698,164.79572781619692,2.842170943040401e-14,1255,0,163,1092,0,1,1004,0,92,912,0,0
3,200.0,395,205.23032539160798,2.842170943040401e-14,395,205.23032539160798,2.842170943040401e-14,1093,0,262,831,0,0,493,0,50,443,0,0
4,250.0,157,237.06912928523732,5.684341886080802e-14,242,245.87483003704335,11.967523415559175,242,0,26,216,0,0,418,0,96,322,0,0
5,300.0,85,262.13947730802636,1.1368683772161603e-13,117,293.3766957108047,13.239527572782343,117,0,11,106,0,0,149,0,33,116,0,0
6,350.0,139,299.9725136569665,19.622355417452596,22,335.05027273428135,6.222462283298645,22,0,5,17,0,0,27,0,8,19,0,0
Totals,7,4380,NA,NA,4380,NA,NA,4380,0,557,3823,0,3,3615,0,417,4755,0,0
