Age,Class,N_Initial_Age,AgeSize_Mean,AgeSize_Std,N_Initial_Class,ClassSize_Mean,ClassSize_Std,N_GrowthBack_Class,Capture_Back,PackingDeaths_Emigration_Class,N_AfterEmigration_Class,Deaths_AfterEmiMort_Age,Deaths_AfterEmiMort_Size,N_GrowthOut_Class,Capture_Out,PackingDeaths_Immigration_Class,N_Immigration_Class,Deaths_AfterImmiMort_Age,Deaths_AfterImmiMort_Size
0,50.0,1502,50.106247501850106,9.961556106002089,1496,49.9984752227046,9.834471444194588,0,0,0,0,0,0,0,0,0,1451,0,0
1,100.0,1231,113.44465676002007,0.0,1237,113.26777468568916,2.5350686505166387,1502,0,0,1502,0,0,1473,0,119,1358,0,0
2,150.0,828,164.79572781619694,0.0,828,164.79572781619694,0.0,1231,0,204,1027,0,0,949,0,113,836,0,0
3,200.0,367,205.230325391608,0.0,367,205.230325391608,0.0,1195,0,347,848,0,0,550,0,88,462,0,0
4,250.0,164,237.0691292852373,2.842170943040401e-14,269,246.85495286290586,12.22994929214809,269,0,41,228,0,0,379,0,86,293,0,0
5,300.0,105,262.13947730802647,0.0,85,293.70862896324553,12.399669216259973,85,0,8,77,0,0,147,0,31,116,0,0
6,350.0,108,302.8841301342255,21.113512140954672,23,336.79359098349903,8.001792679682154,23,0,2,21,0,0,24,0,3,21,0,0
Totals,7,4305,NA,NA,4305,NA,NA,4305,0,602,3703,0,0,3522,0,440,4537,0,0
