Age,Class,N_Initial_Age,AgeSize_Mean,AgeSize_Std,N_Initial_Class,ClassSize_Mean,ClassSize_Std,N_GrowthBack_Class,Capture_Back,PackingDeaths_Emigration_Class,N_AfterEmigration_Class,Deaths_AfterEmiMort_Age,Deaths_AfterEmiMort_Size,N_GrowthOut_Class,Capture_Out,PackingDeaths_Immigration_Class,N_Immigration_Class,Deaths_AfterImmiMort_Age,Deaths_AfterImmiMort_Size
0,50.0,1613,50.455567729925804,10.183451307496581,1606,50.33627480291834,10.042952389489686,0,0,0,0,0,0,0,0,0,1693,0,6
1,100.0,1289,113.44465676002008,1.4210854715202004e-14,1296,113.25226541554734,2.61420077566327,1613,0,24,1589,0,2,1551,0,30,1533,0,1
2,150.0,822,164.79572781619694,0.0,822,164.79572781619694,0.0,1289,0,163,1126,0,1,1032,0,96,936,0,0
3,200.0,440,205.23032539160798,2.842170943040401e-14,440,205.23032539160798,2.842170943040401e-14,1262,0,352,910,0,0,549,0,47,502,0,0
4,250.0,184,237.06912928523724,2.842170943040401e-14,289,246.17773323815373,12.057744612085795,289,0,20,269,0,0,457,0,105,352,0,0
5,300.0,105,262.13947730802647,0.0,125,293.41964017684273,12.479584135970056,125,0,13,112,0,0,187,0,66,121,0,0
6,350.0,138,297.0122115153495,16.346345755412976,13,331.5561666932999,4.645015183065899,13,0,0,13,0,0,17,0,0,17,0,0
Totals,7,4591,NA,NA,4591,NA,NA,4591,0,572,4019,0,3,3793,0,344,5154,0,7
