Age,Class,N_Initial_Age,AgeSize_Mean,AgeSize_Std,N_Initial_Class,ClassSize_Mean,ClassSize_Std,N_GrowthBack_Class,Capture_Back,PackingDeaths_Emigration_Class,N_AfterEmigration_Class,Deaths_AfterEmiMort_Age,Deaths_AfterEmiMort_Size,N_GrowthOut_Class,Capture_Out,PackingDeaths_Immigration_Class,N_Immigration_Class,Deaths_AfterImmiMort_Age,Deaths_AfterImmiMort_Size
0,50.0,24733,49.94690714425951,9.960033937795762,24587,49.78059848311364,9.74983053890284,0,0,0,0,0,0,0,0,0,1882,0,14
1,100.0,2044,113.44465676002007,0.0,2190,111.07861091878367,8.882481014111661,24733,0,14490,10243,0,392,9697,0,5102,4607,0,125
2,150.0,1376,164.79572781619692,2.842170943040401e-14,1376,164.79572781619692,2.842170943040401e-14,2044,0,534,1510,0,0,1427,0,365,1062,0,0
3,200.0,400,205.23032539160798,2.842170943040401e-14,400,205.23032539160798,2.842170943040401e-14,1776,0,633,1143,0,0,858,0,295,563,0,0
4,250.0,241,237.0691292852372,5.684341886080802e-14,315,242.9586713604322,10.628554166230964,315,0,39,276,0,0,426,0,123,303,0,0
5,300.0,74,262.1394773080264,5.684341886080802e-14,133,288.77577751022574,7.7224983677593695,133,0,22,111,0,0,169,0,44,125,0,0
6,350.0,133,288.77577751022574,7.72249836775937,0,nan,nan,0,0,0,0,0,0,0,0,0,0,0,0
Totals,7,29001,NA,NA,29001,NA,NA,29001,0,15718,13283,0,392,12577,0,5929,8542,0,139
