Age,Class,N_Initial_Age,AgeSize_Mean,AgeSize_Std,N_Initial_Class,ClassSize_Mean,ClassSize_Std,N_GrowthBack_Class,Capture_Back,PackingDeaths_Emigration_Class,N_AfterEmigration_Class,Deaths_AfterEmiMort_Age,Deaths_AfterEmiMort_Size,N_GrowthOut_Class,Capture_Out,PackingDeaths_Immigration_Class,N_Immigration_Class,Deaths_AfterImmiMort_Age,Deaths_AfterImmiMort_Size
0,50.0,2058,49.87362454027342,9.89048247426855,2041,49.635148286484586,9.576076297498068,0,0,0,0,0,0,0,0,17,1860,0,2
1,100.0,1481,113.44465676002007,0.0,1498,113.04814306592615,3.7102100364695785,2058,0,81,1977,0,2,1975,0,107,1877,0,2
2,150.0,989,164.79572781619694,0.0,989,164.79572781619694,0.0,1481,0,245,1236,0,2,1234,0,190,1044,0,3
3,200.0,480,205.23032539160798,2.842170943040401e-14,480,205.23032539160798,2.842170943040401e-14,1469,0,421,1048,0,0,706,0,137,569,0,0
4,250.0,177,237.06912928523727,0.0,284,246.51464773044304,12.148440886725387,284,0,24,260,0,0,505,0,165,340,0,0
5,300.0,107,262.1394773080264,5.684341886080802e-14,122,293.3189027110855,13.09456450036405,122,0,3,119,0,0,207,0,66,141,0,0
6,350.0,149,300.8455529902139,20.218432302413344,27,334.85486165886823,8.276397547671907,27,0,2,25,0,0,34,0,4,30,0,0
Totals,7,5441,NA,NA,5441,NA,NA,5441,0,776,4665,0,4,4661,0,686,5861,0,7
