Age,Class,N_Initial_Age,AgeSize_Mean,AgeSize_Std,N_Initial_Class,ClassSize_Mean,ClassSize_Std,N_GrowthBack_Class,Capture_Back,PackingDeaths_Emigration_Class,N_AfterEmigration_Class,Deaths_AfterEmiMort_Age,Deaths_AfterEmiMort_Size,N_GrowthOut_Class,Capture_Out,PackingDeaths_Immigration_Class,N_Immigration_Class,Deaths_AfterImmiMort_Age,Deaths_AfterImmiMort_Size
0,50.0,2348,50.15838163899279,9.918101987478531,2339,50.05184379224127,9.78610151403013,0,0,0,0,0,0,0,0,110,2064,0,0
1,100.0,1532,113.44465676002008,1.4210854715202004e-14,1541,113.23674991216971,2.717659114847355,2348,0,277,2071,0,0,2071,0,304,1779,0,0
2,150.0,961,164.79572781619692,2.842170943040401e-14,961,164.79572781619692,2.842170943040401e-14,1532,0,370,1162,0,0,1162,0,180,982,0,0
3,200.0,481,205.230325391608,0.0,481,205.230325391608,0.0,1442,0,594,848,0,0,551,0,104,447,0,0
4,250.0,190,237.06912928523727,0.0,315,247.01768008793135,12.265397175475188,315,0,51,264,0,0,457,0,147,310,0,0
5,300.0,125,262.1394773080264,5.684341886080802e-14,127,292.78324872693577,12.820133343163281,127,0,24,103,0,0,197,0,57,140,0,0
6,350.0,159,301.74028945722625,21.556381015469096,32,337.2885448555666,8.630981915705357,32,0,10,22,0,0,32,0,12,20,0,0
Totals,7,5796,NA,NA,5796,NA,NA,5796,0,1326,4470,0,0,4470,0,914,5742,0,0
