Age,Class,N_Initial_Age,AgeSize_Mean,AgeSize_Std,N_Initial_Class,ClassSize_Mean,ClassSize_Std,N_GrowthBack_Class,Capture_Back,PackingDeaths_Emigration_Class,N_AfterEmigration_Class,Deaths_AfterEmiMort_Age,Deaths_AfterEmiMort_Size,N_GrowthOut_Class,Capture_Out,PackingDeaths_Immigration_Class,N_Immigration_Class,Deaths_AfterImmiMort_Age,Deaths_AfterImmiMort_Size
0,50.0,2246,49.971556894290764,9.986946228188362,2228,49.75056770934252,9.715195660517654,0,0,0,0,0,0,0,0,94,2173,0,0
1,100.0,1679,113.44465676002007,0.0,1697,113.06153837845352,3.7118968404022974,2246,0,110,2111,0,2,2109,0,234,1893,0,0
2,150.0,991,164.79572781619697,2.842170943040401e-14,991,164.79572781619697,2.842170943040401e-14,1679,0,359,1304,0,0,1304,0,198,1106,0,2
3,200.0,470,205.23032539160798,2.842170943040401e-14,470,205.23032539160798,2.842170943040401e-14,1461,0,422,1026,0,0,690,0,161,529,0,0
4,250.0,214,237.06912928523727,0.0,322,245.47781744194916,11.836498721625675,322,0,42,280,0,0,524,0,229,295,0,0
5,300.0,108,262.1394773080264,5.684341886080802e-14,136,292.5432052873299,12.480906954082675,136,0,24,112,0,0,194,0,54,140,0,0
6,350.0,173,301.5939068928789,20.919580415266477,37,334.8613506321943,8.113128669196207,37,0,6,30,0,0,40,0,8,32,0,0
Totals,7,5881,NA,NA,5881,NA,NA,5881,0,963,4863,0,2,4861,0,978,6168,0,2
