Age,Class,N_Initial_Age,AgeSize_Mean,AgeSize_Std,N_Initial_Class,ClassSize_Mean,ClassSize_Std,N_GrowthBack_Class,Capture_Back,PackingDeaths_Emigration_Class,N_AfterEmigration_Class,Deaths_AfterEmiMort_Age,Deaths_AfterEmiMort_Size,N_GrowthOut_Class,Capture_Out,PackingDeaths_Immigration_Class,N_Immigration_Class,Deaths_AfterImmiMort_Age,Deaths_AfterImmiMort_Size
0,50.0,1835,50.21478889501318,9.974082178767064,1821,50.00235939619277,9.709957945427552,0,0,0,0,0,0,0,0,70,1987,0,0
1,100.0,1897,113.44465676002008,1.4210854715202004e-14,1911,113.18385925465212,3.0434945608406174,1835,0,138,1697,0,0,1697,0,89,1620,0,0
2,150.0,1064,164.79572781619694,0.0,1064,164.79572781619694,0.0,1897,0,522,1375,0,0,1375,0,216,1159,0,0
3,200.0,528,205.23032539160798,2.842170943040401e-14,528,205.23032539160798,2.842170943040401e-14,1592,0,642,950,0,0,645,0,128,517,0,0
4,250.0,206,237.06912928523727,0.0,315,245.74426558518653,11.92605116382462,315,0,20,295,0,0,498,0,169,329,0,0
5,300.0,109,262.1394773080264,5.684341886080802e-14,135,293.31212035149673,13.539533384707255,135,0,15,120,0,0,207,0,71,136,0,0
6,350.0,160,299.2652512293009,18.779369847989926,25,331.41215796944323,6.506421512037358,25,0,5,20,0,0,35,0,3,32,0,0
Totals,7,5799,NA,NA,5799,NA,NA,5799,0,1342,4457,0,0,4457,0,746,5780,0,0
