Age,Class,N_Initial_Age,AgeSize_Mean,AgeSize_Std,N_Initial_Class,ClassSize_Mean,ClassSize_Std,N_GrowthBack_Class,Capture_Back,PackingDeaths_Emigration_Class,N_AfterEmigration_Class,Deaths_AfterEmiMort_Age,Deaths_AfterEmiMort_Size,N_GrowthOut_Class,Capture_Out,PackingDeaths_Immigration_Class,N_Immigration_Class,Deaths_AfterImmiMort_Age,Deaths_AfterImmiMort_Size
0,50.0,2460,50.023347809867616,10.042493373254027,2444,49.82898900214495,9.777991257500124,0,0,0,0,0,0,0,0,142,2113,0,0
1,100.0,1781,113.44465676002008,1.4210854715202004e-14,1797,113.14430727914736,3.18911698970437,2460,0,285,2175,0,0,2175,0,167,2023,0,0
2,150.0,944,164.79572781619692,2.842170943040401e-14,944,164.79572781619692,2.842170943040401e-14,1781,0,522,1259,0,0,1259,0,157,1102,0,0
3,200.0,480,205.23032539160798,2.842170943040401e-14,480,205.23032539160798,2.842170943040401e-14,1424,0,443,981,0,0,650,0,120,530,0,0
4,250.0,191,237.06912928523727,0.0,302,246.2837273995737,12.0873637823894,302,0,45,257,0,0,497,0,175,322,0,0
5,300.0,111,262.13947730802636,1.1368683772161603e-13,144,292.50373765099005,12.274948790757229,144,0,13,131,0,0,214,0,48,166,0,0
6,350.0,167,298.1914642866102,18.387076842689453,23,333.80157887484086,6.388640156264926,23,0,2,21,0,0,29,0,4,25,0,0
Totals,7,6134,NA,NA,6134,NA,NA,6134,0,1310,4824,0,0,4824,0,813,6281,0,0
