Age,Class,N_Initial_Age,AgeSize_Mean,AgeSize_Std,N_Initial_Class,ClassSize_Mean,ClassSize_Std,N_GrowthBack_Class,Capture_Back,PackingDeaths_Emigration_Class,N_AfterEmigration_Class,Deaths_AfterEmiMort_Age,Deaths_AfterEmiMort_Size,N_GrowthOut_Class,Capture_Out,PackingDeaths_Immigration_Class,N_Immigration_Class,Deaths_AfterImmiMort_Age,Deaths_AfterImmiMort_Size
0,50.0,2571,50.214925101824974,9.932480056908261,2549,49.981765905923524,9.650561417758677,0,0,0,0,0,0,0,0,7,2001,0,0
1,100.0,1581,113.44465676002007,0.0,1603,112.94763161583575,4.217025893941846,2571,0,305,2266,0,0,2266,0,232,2046,0,0
2,150.0,953,164.79572781619692,2.842170943040401e-14,953,164.79572781619692,2.842170943040401e-14,1581,0,382,1199,0,0,1199,0,161,1038,0,0
3,200.0,403,205.23032539160798,2.842170943040401e-14,403,205.23032539160798,2.842170943040401e-14,1356,0,505,851,0,0,613,0,134,479,0,0
4,250.0,175,237.0691292852373,2.842170943040401e-14,276,246.24342330806954,12.076219325534957,276,0,22,254,0,0,399,0,126,273,0,0
5,300.0,101,262.13947730802636,1.1368683772161603e-13,128,294.66979787315125,13.51417093324146,128,0,12,116,0,0,199,0,89,110,0,0
6,350.0,154,301.85318229462115,20.38198028999901,26,337.2175363695497,7.536992342082926,26,0,2,24,0,0,34,0,6,28,0,0
Totals,7,5938,NA,NA,5938,NA,NA,5938,0,1228,4710,0,0,4710,0,755,5975,0,0
