Age,Class,N_Initial_Age,AgeSize_Mean,AgeSize_Std,N_Initial_Class,ClassSize_Mean,ClassSize_Std,N_GrowthBack_Class,Capture_Back,PackingDeaths_Emigration_Class,N_AfterEmigration_Class,Deaths_AfterEmiMort_Age,Deaths_AfterEmiMort_Size,N_GrowthOut_Class,Capture_Out,PackingDeaths_Immigration_Class,N_Immigration_Class,Deaths_AfterImmiMort_Age,Deaths_AfterImmiMort_Size
0,50.0,2144,50.03347500466138,10.299178643147567,2127,49.81759386163275,10.050946859311175,0,0,0,0,0,0,0,0,53,2263,0,0
1,100.0,1586,113.44465676002008,1.4210854715202004e-14,1603,113.05862376025762,3.7325021609592577,2144,0,107,2037,0,0,2037,0,161,1894,0,0
2,150.0,1030,164.79572781619697,2.842170943040401e-14,1030,164.79572781619697,2.842170943040401e-14,1586,0,286,1300,0,0,1300,0,175,1125,0,0
3,200.0,566,205.23032539160798,2.842170943040401e-14,566,205.23032539160798,2.842170943040401e-14,1596,0,573,1023,0,0,678,0,119,559,0,0
4,250.0,206,237.06912928523727,0.0,322,246.10068323133524,12.035581993987389,322,0,18,304,0,0,543,0,256,287,0,0
5,300.0,116,262.1394773080264,5.684341886080802e-14,144,292.36500193834,12.09124272536608,144,0,24,120,0,0,223,0,81,142,0,0
6,350.0,165,297.91052216773875,18.551300018582793,21,335.93694659790197,6.682410000118933,21,0,1,20,0,0,23,0,1,22,0,0
Totals,7,5813,NA,NA,5813,NA,NA,5813,0,1009,4804,0,0,4804,0,846,6292,0,0
