Age,Class,N_Initial_Age,AgeSize_Mean,AgeSize_Std,N_Initial_Class,ClassSize_Mean,ClassSize_Std,N_GrowthBack_Class,Capture_Back,PackingDeaths_Emigration_Class,N_AfterEmigration_Class,Deaths_AfterEmiMort_Age,Deaths_AfterEmiMort_Size,N_GrowthOut_Class,Capture_Out,PackingDeaths_Immigration_Class,N_Immigration_Class,Deaths_AfterImmiMort_Age,Deaths_AfterImmiMort_Size
0,50.0,2517,49.90960534642425,10.189388602357155,2507,49.794006607329976,10.042218452065747,0,0,0,0,0,0,0,0,135,2689,0,13
1,100.0,4058,113.44465676002007,0.0,4068,113.35971465696532,1.7161741695926669,2517,0,92,2425,0,11,2414,0,418,2008,0,6
2,150.0,1296,164.79572781619694,0.0,1296,164.79572781619694,0.0,4058,0,1337,2721,0,28,2693,0,1187,1506,0,14
3,200.0,711,205.23032539160795,5.684341886080802e-14,711,205.23032539160795,5.684341886080802e-14,2007,0,905,1102,0,0,689,0,144,545,0,0
4,250.0,185,237.06912928523727,0.0,357,249.14784037744946,12.526860304934916,357,0,44,313,0,0,584,0,214,370,0,0
5,300.0,172,262.1394773080264,5.684341886080802e-14,164,294.35787697426076,11.379831357029191,164,0,45,119,0,0,261,0,121,140,0,0
6,350.0,164,294.3578769742608,11.379831357029191,0,nan,nan,0,0,0,0,0,0,0,0,0,0,0,0
Totals,7,9103,NA,NA,9103,NA,NA,9103,0,2423,6680,0,39,6641,0,2219,7258,0,33
