Age,Class,N_Initial_Age,AgeSize_Mean,AgeSize_Std,N_Initial_Class,ClassSize_Mean,ClassSize_Std,N_GrowthBack_Class,Capture_Back,PackingDeaths_Emigration_Class,N_AfterEmigration_Class,Deaths_AfterEmiMort_Age,Deaths_AfterEmiMort_Size,N_GrowthOut_Class,Capture_Out,PackingDeaths_Immigration_Class,N_Immigration_Class,Deaths_AfterImmiMort_Age,Deaths_AfterImmiMort_Size
0,50.0,2149,50.03142089146325,9.906891772757824,2139,49.90173592047694,9.745129336625105,0,0,0,0,0,0,0,0,6,1656,0,0
1,100.0,1697,113.44465676002007,0.0,1707,113.23567245671259,2.7278361830809614,2149,0,65,2084,0,0,2084,0,129,1966,0,0
2,150.0,998,164.79572781619694,0.0,998,164.79572781619694,0.0,1697,0,341,1356,0,0,1356,0,144,1212,0,0
3,200.0,525,205.230325391608,0.0,525,205.230325391608,0.0,1523,0,460,1063,0,0,681,0,84,597,0,0
4,250.0,196,237.06912928523727,0.0,314,246.49047026195424,12.142266317623447,314,0,37,277,0,0,559,0,195,364,0,0
5,300.0,118,262.13947730802636,1.1368683772161603e-13,143,294.85688323286115,12.384190683478188,143,0,18,125,0,0,215,0,62,153,0,0
6,350.0,170,301.3786941420326,19.063002043755127,27,335.92013710542267,7.575910346470151,27,0,9,18,0,0,28,0,6,22,0,0
Totals,7,5853,NA,NA,5853,NA,NA,5853,0,930,4923,0,0,4923,0,626,5970,0,0
