Age,Class,N_Initial_Age,AgeSize_Mean,AgeSize_Std,N_Initial_Class,ClassSize_Mean,ClassSize_Std,N_GrowthBack_Class,Capture_Back,PackingDeaths_Emigration_Class,N_AfterEmigration_Class,Deaths_AfterEmiMort_Age,Deaths_AfterEmiMort_Size,N_GrowthOut_Class,Capture_Out,PackingDeaths_Immigration_Class,N_Immigration_Class,Deaths_AfterImmiMort_Age,Deaths_AfterImmiMort_Size
0,50.0,2383,50.1369116133815,9.596067234378063,2372,50.01357259122384,9.44524051750109,0,0,0,0,0,0,0,0,24,1821,0,0
1,100.0,1608,113.44465676002008,1.4210854715202004e-14,1619,113.19522807808366,3.0165576734007784,2383,0,297,2086,0,0,2086,0,190,1911,0,0
2,150.0,1004,164.79572781619694,0.0,1004,164.79572781619694,0.0,1608,0,313,1295,0,0,1295,0,231,1064,0,0
3,200.0,469,205.23032539160795,5.684341886080802e-14,469,205.23032539160795,5.684341886080802e-14,1473,0,572,901,0,0,612,0,84,528,0,0
4,250.0,202,237.06912928523724,2.842170943040401e-14,318,246.21428768348738,12.068072822061502,318,0,39,279,0,0,464,0,149,315,0,0
5,300.0,116,262.1394773080264,5.684341886080802e-14,139,295.28815778087875,13.977490790513084,139,0,22,117,0,0,203,0,68,135,0,0
6,350.0,157,299.7789154655846,18.38536184589072,18,334.45754425303534,9.014755249140824,18,0,2,16,0,0,34,0,9,25,0,0
Totals,7,5939,NA,NA,5939,NA,NA,5939,0,1245,4694,0,0,4694,0,755,5799,0,0
