Age,Class,N_Initial_Age,AgeSize_Mean,AgeSize_Std,N_Initial_Class,ClassSize_Mean,ClassSize_Std,N_GrowthBack_Class,Capture_Back,PackingDeaths_Emigration_Class,N_AfterEmigration_Class,Deaths_AfterEmiMort_Age,Deaths_AfterEmiMort_Size,N_GrowthOut_Class,Capture_Out,PackingDeaths_Immigration_Class,N_Immigration_Class,Deaths_AfterImmiMort_Age,Deaths_AfterImmiMort_Size
0,50.0,2921,49.954246236195296,10.153108793509759,2905,49.79513566636742,9.948580222381967,0,0,0,0,0,0,0,0,124,2106,0,0
1,100.0,1844,113.44465676002008,1.4210854715202004e-14,1860,113.1470060272076,3.2094022986464186,2921,0,463,2458,0,0,2458,0,443,2031,0,0
2,150.0,884,164.79572781619692,2.842170943040401e-14,884,164.79572781619692,2.842170943040401e-14,1844,0,578,1266,0,0,1266,0,213,1053,0,0
3,200.0,525,205.230325391608,0.0,525,205.230325391608,0.0,1409,0,491,918,0,0,587,0,110,477,0,0
4,250.0,170,237.06912928523727,0.0,276,246.6975962794969,12.19350818314733,276,0,43,233,0,0,470,0,183,287,0,0
5,300.0,106,262.1394773080264,5.684341886080802e-14,148,292.8021304440322,12.280867170756512,148,0,48,100,0,0,188,0,56,132,0,0
6,350.0,185,301.17969668178614,20.380586812094435,37,334.68996163280235,8.360052559906691,37,0,7,30,0,0,36,0,6,30,0,0
Totals,7,6635,NA,NA,6635,NA,NA,6635,0,1630,5005,0,0,5005,0,1135,6116,0,0
