Age,Class,N_Initial_Age,AgeSize_Mean,AgeSize_Std,N_Initial_Class,ClassSize_Mean,ClassSize_Std,N_GrowthBack_Class,Capture_Back,PackingDeaths_Emigration_Class,N_AfterEmigration_Class,Deaths_AfterEmiMort_Age,Deaths_AfterEmiMort_Size,N_GrowthOut_Class,Capture_Out,PackingDeaths_Immigration_Class,N_Immigration_Class,Deaths_AfterImmiMort_Age,Deaths_AfterImmiMort_Size
0,50.0,2122,49.79663286562609,9.845128996463085,2113,49.66560649978419,9.655136529755302,0,0,0,0,0,0,0,0,28,2189,0,0
1,100.0,1652,113.44465676002008,1.4210854715202004e-14,1661,113.26646681178069,2.432521453261539,2122,0,183,1939,0,1,1938,0,228,1725,0,0
2,150.0,994,164.79572781619694,0.0,994,164.79572781619694,0.0,1652,0,428,1224,0,0,1224,0,265,959,0,0
3,200.0,492,205.23032539160798,2.842170943040401e-14,492,205.23032539160798,2.842170943040401e-14,1486,0,544,942,0,0,630,0,162,468,0,0
4,250.0,206,237.06912928523727,0.0,308,245.37164713694017,11.798949501110965,308,0,46,262,0,0,482,0,155,327,0,0
5,300.0,102,262.13947730802636,1.1368683772161603e-13,107,296.0334230226059,13.350829880071618,107,0,20,87,0,0,167,0,55,112,0,0
6,350.0,135,304.3478405609717,20.395125441290133,28,336.12079329686924,7.1192402571190785,28,0,4,24,0,0,36,0,8,28,0,0
Totals,7,5703,NA,NA,5703,NA,NA,5703,0,1225,4478,0,1,4477,0,901,5808,0,0
