Age,Class,N_Initial_Age,AgeSize_Mean,AgeSize_Std,N_Initial_Class,ClassSize_Mean,ClassSize_Std,N_GrowthBack_Class,Capture_Back,PackingDeaths_Emigration_Class,N_AfterEmigration_Class,Deaths_AfterEmiMort_Age,Deaths_AfterEmiMort_Size,N_GrowthOut_Class,Capture_Out,PackingDeaths_Immigration_Class,N_Immigration_Class,Deaths_AfterImmiMort_Age,Deaths_AfterImmiMort_Size
0,50.0,2483,49.70679416696118,9.741431349969174,2475,49.61122875293411,9.608976272286139,0,0,0,0,0,0,0,0,94,2484,0,31
1,100.0,2233,113.44465676002005,1.4210854715202004e-14,2241,113.32266724595158,2.04760234935325,2483,0,188,2295,0,3,2292,0,346,1962,0,5
2,150.0,1242,164.79572781619694,0.0,1242,164.79572781619694,0.0,2233,0,854,1379,0,0,1379,0,328,1051,0,1
3,200.0,619,205.23032539160798,2.842170943040401e-14,619,205.23032539160798,2.842170943040401e-14,1861,0,797,1064,0,0,696,0,210,486,0,0
4,250.0,213,237.06912928523727,0.0,379,248.04980942186788,12.438413736858246,379,0,79,300,0,0,535,0,230,305,0,0
5,300.0,166,262.1394773080264,5.684341886080802e-14,153,293.43453326637444,12.334108021622413,153,0,26,127,0,0,249,0,98,151,0,0
6,350.0,168,296.4216957063159,15.151342765077818,15,326.890752593719,0.0,15,0,1,14,0,0,25,0,5,20,0,0
Totals,7,7124,NA,NA,7124,NA,NA,7124,0,1945,5179,0,3,5176,0,1311,6459,0,37
