Age,Class,N_Initial_Age,AgeSize_Mean,AgeSize_Std,N_Initial_Class,ClassSize_Mean,ClassSize_Std,N_GrowthBack_Class,Capture_Back,PackingDeaths_Emigration_Class,N_AfterEmigration_Class,Deaths_AfterEmiMort_Age,Deaths_AfterEmiMort_Size,N_GrowthOut_Class,Capture_Out,PackingDeaths_Immigration_Class,N_Immigration_Class,Deaths_AfterImmiMort_Age,Deaths_AfterImmiMort_Size
0,50.0,2204,49.90095485433153,10.228811505563119,2189,49.71310018873033,10.006363077440273,0,0,0,0,0,0,0,0,16,2200,0,0
1,100.0,1710,113.44465676002007,0.0,1725,113.13048767852192,3.3606551755211007,2204,0,296,1908,0,0,1908,0,326,1596,0,0
2,150.0,959,164.79572781619692,2.842170943040401e-14,959,164.79572781619692,2.842170943040401e-14,1710,0,555,1155,0,0,1155,0,234,921,0,0
3,200.0,468,205.23032539160798,2.842170943040401e-14,468,205.23032539160798,2.842170943040401e-14,1427,0,498,929,0,0,622,0,145,477,0,0
4,250.0,221,237.06912928523727,0.0,327,245.19590876663068,11.73442138172132,327,0,79,248,0,0,472,0,169,303,0,0
5,300.0,106,262.1394773080264,5.684341886080802e-14,112,293.242457911604,13.39927458882317,112,0,29,83,0,0,159,0,51,108,0,0
6,350.0,140,301.7798336336462,21.14249638289911,28,335.9293365218151,7.68946318616989,28,0,7,21,0,0,28,0,3,25,0,0
Totals,7,5808,NA,NA,5808,NA,NA,5808,0,1464,4344,0,0,4344,0,944,5630,0,0
