Age,Class,N_Initial_Age,AgeSize_Mean,AgeSize_Std,N_Initial_Class,ClassSize_Mean,ClassSize_Std,N_GrowthBack_Class,Capture_Back,PackingDeaths_Emigration_Class,N_AfterEmigration_Class,Deaths_AfterEmiMort_Age,Deaths_AfterEmiMort_Size,N_GrowthOut_Class,Capture_Out,PackingDeaths_Immigration_Class,N_Immigration_Class,Deaths_AfterImmiMort_Age,Deaths_AfterImmiMort_Size
0,50.0,2280,50.057263779180296,10.078589115322083,2263,49.84749510344546,9.818780750408328,0,0,0,0,0,0,0,0,20,2092,0,0
1,100.0,1877,113.44465676002008,1.4210854715202004e-14,1894,113.12634674550775,3.3502399679922643,2280,0,322,1958,0,0,1958,0,287,1686,0,0
2,150.0,1125,164.79572781619694,0.0,1125,164.79572781619694,0.0,1877,0,569,1308,0,0,1308,0,311,997,0,0
3,200.0,559,205.23032539160798,2.842170943040401e-14,559,205.23032539160798,2.842170943040401e-14,1684,0,734,950,0,0,617,0,135,482,0,0
4,250.0,186,237.06912928523724,2.842170943040401e-14,287,245.89179531416312,11.972797165911073,287,0,32,255,0,0,504,0,169,335,0,0
5,300.0,101,262.13947730802636,1.1368683772161603e-13,142,294.76162443791713,13.424203882917602,142,0,26,116,0,0,186,0,53,133,0,0
6,350.0,164,300.606959543357,19.556924123891598,22,338.3359406784694,6.631825510508739,22,0,0,22,0,0,36,0,9,27,0,0
Totals,7,6292,NA,NA,6292,NA,NA,6292,0,1683,4609,0,0,4609,0,984,5752,0,0
