Age,Class,N_Initial_Age,AgeSize_Mean,AgeSize_Std,N_Initial_Class,ClassSize_Mean,ClassSize_Std,N_GrowthBack_Class,Capture_Back,PackingDeaths_Emigration_Class,N_AfterEmigration_Class,Deaths_AfterEmiMort_Age,Deaths_AfterEmiMort_Size,N_GrowthOut_Class,Capture_Out,PackingDeaths_Immigration_Class,N_Immigration_Class,Deaths_AfterImmiMort_Age,Deaths_AfterImmiMort_Size
0,50.0,2357,49.6346513872275,9.950806118414427,2345,49.48748045696774,9.759371369521368,0,0,0,0,0,0,0,0,0,1912,0,12
1,100.0,1485,113.44465676002007,0.0,1497,113.16369200850747,3.1319624946806184,2357,0,102,2255,0,3,2252,0,142,2118,0,3
2,150.0,911,164.7957278161969,5.684341886080802e-14,911,164.7957278161969,5.684341886080802e-14,1485,0,237,1248,0,1,1247,0,141,1106,0,0
3,200.0,441,205.23032539160798,2.842170943040401e-14,441,205.23032539160798,2.842170943040401e-14,1352,0,361,991,0,0,669,0,138,531,0,0
4,250.0,180,237.06912928523727,0.0,279,245.9650592288076,11.99526948887555,279,0,10,269,0,0,500,0,161,339,0,0
5,300.0,99,262.1394773080264,5.684341886080802e-14,155,291.56878294582117,12.474965093739021,155,0,19,136,0,0,218,0,81,137,0,0
6,350.0,178,297.32633030215004,19.08877533444165,23,336.12719292088843,6.504958630343241,23,0,2,21,0,0,30,0,3,27,0,0
Totals,7,5651,NA,NA,5651,NA,NA,5651,0,731,4920,0,4,4916,0,666,6170,0,15
