Age,Class,N_Initial_Age,AgeSize_Mean,AgeSize_Std,N_Initial_Class,ClassSize_Mean,ClassSize_Std,N_GrowthBack_Class,Capture_Back,PackingDeaths_Emigration_Class,N_AfterEmigration_Class,Deaths_AfterEmiMort_Age,Deaths_AfterEmiMort_Size,N_GrowthOut_Class,Capture_Out,PackingDeaths_Immigration_Class,N_Immigration_Class,Deaths_AfterImmiMort_Age,Deaths_AfterImmiMort_Size
0,50.0,1897,50.21633339197263,9.972261588605335,1883,50.019411497493,9.742687415242063,0,0,0,0,0,0,0,0,3,2113,0,2
1,100.0,1946,113.44465676002007,0.0,1960,113.18221155601623,3.0958855965974146,1897,0,234,1663,0,5,1658,0,134,1533,0,6
2,150.0,976,164.79572781619694,0.0,976,164.79572781619694,0.0,1946,0,425,1521,0,0,1521,0,276,1245,0,2
3,200.0,553,205.23032539160798,2.842170943040401e-14,553,205.23032539160798,2.842170943040401e-14,1529,0,418,1111,0,0,701,0,138,563,0,0
4,250.0,200,237.0691292852372,5.684341886080802e-14,307,245.80700302607906,11.946175042715662,307,0,16,291,0,0,599,0,193,406,0,0
5,300.0,107,262.1394773080264,5.684341886080802e-14,133,294.5855806938017,13.01199515214343,133,0,12,121,0,0,208,0,71,137,0,0
6,350.0,155,300.09943007311637,18.206305979193424,22,333.43315586624584,4.105035256322429,22,0,4,18,0,0,33,0,5,28,0,0
Totals,7,5834,NA,NA,5834,NA,NA,5834,0,1109,4725,0,5,4720,0,820,6025,0,10
