Age,Class,N_Initial_Age,AgeSize_Mean,AgeSize_Std,N_Initial_Class,ClassSize_Mean,ClassSize_Std,N_GrowthBack_Class,Capture_Back,PackingDeaths_Emigration_Class,N_AfterEmigration_Class,Deaths_AfterEmiMort_Age,Deaths_AfterEmiMort_Size,N_GrowthOut_Class,Capture_Out,PackingDeaths_Immigration_Class,N_Immigration_Class,Deaths_AfterImmiMort_Age,Deaths_AfterImmiMort_Size
0,50.0,2104,50.20514820272553,9.988502470294328,2092,50.03950540692993,9.77168163522289,0,0,0,0,0,0,0,0,0,2139,0,0
1,100.0,1503,113.44465676002008,1.4210854715202004e-14,1515,113.17247895547675,3.0564906379956254,2104,0,281,1823,0,0,1823,0,126,1707,0,0
2,150.0,996,164.79572781619694,0.0,996,164.79572781619694,0.0,1503,0,311,1192,0,0,1192,0,194,998,0,0
3,200.0,520,205.23032539160798,2.842170943040401e-14,520,205.23032539160798,2.842170943040401e-14,1516,0,513,1003,0,0,660,0,135,525,0,0
4,250.0,212,237.06912928523724,2.842170943040401e-14,318,245.4259119595003,11.818275395747333,318,0,37,281,0,0,531,0,217,314,0,0
5,300.0,106,262.1394773080264,5.684341886080802e-14,153,293.1619567792046,12.731961503391261,153,0,26,127,0,0,211,0,68,143,0,0
6,350.0,184,300.1636314999496,19.645637152415183,31,334.72028415394925,7.391456677021136,31,0,5,26,0,0,35,0,8,27,0,0
Totals,7,5625,NA,NA,5625,NA,NA,5625,0,1173,4452,0,0,4452,0,748,5853,0,0
