Age,Class,N_Initial_Age,AgeSize_Mean,AgeSize_Std,N_Initial_Class,ClassSize_Mean,ClassSize_Std,N_GrowthBack_Class,Capture_Back,PackingDeaths_Emigration_Class,N_AfterEmigration_Class,Deaths_AfterEmiMort_Age,Deaths_AfterEmiMort_Size,N_GrowthOut_Class,Capture_Out,PackingDeaths_Immigration_Class,N_Immigration_Class,Deaths_AfterImmiMort_Age,Deaths_AfterImmiMort_Size
0,50.0,2213,49.90659356462235,9.965615868034869,2195,49.68388775133998,9.695660386699034,0,0,0,0,0,0,0,0,148,1941,0,0
1,100.0,1549,113.4446567600201,2.842170943040401e-14,1567,113.02675894421766,3.881064435342769,2213,0,241,1972,0,0,1972,0,258,1726,0,0
2,150.0,977,164.79572781619694,0.0,977,164.79572781619694,0.0,1549,0,318,1231,0,0,1231,0,221,1010,0,0
3,200.0,459,205.23032539160798,2.842170943040401e-14,459,205.23032539160798,2.842170943040401e-14,1436,0,464,972,0,0,658,0,137,521,0,0
4,250.0,143,237.06912928523732,5.684341886080802e-14,265,248.61094988440811,12.495752738205335,265,0,28,237,0,0,444,0,133,311,0,0
5,300.0,122,262.1394773080264,5.684341886080802e-14,118,295.3970967763423,12.542079968602993,118,0,17,101,0,0,198,0,68,130,0,0
6,350.0,144,302.8349120409292,19.861190536023077,26,336.591150549439,8.959145144396727,26,0,3,23,0,0,33,0,6,27,0,0
Totals,7,5607,NA,NA,5607,NA,NA,5607,0,1071,4536,0,0,4536,0,971,5666,0,0
