Age,Class,N_Initial_Age,AgeSize_Mean,AgeSize_Std,N_Initial_Class,ClassSize_Mean,ClassSize_Std,N_GrowthBack_Class,Capture_Back,PackingDeaths_Emigration_Class,N_AfterEmigration_Class,Deaths_AfterEmiMort_Age,Deaths_AfterEmiMort_Size,N_GrowthOut_Class,Capture_Out,PackingDeaths_Immigration_Class,N_Immigration_Class,Deaths_AfterImmiMort_Age,Deaths_AfterImmiMort_Size
0,50.0,8103,49.850018185706816,9.977180076043464,8057,49.68845205980414,9.771500700670732,0,0,0,0,0,0,0,0,0,8040,0,0
1,100.0,8786,113.44465676002007,0.0,8832,113.26082352881303,2.546367502881223,8103,0,0,8103,0,0,8103,0,0,8155,0,0
2,150.0,2155,164.79572781619692,2.842170943040401e-14,2155,164.79572781619692,2.842170943040401e-14,8786,0,5781,3005,0,0,3005,0,0,3005,0,0
3,200.0,1144,205.23032539160798,2.842170943040401e-14,1144,205.23032539160798,2.842170943040401e-14,3299,0,0,3299,0,0,2155,0,0,2155,0,0
4,250.0,351,237.06912928523727,0.0,615,247.83103477794674,12.409113838489153,615,0,0,615,0,0,1495,0,4,1491,0,0
5,300.0,264,262.13947730802647,0.0,814,288.2276931891104,9.686309338823968,814,0,0,814,0,0,1071,0,78,993,0,0
6,350.0,1077,302.6930267320436,27.05838346320581,263,347.46405906644515,7.4669502802792564,263,0,0,263,0,0,270,0,0,270,0,0
Totals,7,21880,NA,NA,21880,NA,NA,21880,0,5781,16099,0,0,16099,0,82,24109,0,0
