Age,Class,N_Initial_Age,AgeSize_Mean,AgeSize_Std,N_Initial_Class,ClassSize_Mean,ClassSize_Std,N_GrowthBack_Class,Capture_Back,PackingDeaths_Emigration_Class,N_AfterEmigration_Class,Deaths_AfterEmiMort_Age,Deaths_AfterEmiMort_Size,N_GrowthOut_Class,Capture_Out,PackingDeaths_Immigration_Class,N_Immigration_Class,Deaths_AfterImmiMort_Age,Deaths_AfterImmiMort_Size
0,50.0,9528,50.064006575317855,10.060197356578538,9461,49.86106822636711,9.797144735093811,0,0,0,0,0,0,0,0,0,8741,0,0
1,100.0,4856,113.44465676002005,1.4210854715202004e-14,4923,112.97207828288174,4.043137397547381,9528,0,0,9528,0,0,9528,0,0,9573,0,0
2,150.0,3370,164.79572781619694,0.0,3370,164.79572781619694,0.0,4856,0,0,4856,0,0,4856,0,0,4856,0,0
3,200.0,643,205.23032539160798,2.842170943040401e-14,643,205.23032539160798,2.842170943040401e-14,4013,0,2310,1703,0,0,1439,0,0,1439,0,0
4,250.0,834,237.0691292852372,5.684341886080802e-14,1936,251.33954432713483,12.414488554185453,1936,0,0,1936,0,0,1098,0,0,1098,0,0
5,300.0,1102,262.13947730802647,0.0,466,288.8519249838708,11.805187973385896,466,0,0,466,0,0,1558,0,1127,431,0,0
6,350.0,698,308.1338806535345,29.121271834867095,232,346.86401574863504,4.971291920116433,232,0,0,232,0,0,242,0,0,242,0,0
Totals,7,21031,NA,NA,21031,NA,NA,21031,0,2310,18721,0,0,18721,0,1127,26380,0,0
