Age,Class,N_Initial_Age,AgeSize_Mean,AgeSize_Std,N_Initial_Class,ClassSize_Mean,ClassSize_Std,N_GrowthBack_Class,Capture_Back,PackingDeaths_Emigration_Class,N_AfterEmigration_Class,Deaths_AfterEmiMort_Age,Deaths_AfterEmiMort_Size,N_GrowthOut_Class,Capture_Out,PackingDeaths_Immigration_Class,N_Immigration_Class,Deaths_AfterImmiMort_Age,Deaths_AfterImmiMort_Size
0,50.0,8888,49.724582842246924,9.93440918083673,8833,49.544592291002964,9.69581507437187,0,0,0,0,0,0,0,0,0,9578,0,0
1,100.0,11572,113.44465676002007,0.0,11627,113.27997562762653,2.3987076577190765,8888,0,0,8888,0,0,8888,0,0,8961,0,0
2,150.0,5486,164.79572781619692,2.842170943040401e-14,5486,164.79572781619692,2.842170943040401e-14,11572,0,10316,1256,0,0,1256,0,0,1256,0,0
3,200.0,2482,205.230325391608,0.0,2482,205.230325391608,0.0,7968,0,7145,823,0,0,576,0,0,576,0,0
4,250.0,380,237.06912928523724,2.842170943040401e-14,859,251.04898574963306,12.45164567862148,859,0,0,859,0,0,627,0,0,627,0,0
5,300.0,479,262.13947730802647,0.0,157,288.72366511567327,11.277028892054215,157,0,0,157,0,0,633,0,0,633,0,0
6,350.0,474,329.92754997442006,30.012578184114027,317,350.33452133979307,5.1570452014037285,317,0,0,317,0,0,320,0,15,305,0,0
Totals,7,29761,NA,NA,29761,NA,NA,29761,0,17461,12300,0,0,12300,0,15,21936,0,0
