Age,Class,N_Initial_Age,AgeSize_Mean,AgeSize_Std,N_Initial_Class,ClassSize_Mean,ClassSize_Std,N_GrowthBack_Class,Capture_Back,PackingDeaths_Emigration_Class,N_AfterEmigration_Class,Deaths_AfterEmiMort_Age,Deaths_AfterEmiMort_Size,N_GrowthOut_Class,Capture_Out,PackingDeaths_Immigration_Class,N_Immigration_Class,Deaths_AfterImmiMort_Age,Deaths_AfterImmiMort_Size
0,50.0,8078,49.947911437370365,10.023389816115047,8017,49.73627068162727,9.759191771896608,0,0,0,0,0,0,0,0,0,8541,0,0
1,100.0,8201,113.44465676002007,0.0,8262,113.18121237296012,3.0640348310373247,8078,0,0,8078,0,0,8078,0,0,8123,0,0
2,150.0,2486,164.79572781619692,2.842170943040401e-14,2486,164.79572781619692,2.842170943040401e-14,8201,0,4933,3268,0,0,3268,0,0,3268,0,0
3,200.0,3188,205.230325391608,0.0,3188,205.230325391608,0.0,5674,0,2565,3109,0,0,1358,0,0,1358,0,0
4,250.0,168,237.06912928523724,2.842170943040401e-14,195,240.54040824223884,8.658891034011942,195,0,0,195,0,0,1919,0,0,1919,0,0
5,300.0,27,262.13947730802647,0.0,176,290.58369286695586,10.770383504552791,176,0,0,176,0,0,200,0,0,200,0,0
6,350.0,506,326.24340665281494,27.747282441078315,330,345.2619206719397,8.874982773554805,330,0,0,330,0,0,333,0,7,326,0,0
Totals,7,22654,NA,NA,22654,NA,NA,22654,0,7498,15156,0,0,15156,0,7,23735,0,0
