Age,Class,N_Initial_Age,AgeSize_Mean,AgeSize_Std,N_Initial_Class,ClassSize_Mean,ClassSize_Std,N_GrowthBack_Class,Capture_Back,PackingDeaths_Emigration_Class,N_AfterEmigration_Class,Deaths_AfterEmiMort_Age,Deaths_AfterEmiMort_Size,N_GrowthOut_Class,Capture_Out,PackingDeaths_Immigration_Class,N_Immigration_Class,Deaths_AfterImmiMort_Age,Deaths_AfterImmiMort_Size
0,50.0,15317,50.11854550254688,10.027185302787741,15224,49.94925742547373,9.817799746137009,0,0,0,0,0,0,0,0,0,9501,0,0
1,100.0,6806,113.44465676002007,0.0,6899,112.96457462324902,4.120216852941472,15317,0,6237,9080,0,0,9080,0,0,9133,0,0
2,150.0,4562,164.79572781619692,2.842170943040401e-14,4562,164.79572781619692,2.842170943040401e-14,6806,0,1315,5491,0,0,5491,0,0,5491,0,0
3,200.0,92,205.23032539160795,5.684341886080802e-14,92,205.23032539160795,5.684341886080802e-14,4654,0,3236,1418,0,0,1385,0,0,1385,0,0
4,250.0,85,237.06912928523735,8.526512829121202e-14,1605,260.81176417286315,5.614571061415746,1605,0,10,1595,0,0,118,0,0,118,0,0
5,300.0,1520,262.13947730802647,0.0,740,309.0325046027666,9.897062244169529,740,0,0,740,0,0,2061,0,2050,11,0,0
6,350.0,1069,319.5175299865182,18.244922699039826,329,343.1008697554426,7.604927749695311,329,0,0,329,0,0,518,0,287,231,0,0
Totals,7,29451,NA,NA,29451,NA,NA,29451,0,10798,18653,0,0,18653,0,2337,25870,0,0
