Age,Class,N_Initial_Age,AgeSize_Mean,AgeSize_Std,N_Initial_Class,ClassSize_Mean,ClassSize_Std,N_GrowthBack_Class,Capture_Back,PackingDeaths_Emigration_Class,N_AfterEmigration_Class,Deaths_AfterEmiMort_Age,Deaths_AfterEmiMort_Size,N_GrowthOut_Class,Capture_Out,PackingDeaths_Immigration_Class,N_Immigration_Class,Deaths_AfterImmiMort_Age,Deaths_AfterImmiMort_Size
0,50.0,9234,50.000377189227045,9.957411535769653,9186,49.85765664865912,9.783288396647158,0,0,0,0,0,0,0,0,0,8152,0,0
1,100.0,8516,113.44465676002007,0.0,8564,113.24214688919555,2.704712670514726,9234,0,0,9234,0,0,9234,0,0,9283,0,0
2,150.0,7198,164.79572781619694,0.0,7198,164.79572781619694,0.0,8516,0,5328,3188,0,0,3188,0,0,3188,0,0
3,200.0,1337,205.230325391608,0.0,1337,205.230325391608,0.0,8535,0,8340,195,0,0,168,0,0,168,0,0
4,250.0,847,237.0691292852372,5.684341886080802e-14,1467,247.66464106037648,12.384195488815074,1467,0,0,1467,0,0,874,0,0,874,0,0
5,300.0,620,262.1394773080264,5.684341886080802e-14,383,291.6496377697525,11.316955883282489,383,0,0,383,0,0,989,0,133,856,0,0
6,350.0,731,316.5297822105257,28.09146420567551,348,343.912240028963,9.251720647858338,348,0,0,348,0,0,362,0,22,340,0,0
Totals,7,28483,NA,NA,28483,NA,NA,28483,0,13668,14815,0,0,14815,0,155,22861,0,0
