Age,Class,N_Initial_Age,AgeSize_Mean,AgeSize_Std,N_Initial_Class,ClassSize_Mean,ClassSize_Std,N_GrowthBack_Class,Capture_Back,PackingDeaths_Emigration_Class,N_AfterEmigration_Class,Deaths_AfterEmiMort_Age,Deaths_AfterEmiMort_Size,N_GrowthOut_Class,Capture_Out,PackingDeaths_Immigration_Class,N_Immigration_Class,Deaths_AfterImmiMort_Age,Deaths_AfterImmiMort_Size
0,50.0,8786,50.042092086609486,9.99709425435812,8741,49.8985674997097,9.818723165071894,0,0,0,0,0,0,0,0,0,8057,0,0
1,100.0,9528,113.44465676002007,0.0,9573,113.27766971351298,2.4349408675881272,8786,0,0,8786,0,0,8786,0,0,8832,0,0
2,150.0,4856,164.79572781619692,2.842170943040401e-14,4856,164.79572781619692,2.842170943040401e-14,9528,0,7373,2155,0,0,2155,0,0,2155,0,0
3,200.0,1439,205.230325391608,0.0,1439,205.230325391608,0.0,6295,0,4800,1495,0,0,1144,0,0,1144,0,0
4,250.0,264,237.06912928523724,2.842170943040401e-14,1098,256.1116340675744,10.713787086436188,1098,0,0,1098,0,0,615,0,0,615,0,0
5,300.0,834,262.13947730802647,0.0,431,287.9263452589789,10.218473578340525,431,0,0,431,0,0,1244,0,430,814,0,0
6,350.0,673,309.41883903933046,30.025837184465853,242,347.69679283822103,5.774858697882318,242,0,0,242,0,0,263,0,0,263,0,0
Totals,7,26380,NA,NA,26380,NA,NA,26380,0,12173,14207,0,0,14207,0,430,21880,0,0
