Age,Class,N_Initial_Age,AgeSize_Mean,AgeSize_Std,N_Initial_Class,ClassSize_Mean,ClassSize_Std,N_GrowthBack_Class,Capture_Back,PackingDeaths_Emigration_Class,N_AfterEmigration_Class,Deaths_AfterEmiMort_Age,Deaths_AfterEmiMort_Size,N_GrowthOut_Class,Capture_Out,PackingDeaths_Immigration_Class,N_Immigration_Class,Deaths_AfterImmiMort_Age,Deaths_AfterImmiMort_Size
0,50.0,4562,49.96301809517684,10.046522584297907,4533,49.78274691328412,9.819588667305498,0,0,0,0,0,0,0,0,0,6757,0,0
1,100.0,7375,113.44465676002007,0.0,7404,113.30638038863154,2.210902337431132,4562,0,0,4562,0,0,4562,0,0,4611,0,0
2,150.0,2989,164.79572781619692,2.842170943040401e-14,2989,164.79572781619692,2.842170943040401e-14,7375,0,3152,4223,0,0,4223,0,0,4223,0,0
3,200.0,1650,205.23032539160798,2.842170943040401e-14,1650,205.23032539160798,2.842170943040401e-14,4639,0,83,4556,0,0,2936,0,0,2936,0,0
4,250.0,66,237.06912928523727,0.0,110,247.09726849435293,12.281912065965338,110,0,0,110,0,0,1686,0,62,1624,0,0
5,300.0,44,262.13947730802647,0.0,738,289.4342134882924,11.014525734041785,738,0,24,714,0,0,719,0,9,710,0,0
6,350.0,1075,305.42208420024406,25.743407814887597,337,340.43409780683237,7.920818437197038,337,0,7,330,0,0,369,0,15,354,0,0
Totals,7,17761,NA,NA,17761,NA,NA,17761,0,3266,14495,0,0,14495,0,86,21215,0,0
