Age,Class,N_Initial_Age,AgeSize_Mean,AgeSize_Std,N_Initial_Class,ClassSize_Mean,ClassSize_Std,N_GrowthBack_Class,Capture_Back,PackingDeaths_Emigration_Class,N_AfterEmigration_Class,Deaths_AfterEmiMort_Age,Deaths_AfterEmiMort_Size,N_GrowthOut_Class,Capture_Out,PackingDeaths_Immigration_Class,N_Immigration_Class,Deaths_AfterImmiMort_Age,Deaths_AfterImmiMort_Size
0,50.0,6030,49.8411114515813,9.882583315455603,5996,49.6777958056605,9.665574119157498,0,0,0,0,0,0,0,0,0,9962,0,0
1,100.0,7099,113.44465676002008,1.4210854715202004e-14,7133,113.27876864456432,2.4085064356559394,6030,0,0,6030,0,0,6030,0,0,6101,0,0
2,150.0,4333,164.79572781619694,0.0,4333,164.79572781619694,0.0,7099,0,2298,4801,0,0,4801,0,0,4801,0,0
3,200.0,2784,205.230325391608,0.0,2784,205.230325391608,0.0,7117,0,6982,135,0,0,86,0,0,86,0,0
4,250.0,1188,237.0691292852373,2.842170943040401e-14,1704,244.66085439072972,11.519240444173306,1704,0,0,1704,0,0,1237,0,0,1237,0,0
5,300.0,516,262.13947730802647,0.0,607,297.37160615277725,13.88285664341032,607,0,0,607,0,0,1021,0,0,1021,0,0
6,350.0,628,298.5538882660058,15.075771969923895,21,332.727471253135,4.190806300173848,21,0,0,21,0,0,123,0,0,123,0,0
Totals,7,22578,NA,NA,22578,NA,NA,22578,0,9280,13298,0,0,13298,0,0,23331,0,0
