Age,Class,N_Initial_Age,AgeSize_Mean,AgeSize_Std,N_Initial_Class,ClassSize_Mean,ClassSize_Std,N_GrowthBack_Class,Capture_Back,PackingDeaths_Emigration_Class,N_AfterEmigration_Class,Deaths_AfterEmiMort_Age,Deaths_AfterEmiMort_Size,N_GrowthOut_Class,Capture_Out,PackingDeaths_Immigration_Class,N_Immigration_Class,Deaths_AfterImmiMort_Age,Deaths_AfterImmiMort_Size
0,50.0,8999,50.13774010704735,9.929070200509125,8956,50.00029307683075,9.749122665618842,0,0,0,0,0,0,0,0,0,8659,0,0
1,100.0,8586,113.44465676002008,1.4210854715202004e-14,8629,113.2718416234506,2.454860229882072,8999,0,0,8999,0,0,8999,0,0,9050,0,0
2,150.0,3428,164.79572781619692,2.842170943040401e-14,3428,164.79572781619692,2.842170943040401e-14,8586,0,5641,2945,0,0,2945,0,0,2945,0,0
3,200.0,720,205.230325391608,0.0,720,205.230325391608,0.0,4148,0,2599,1549,0,0,1268,0,0,1268,0,0
4,250.0,281,237.0691292852373,2.842170943040401e-14,2032,258.67256402337887,8.654318857523057,2032,0,0,2032,0,0,562,0,0,562,0,0
5,300.0,1751,262.13947730802647,0.0,346,296.6670092569244,15.216502030908138,346,0,0,346,0,0,2045,0,2018,27,0,0
6,350.0,687,321.81229613534447,28.06938975436657,341,347.3262822348557,7.738020897780707,341,0,0,341,0,0,393,0,36,357,0,0
Totals,7,24452,NA,NA,24452,NA,NA,24452,0,8240,16212,0,0,16212,0,2054,22868,0,0
