Age,Class,N_Initial_Age,AgeSize_Mean,AgeSize_Std,N_Initial_Class,ClassSize_Mean,ClassSize_Std,N_GrowthBack_Class,Capture_Back,PackingDeaths_Emigration_Class,N_AfterEmigration_Class,Deaths_AfterEmiMort_Age,Deaths_AfterEmiMort_Size,N_GrowthOut_Class,Capture_Out,PackingDeaths_Immigration_Class,N_Immigration_Class,Deaths_AfterImmiMort_Age,Deaths_AfterImmiMort_Size
0,50.0,5486,49.84583541587226,9.870447960987875,5460,49.71145876779759,9.69849879619144,0,0,0,0,0,0,0,0,0,11501,0,0
1,100.0,8710,113.44465676002007,0.0,8736,113.33935995868535,1.9302860388064513,5486,0,0,5486,0,0,5486,0,0,5557,0,0
2,150.0,2409,164.79572781619694,0.0,2409,164.79572781619694,0.0,8710,0,6215,2495,0,0,2495,0,0,2495,0,0
3,200.0,2945,205.230325391608,0.0,2945,205.230325391608,0.0,5354,0,4493,861,0,0,382,0,0,382,0,0
4,250.0,1268,237.06912928523724,2.842170943040401e-14,1549,241.61707492397431,9.660992206753798,1549,0,0,1549,0,0,1747,0,0,1747,0,0
5,300.0,281,262.13947730802647,0.0,308,283.46442090516916,5.444218192669646,308,0,0,308,0,0,587,0,0,587,0,0
6,350.0,631,316.49446652813,32.90804443026309,323,347.99060910358486,7.416089699122467,323,0,7,316,0,0,318,0,3,315,0,0
Totals,7,21730,NA,NA,21730,NA,NA,21730,0,10715,11015,0,0,11015,0,3,22584,0,0
