Age,Class,N_Initial_Age,AgeSize_Mean,AgeSize_Std,N_Initial_Class,ClassSize_Mean,ClassSize_Std,N_GrowthBack_Class,Capture_Back,PackingDeaths_Emigration_Class,N_AfterEmigration_Class,Deaths_AfterEmiMort_Age,Deaths_AfterEmiMort_Size,N_GrowthOut_Class,Capture_Out,PackingDeaths_Immigration_Class,N_Immigration_Class,Deaths_AfterImmiMort_Age,Deaths_AfterImmiMort_Size
0,50.0,6148,49.98514033685556,9.989667544993434,6114,49.83028568624027,9.796489681319688,0,0,0,0,0,0,0,0,0,2969,0,0
1,100.0,7731,113.44465676002007,0.0,7765,113.2887208650393,2.358253264926819,6148,0,0,6148,0,0,6148,0,0,6168,0,0
2,150.0,1892,164.79572781619692,2.842170943040401e-14,1892,164.79572781619692,2.842170943040401e-14,7731,0,53,7678,0,0,7678,0,0,7678,0,0
3,200.0,533,205.23032539160798,2.842170943040401e-14,533,205.23032539160798,2.842170943040401e-14,2425,0,0,2425,0,0,1892,0,0,1892,0,0
4,250.0,237,237.06912928523724,2.842170943040401e-14,284,241.21809533126228,9.316764645385954,284,0,0,284,0,0,770,0,0,770,0,0
5,300.0,47,262.13947730802647,0.0,161,296.6647501183297,11.772462748503637,161,0,0,161,0,0,195,0,0,195,0,0
6,350.0,389,319.60191771180257,20.915072558690294,228,335.7987772843864,3.823810188127703,228,0,0,228,0,0,241,0,0,241,0,0
Totals,7,16977,NA,NA,16977,NA,NA,16977,0,53,16924,0,0,16924,0,0,19913,0,0
