Age,Class,N_Initial_Age,AgeSize_Mean,AgeSize_Std,N_Initial_Class,ClassSize_Mean,ClassSize_Std,N_GrowthBack_Class,Capture_Back,PackingDeaths_Emigration_Class,N_AfterEmigration_Class,Deaths_AfterEmiMort_Age,Deaths_AfterEmiMort_Size,N_GrowthOut_Class,Capture_Out,PackingDeaths_Immigration_Class,N_Immigration_Class,Deaths_AfterImmiMort_Age,Deaths_AfterImmiMort_Size
0,50.0,3534,49.88067779493837,10.043850679107432,3515,49.72778502299613,9.84968869412477,0,0,0,0,0,0,0,0,0,4301,0,0
1,100.0,7283,113.44465676002007,0.0,7302,113.35286033343016,1.8052343377951352,3534,0,0,3534,0,0,3534,0,0,3566,0,0
2,150.0,4990,164.79572781619694,0.0,4990,164.79572781619694,0.0,7283,0,3131,4152,0,0,4152,0,0,4152,0,0
3,200.0,807,205.23032539160798,2.842170943040401e-14,807,205.23032539160798,2.842170943040401e-14,5797,0,4126,1671,0,0,1449,0,0,1449,0,0
4,250.0,786,237.06912928523724,2.842170943040401e-14,1156,245.0933756247113,11.695388793650432,1156,0,0,1156,0,0,1008,0,0,1008,0,0
5,300.0,370,262.13947730802647,0.0,447,284.1806192358729,7.026561333698669,447,0,0,447,0,0,810,0,35,775,0,0
6,350.0,447,284.1806192358729,7.026561333698669,0,nan,nan,0,0,0,0,0,0,7,0,0,7,0,0
Totals,7,18217,NA,NA,18217,NA,NA,18217,0,7257,10960,0,0,10960,0,35,15258,0,0
