Age,Class,N_Initial_Age,AgeSize_Mean,AgeSize_Std,N_Initial_Class,ClassSize_Mean,ClassSize_Std,N_GrowthBack_Class,Capture_Back,PackingDeaths_Emigration_Class,N_AfterEmigration_Class,Deaths_AfterEmiMort_Age,Deaths_AfterEmiMort_Size,N_GrowthOut_Class,Capture_Out,PackingDeaths_Immigration_Class,N_Immigration_Class,Deaths_AfterImmiMort_Age,Deaths_AfterImmiMort_Size
0,50.0,4856,50.15108832687455,9.891861558159537,4826,49.97699510393953,9.669424805608148,0,0,0,0,0,0,0,0,0,9461,0,0
1,100.0,3370,113.44465676002007,0.0,3400,113.13329406616421,3.311534738235838,4856,0,0,4856,0,0,4856,0,0,4923,0,0
2,150.0,1509,164.79572781619692,2.842170943040401e-14,1509,164.79572781619692,2.842170943040401e-14,3370,0,0,3370,0,0,3370,0,0,3370,0,0
3,200.0,2489,205.230325391608,0.0,2489,205.230325391608,0.0,3998,0,2319,1679,0,0,643,0,0,643,0,0
4,250.0,1367,237.0691292852372,5.684341886080802e-14,1705,242.0390868404881,9.99490307444924,1705,0,0,1705,0,0,2403,0,467,1936,0,0
5,300.0,338,262.13947730802647,0.0,128,294.3731603414703,8.042809598932326,128,0,0,128,0,0,466,0,0,466,0,0
6,350.0,360,326.78505176978246,25.06571552992803,232,344.6674746267823,6.3134340376405005,232,0,0,232,0,0,232,0,0,232,0,0
Totals,7,14289,NA,NA,14289,NA,NA,14289,0,2319,11970,0,0,11970,0,467,21031,0,0
