Age,Class,N_Initial_Age,AgeSize_Mean,AgeSize_Std,N_Initial_Class,ClassSize_Mean,ClassSize_Std,N_GrowthBack_Class,Capture_Back,PackingDeaths_Emigration_Class,N_AfterEmigration_Class,Deaths_AfterEmiMort_Age,Deaths_AfterEmiMort_Size,N_GrowthOut_Class,Capture_Out,PackingDeaths_Immigration_Class,N_Immigration_Class,Deaths_AfterImmiMort_Age,Deaths_AfterImmiMort_Size
0,50.0,11572,49.91605831308281,10.098210603458671,11501,49.73901347217705,9.870956896904067,0,0,0,0,0,0,0,0,0,8833,0,0
1,100.0,5486,113.44465676002007,0.0,5557,112.99939172952243,3.9294883817032886,11572,0,0,11572,0,0,11572,0,0,11627,0,0
2,150.0,2495,164.79572781619694,0.0,2495,164.79572781619694,0.0,5486,0,0,5486,0,0,5486,0,0,5486,0,0
3,200.0,382,205.23032539160798,2.842170943040401e-14,382,205.23032539160798,2.842170943040401e-14,2877,0,15,2862,0,0,2482,0,0,2482,0,0
4,250.0,479,237.0691292852372,5.684341886080802e-14,1747,255.26558108426224,11.183940330099453,1747,0,0,1747,0,0,859,0,0,859,0,0
5,300.0,1268,262.13947730802647,0.0,587,290.5374570804574,8.702635461428356,587,0,0,587,0,0,1853,0,1696,157,0,0
6,350.0,902,311.04616438763935,29.089202764690683,315,349.26397768705453,6.123908113761668,315,0,0,315,0,0,317,0,0,317,0,0
Totals,7,22584,NA,NA,22584,NA,NA,22584,0,15,22569,0,0,22569,0,1696,29761,0,0
