Age,Class,N_Initial_Age,AgeSize_Mean,AgeSize_Std,N_Initial_Class,ClassSize_Mean,ClassSize_Std,N_GrowthBack_Class,Capture_Back,PackingDeaths_Emigration_Class,N_AfterEmigration_Class,Deaths_AfterEmiMort_Age,Deaths_AfterEmiMort_Size,N_GrowthOut_Class,Capture_Out,PackingDeaths_Immigration_Class,N_Immigration_Class,Deaths_AfterImmiMort_Age,Deaths_AfterImmiMort_Size
0,50.0,7899,49.9505802874552,9.962088382296722,7846,49.757675260295535,9.711003817996447,0,0,0,0,0,0,0,0,0,10805,0,0
1,100.0,9441,113.44465676002008,1.4210854715202004e-14,9494,113.24962271641871,2.6131766774214,7899,0,0,7899,0,0,7899,0,0,7968,0,0
2,150.0,4908,164.79572781619694,0.0,4908,164.79572781619694,0.0,9441,0,7170,2271,0,0,2271,0,0,2271,0,0
3,200.0,1518,205.23032539160798,2.842170943040401e-14,1518,205.23032539160798,2.842170943040401e-14,6426,0,5753,673,0,0,511,0,0,511,0,0
4,250.0,1145,237.06912928523727,0.0,1474,242.66488539073092,10.439112348432886,1474,0,17,1457,0,0,1295,0,0,1295,0,0
5,300.0,329,262.13947730802647,0.0,849,308.4552476955859,6.98197236394338,849,0,11,838,0,0,1089,0,453,636,0,0
6,350.0,1162,318.0894819122067,17.511181839900214,313,344.2219574710278,8.455458541567513,313,0,0,313,0,0,386,0,45,341,0,0
Totals,7,26402,NA,NA,26402,NA,NA,26402,0,12951,13451,0,0,13451,0,498,23827,0,0
