Age,Class,N_Initial_Age,AgeSize_Mean,AgeSize_Std,N_Initial_Class,ClassSize_Mean,ClassSize_Std,N_GrowthBack_Class,Capture_Back,PackingDeaths_Emigration_Class,N_AfterEmigration_Class,Deaths_AfterEmiMort_Age,Deaths_AfterEmiMort_Size,N_GrowthOut_Class,Capture_Out,PackingDeaths_Immigration_Class,N_Immigration_Class,Deaths_AfterImmiMort_Age,Deaths_AfterImmiMort_Size
0,50.0,2436,50.160638048176,10.10117937069273,2414,49.90395135778474,9.777230114422203,0,0,0,0,0,0,0,0,165,2213,0,1
1,100.0,1537,113.44465676002005,1.4210854715202004e-14,1559,112.94907835010598,4.1560509610280345,2436,0,400,2036,0,4,2032,0,432,1614,0,1
2,150.0,898,164.79572781619692,2.842170943040401e-14,898,164.79572781619692,2.842170943040401e-14,1537,0,564,973,0,0,973,0,220,753,0,0
3,200.0,450,205.230325391608,0.0,450,205.230325391608,0.0,1348,0,545,803,0,0,536,0,124,412,0,0
4,250.0,190,237.06912928523727,0.0,279,245.06648044662884,11.68497972946178,279,0,51,228,0,0,429,0,172,257,0,0
5,300.0,89,262.13947730802647,0.0,119,294.63398010484354,13.240070128043007,119,0,26,93,0,0,151,0,46,105,0,0
6,350.0,143,301.6753531270978,20.201129096868417,24,336.5888276957749,9.875600641438076,24,0,6,18,0,0,26,0,6,20,0,0
Totals,7,5743,NA,NA,5743,NA,NA,5743,0,1592,4151,0,4,4147,0,1165,5374,0,2
