Age,Class,N_Initial_Age,AgeSize_Mean,AgeSize_Std,N_Initial_Class,ClassSize_Mean,ClassSize_Std,N_GrowthBack_Class,Capture_Back,PackingDeaths_Emigration_Class,N_AfterEmigration_Class,Deaths_AfterEmiMort_Age,Deaths_AfterEmiMort_Size,N_GrowthOut_Class,Capture_Out,PackingDeaths_Immigration_Class,N_Immigration_Class,Deaths_AfterImmiMort_Age,Deaths_AfterImmiMort_Size
0,50.0,28909,49.92708715504712,9.998469748780163,28743,49.764098120753076,9.791477366781326,0,0,0,0,0,0,0,0,0,2618,0,18
1,100.0,2234,113.44465676002007,0.0,2400,111.00335561764003,8.987488994602,28909,0,18898,10011,0,416,9595,0,5475,4143,0,151
2,150.0,1411,164.79572781619692,2.842170943040401e-14,1411,164.79572781619692,2.842170943040401e-14,2234,0,798,1436,0,0,1436,0,323,1113,0,0
3,200.0,556,205.23032539160798,2.842170943040401e-14,556,205.23032539160798,2.842170943040401e-14,1967,0,797,1170,0,0,857,0,257,600,0,0
4,250.0,314,237.06912928523724,2.842170943040401e-14,396,242.2604639768249,10.158671740970874,396,0,69,327,0,0,571,0,193,378,0,0
5,300.0,82,262.1394773080264,5.684341886080802e-14,180,290.94767626587924,7.663380271128789,180,0,26,154,0,0,223,0,74,149,0,0
6,350.0,180,290.9476762658792,7.66338027112879,0,nan,nan,0,0,0,0,0,0,0,0,0,0,0,0
Totals,7,33686,NA,NA,33686,NA,NA,33686,0,20588,13098,0,416,12682,0,6322,9001,0,169
