Age,Class,N_Initial_Age,AgeSize_Mean,AgeSize_Std,N_Initial_Class,ClassSize_Mean,ClassSize_Std,N_GrowthBack_Class,Capture_Back,PackingDeaths_Emigration_Class,N_AfterEmigration_Class,Deaths_AfterEmiMort_Age,Deaths_AfterEmiMort_Size,N_GrowthOut_Class,Capture_Out,PackingDeaths_Immigration_Class,N_Immigration_Class,Deaths_AfterImmiMort_Age,Deaths_AfterImmiMort_Size
0,50.0,2198,49.98196822583069,9.959331654667785,2184,49.8103394835479,9.756619199347979,0,0,0,0,0,0,0,0,58,2173,0,25
1,100.0,1736,113.44465676002007,0.0,1750,113.15114792211547,3.2698711207277045,2198,0,162,2036,0,5,2031,0,279,1771,0,2
2,150.0,1041,164.79572781619694,0.0,1041,164.79572781619694,0.0,1736,0,511,1225,0,0,1225,0,237,988,0,0
3,200.0,585,205.23032539160798,2.842170943040401e-14,585,205.23032539160798,2.842170943040401e-14,1626,0,589,1037,0,0,653,0,167,486,0,0
4,250.0,143,237.06912928523732,5.684341886080802e-14,245,247.50658029880665,12.358403850026015,245,0,32,213,0,0,504,0,226,278,0,0
5,300.0,102,262.13947730802636,1.1368683772161603e-13,111,293.3770734285639,12.774141790125594,111,0,19,92,0,0,175,0,71,104,0,0
6,350.0,124,296.89060430878163,15.858048483013176,13,326.89075259371896,5.684341886080802e-14,13,0,4,9,0,0,19,0,3,16,0,0
Totals,7,5929,NA,NA,5929,NA,NA,5929,0,1317,4612,0,5,4607,0,1041,5816,0,27
