Age,Class,N_Initial_Age,AgeSize_Mean,AgeSize_Std,N_Initial_Class,ClassSize_Mean,ClassSize_Std,N_GrowthBack_Class,Capture_Back,PackingDeaths_Emigration_Class,N_AfterEmigration_Class,Deaths_AfterEmiMort_Age,Deaths_AfterEmiMort_Size,N_GrowthOut_Class,Capture_Out,PackingDeaths_Immigration_Class,N_Immigration_Class,Deaths_AfterImmiMort_Age,Deaths_AfterImmiMort_Size
0,50.0,2162,49.85182463870542,10.002009273989904,2145,49.62727859725366,9.71530678616698,0,0,0,0,0,0,0,0,93,1664,0,0
1,100.0,1573,113.44465676002008,1.4210854715202004e-14,1590,113.06765871778842,3.632654657824341,2162,0,405,1757,0,0,1757,0,239,1523,0,0
2,150.0,849,164.79572781619694,0.0,849,164.79572781619694,0.0,1573,0,411,1162,0,0,1162,0,150,1012,0,0
3,200.0,496,205.23032539160798,2.842170943040401e-14,496,205.23032539160798,2.842170943040401e-14,1345,0,504,841,0,0,525,0,104,421,0,0
4,250.0,183,237.06912928523727,0.0,304,247.04778754430797,12.271707896786918,304,0,32,272,0,0,481,0,170,311,0,0
5,300.0,121,262.13947730802647,0.0,130,293.2977817028537,12.827380436685727,130,0,27,103,0,0,202,0,81,121,0,0
6,350.0,151,298.88463759454066,18.44900484313226,21,333.46993597165005,6.27970428341257,21,0,4,17,0,0,25,0,4,21,0,0
Totals,7,5535,NA,NA,5535,NA,NA,5535,0,1383,4152,0,0,4152,0,841,5073,0,0
