Age,Class,N_Initial_Age,AgeSize_Mean,AgeSize_Std,N_Initial_Class,ClassSize_Mean,ClassSize_Std,N_GrowthBack_Class,Capture_Back,PackingDeaths_Emigration_Class,N_AfterEmigration_Class,Deaths_AfterEmiMort_Age,Deaths_AfterEmiMort_Size,N_GrowthOut_Class,Capture_Out,PackingDeaths_Immigration_Class,N_Immigration_Class,Deaths_AfterImmiMort_Age,Deaths_AfterImmiMort_Size
0,50.0,1360,49.48266416528758,9.987644375509623,1353,49.33699028617151,9.805335721400938,0,0,0,0,0,0,0,0,0,1811,0,2
1,100.0,1344,113.44465676002008,1.4210854715202004e-14,1351,113.25913700449149,2.570950547292466,1360,0,0,1360,0,1,1359,0,5,1364,0,2
2,150.0,835,164.79572781619692,2.842170943040401e-14,835,164.79572781619692,2.842170943040401e-14,1344,0,264,1080,0,2,1078,0,121,957,0,0
3,200.0,396,205.23032539160795,5.684341886080802e-14,396,205.23032539160795,5.684341886080802e-14,1231,0,312,919,0,0,612,0,87,525,0,0
4,250.0,176,237.06912928523724,2.842170943040401e-14,281,246.437052923646,12.128442297787618,281,0,25,256,0,0,466,0,123,343,0,0
5,300.0,105,262.13947730802647,0.0,98,294.327977042228,12.87557475145226,98,0,18,80,0,0,170,0,43,127,0,0
6,350.0,117,300.3815728640144,18.29935926470273,19,331.6053828921757,6.561428319525267,19,0,1,18,0,0,25,0,8,17,0,0
Totals,7,4333,NA,NA,4333,NA,NA,4333,0,620,3713,0,3,3710,0,387,5144,0,4
