Age,Class,N_Initial_Age,AgeSize_Mean,AgeSize_Std,N_Initial_Class,ClassSize_Mean,ClassSize_Std,N_GrowthBack_Class,Capture_Back,PackingDeaths_Emigration_Class,N_AfterEmigration_Class,Deaths_AfterEmiMort_Age,Deaths_AfterEmiMort_Size,N_GrowthOut_Class,Capture_Out,PackingDeaths_Immigration_Class,N_Immigration_Class,Deaths_AfterImmiMort_Age,Deaths_AfterImmiMort_Size
0,50.0,2355,50.08290162511966,9.870419458817038,2339,49.88579735189855,9.60620207807441,0,0,0,0,0,0,0,0,0,2189,0,5
1,100.0,1985,113.44465676002007,0.0,2001,113.16841428770911,3.094732914484968,2355,0,290,2065,0,6,2059,0,319,1754,0,4
2,150.0,1427,164.79572781619692,2.842170943040401e-14,1427,164.79572781619692,2.842170943040401e-14,1985,0,634,1351,0,0,1351,0,310,1041,0,0
3,200.0,436,205.23032539160798,2.842170943040401e-14,436,205.23032539160798,2.842170943040401e-14,1863,0,727,1136,0,0,908,0,323,585,0,0
4,250.0,186,237.06912928523724,2.842170943040401e-14,288,245.9482108766418,11.990144941260453,288,0,40,248,0,0,393,0,148,245,0,0
5,300.0,102,262.13947730802636,1.1368683772161603e-13,128,294.57816186909275,14.810876569874745,128,0,29,99,0,0,166,0,55,111,0,0
6,350.0,128,294.57816186909275,14.810876569874743,0,nan,nan,0,0,0,0,0,0,16,0,3,13,0,0
Totals,7,6619,NA,NA,6619,NA,NA,6619,0,1720,4899,0,6,4893,0,1158,5938,0,9
