Age,Class,N_Initial_Age,AgeSize_Mean,AgeSize_Std,N_Initial_Class,ClassSize_Mean,ClassSize_Std,N_GrowthBack_Class,Capture_Back,PackingDeaths_Emigration_Class,N_AfterEmigration_Class,Deaths_AfterEmiMort_Age,Deaths_AfterEmiMort_Size,N_GrowthOut_Class,Capture_Out,PackingDeaths_Immigration_Class,N_Immigration_Class,Deaths_AfterImmiMort_Age,Deaths_AfterImmiMort_Size
0,50.0,1579,49.91032477909364,10.230870013325235,1567,49.696883634809424,9.97153358545472,0,0,0,0,0,0,0,0,197,2093,0,0
1,100.0,1367,113.4446567600201,2.842170943040401e-14,1379,113.13432339477153,3.3201618567308193,1579,0,193,1386,0,0,1386,0,158,1240,0,0
2,150.0,980,164.79572781619694,0.0,980,164.79572781619694,0.0,1367,0,312,1055,0,0,1055,0,180,875,0,0
3,200.0,534,205.23032539160798,2.842170943040401e-14,534,205.23032539160798,2.842170943040401e-14,1514,0,757,757,0,0,476,0,120,356,0,0
4,250.0,204,237.06912928523724,2.842170943040401e-14,300,245.0916406525298,11.694719464633106,300,0,49,251,0,0,453,0,173,280,0,0
5,300.0,96,262.13947730802647,0.0,144,295.2357387482809,12.88179463602956,144,0,34,110,0,0,179,0,60,119,0,0
6,350.0,166,300.47159840750237,18.156169215257414,22,334.74267981331525,6.872413772445061,22,0,7,15,0,0,25,0,8,17,0,0
Totals,7,4926,NA,NA,4926,NA,NA,4926,0,1352,3574,0,0,3574,0,896,4980,0,0
