Age,Class,N_Initial_Age,AgeSize_Mean,AgeSize_Std,N_Initial_Class,ClassSize_Mean,ClassSize_Std,N_GrowthBack_Class,Capture_Back,PackingDeaths_Emigration_Class,N_AfterEmigration_Class,Deaths_AfterEmiMort_Age,Deaths_AfterEmiMort_Size,N_GrowthOut_Class,Capture_Out,PackingDeaths_Immigration_Class,N_Immigration_Class,Deaths_AfterImmiMort_Age,Deaths_AfterImmiMort_Size
0,50.0,2048,50.04967780420675,10.010421893269006,2041,49.95013633479157,9.881396225010116,0,0,0,0,0,0,0,0,20,1620,0,0
1,100.0,1387,113.4446567600201,2.842170943040401e-14,1394,113.27205940448613,2.4329368611525997,2048,0,273,1775,0,0,1775,0,177,1608,0,0
2,150.0,977,164.79572781619694,0.0,977,164.79572781619694,0.0,1387,0,404,983,0,0,983,0,152,831,0,0
3,200.0,457,205.23032539160798,2.842170943040401e-14,457,205.23032539160798,2.842170943040401e-14,1434,0,617,817,0,0,556,0,105,451,0,0
4,250.0,171,237.06912928523724,2.842170943040401e-14,262,245.77676924735104,11.936522550455757,262,0,25,237,0,0,418,0,168,250,0,0
5,300.0,91,262.1394773080264,5.684341886080802e-14,117,293.965185630276,12.555346738874535,117,0,6,111,0,0,184,0,68,116,0,0
6,350.0,139,300.5708077566858,19.408917854732977,22,335.70070724713776,8.69437191246508,22,0,6,16,0,0,23,0,5,18,0,0
Totals,7,5270,NA,NA,5270,NA,NA,5270,0,1331,3939,0,0,3939,0,695,4894,0,0
