Age,Class,N_Initial_Age,AgeSize_Mean,AgeSize_Std,N_Initial_Class,ClassSize_Mean,ClassSize_Std,N_GrowthBack_Class,Capture_Back,PackingDeaths_Emigration_Class,N_AfterEmigration_Class,Deaths_AfterEmiMort_Age,Deaths_AfterEmiMort_Size,N_GrowthOut_Class,Capture_Out,PackingDeaths_Immigration_Class,N_Immigration_Class,Deaths_AfterImmiMort_Age,Deaths_AfterImmiMort_Size
0,50.0,1886,50.26328448297289,10.012603582962226,1876,50.11569401132047,9.831675857923493,0,0,0,0,0,0,0,0,2,1759,0,0
1,100.0,1714,113.44465676002007,0.0,1724,113.23877857095364,2.6986842547681764,1886,0,175,1711,0,0,1711,0,172,1550,0,0
2,150.0,911,164.7957278161969,5.684341886080802e-14,911,164.7957278161969,5.684341886080802e-14,1714,0,517,1197,0,0,1197,0,185,1012,0,0
3,200.0,480,205.23032539160798,2.842170943040401e-14,480,205.23032539160798,2.842170943040401e-14,1391,0,523,868,0,0,580,0,124,456,0,0
4,250.0,146,237.0691292852373,2.842170943040401e-14,248,247.38032081073922,12.336307770090112,248,0,9,239,0,0,428,0,176,252,0,0
5,300.0,102,262.13947730802636,1.1368683772161603e-13,112,294.7396135827983,13.022497065244988,112,0,13,99,0,0,188,0,60,128,0,0
6,350.0,134,300.8999431140849,18.440526865930412,22,332.26162072790754,5.5798746079353645,22,0,4,18,0,0,28,0,3,25,0,0
Totals,7,5373,NA,NA,5373,NA,NA,5373,0,1241,4132,0,0,4132,0,722,5182,0,0
