Age,Class,N_Initial_Age,AgeSize_Mean,AgeSize_Std,N_Initial_Class,ClassSize_Mean,ClassSize_Std,N_GrowthBack_Class,Capture_Back,PackingDeaths_Emigration_Class,N_AfterEmigration_Class,Deaths_AfterEmiMort_Age,Deaths_AfterEmiMort_Size,N_GrowthOut_Class,Capture_Out,PackingDeaths_Immigration_Class,N_Immigration_Class,Deaths_AfterImmiMort_Age,Deaths_AfterImmiMort_Size
0,50.0,2174,49.80303039014215,10.239536299257903,2164,49.67018209739126,10.073068588465262,0,0,0,0,0,0,0,0,15,1994,0,2
1,100.0,1869,113.44465676002008,1.4210854715202004e-14,1879,113.25895555821813,2.5453346840880675,2174,0,217,1957,0,9,1948,0,155,1807,0,4
2,150.0,847,164.79572781619692,2.842170943040401e-14,847,164.79572781619692,2.842170943040401e-14,1869,0,617,1252,0,0,1252,0,189,1063,0,0
3,200.0,395,205.23032539160798,2.842170943040401e-14,395,205.23032539160798,2.842170943040401e-14,1242,0,358,884,0,0,609,0,129,480,0,0
4,250.0,181,237.0691292852373,2.842170943040401e-14,273,245.51774473614057,11.850342890719157,273,0,26,247,0,0,439,0,149,290,0,0
5,300.0,92,262.1394773080264,5.684341886080802e-14,119,293.223621956396,12.688874564601777,119,0,19,100,0,0,174,0,56,118,0,0
6,350.0,139,299.4768018899147,19.434878324262414,20,336.683222494351,7.081293473012482,20,0,0,20,0,0,29,0,0,29,0,0
Totals,7,5697,NA,NA,5697,NA,NA,5697,0,1237,4460,0,9,4451,0,693,5781,0,6
