Age,Class,N_Initial_Age,AgeSize_Mean,AgeSize_Std,N_Initial_Class,ClassSize_Mean,ClassSize_Std,N_GrowthBack_Class,Capture_Back,PackingDeaths_Emigration_Class,N_AfterEmigration_Class,Deaths_AfterEmiMort_Age,Deaths_AfterEmiMort_Size,N_GrowthOut_Class,Capture_Out,PackingDeaths_Immigration_Class,N_Immigration_Class,Deaths_AfterImmiMort_Age,Deaths_AfterImmiMort_Size
0,50.0,1993,49.90660243896122,9.963165961734775,1980,49.71966806460231,9.720530978596123,0,0,0,0,0,0,0,0,47,2136,0,0
1,100.0,1625,113.44465676002008,1.4210854715202004e-14,1638,113.16635111597665,3.125203541188525,1993,0,280,1713,0,0,1713,0,151,1581,0,0
2,150.0,910,164.79572781619692,2.842170943040401e-14,910,164.79572781619692,2.842170943040401e-14,1625,0,532,1093,0,0,1093,0,205,888,0,0
3,200.0,459,205.23032539160798,2.842170943040401e-14,459,205.23032539160798,2.842170943040401e-14,1369,0,562,807,0,0,540,0,101,439,0,0
4,250.0,183,237.06912928523727,0.0,286,246.0979609158222,12.034789179893455,286,0,37,249,0,0,427,0,140,287,0,0
5,300.0,103,262.13947730802636,1.1368683772161603e-13,135,292.32571910537456,12.35773021088924,135,0,18,117,0,0,195,0,65,130,0,0
6,350.0,157,298.3221617947864,18.991609404738735,22,335.11851466163176,7.88847573327269,22,0,2,20,0,0,31,0,6,25,0,0
Totals,7,5430,NA,NA,5430,NA,NA,5430,0,1431,3999,0,0,3999,0,715,5486,0,0
