Age,Class,N_Initial_Age,AgeSize_Mean,AgeSize_Std,N_Initial_Class,ClassSize_Mean,ClassSize_Std,N_GrowthBack_Class,Capture_Back,PackingDeaths_Emigration_Class,N_AfterEmigration_Class,Deaths_AfterEmiMort_Age,Deaths_AfterEmiMort_Size,N_GrowthOut_Class,Capture_Out,PackingDeaths_Immigration_Class,N_Immigration_Class,Deaths_AfterImmiMort_Age,Deaths_AfterImmiMort_Size
0,50.0,1770,49.68275391350125,10.146254905345465,1759,49.50561433953519,9.924108259292268,0,0,0,0,0,0,0,0,80,1859,0,0
1,100.0,1539,113.44465676002007,0.0,1550,113.19317777891982,2.9847176415010543,1770,0,238,1532,0,0,1532,0,163,1382,0,0
2,150.0,1012,164.79572781619694,0.0,1012,164.79572781619694,0.0,1539,0,558,981,0,0,981,0,192,789,0,0
3,200.0,456,205.230325391608,0.0,456,205.230325391608,0.0,1468,0,597,871,0,0,599,0,169,430,0,0
4,250.0,178,237.06912928523724,2.842170943040401e-14,252,244.43105687923088,11.417885487286641,252,0,43,209,0,0,421,0,137,284,0,0
5,300.0,74,262.1394773080264,5.684341886080802e-14,128,292.4293752074964,12.96975585703139,128,0,35,93,0,0,145,0,37,108,0,0
6,350.0,153,299.20760276376996,19.560827880770436,25,333.9121278518907,6.385391914900997,25,0,4,21,0,0,29,0,8,21,0,0
Totals,7,5182,NA,NA,5182,NA,NA,5182,0,1475,3707,0,0,3707,0,786,4873,0,0
