Age,Class,N_Initial_Age,AgeSize_Mean,AgeSize_Std,N_Initial_Class,ClassSize_Mean,ClassSize_Std,N_GrowthBack_Class,Capture_Back,PackingDeaths_Emigration_Class,N_AfterEmigration_Class,Deaths_AfterEmiMort_Age,Deaths_AfterEmiMort_Size,N_GrowthOut_Class,Capture_Out,PackingDeaths_Immigration_Class,N_Immigration_Class,Deaths_AfterImmiMort_Age,Deaths_AfterImmiMort_Size
0,50.0,1819,50.31962897982549,9.793723555348427,1804,50.080719262003925,9.471106088223078,0,0,0,0,0,0,0,0,98,1821,0,0
1,100.0,1545,113.44465676002008,1.4210854715202004e-14,1560,113.1139629871016,3.3718276378615233,1819,0,174,1645,0,0,1645,0,178,1482,0,0
2,150.0,962,164.79572781619692,2.842170943040401e-14,962,164.79572781619692,2.842170943040401e-14,1545,0,428,1117,0,0,1117,0,195,922,0,0
3,200.0,459,205.23032539160798,2.842170943040401e-14,459,205.23032539160798,2.842170943040401e-14,1421,0,597,824,0,0,558,0,125,433,0,0
4,250.0,201,237.06912928523724,2.842170943040401e-14,307,245.7253406546694,11.9199092411898,307,0,55,252,0,0,432,0,137,295,0,0
5,300.0,106,262.1394773080264,5.684341886080802e-14,112,294.39294773842187,13.010807514905517,112,0,36,76,0,0,157,0,53,104,0,0
6,350.0,128,299.45201907626176,18.220141174128774,16,334.86551844114035,6.127414873850977,16,0,1,15,0,0,20,0,3,17,0,0
Totals,7,5220,NA,NA,5220,NA,NA,5220,0,1291,3929,0,0,3929,0,789,5074,0,0
