Age,Class,N_Initial_Age,AgeSize_Mean,AgeSize_Std,N_Initial_Class,ClassSize_Mean,ClassSize_Std,N_GrowthBack_Class,Capture_Back,PackingDeaths_Emigration_Class,N_AfterEmigration_Class,Deaths_AfterEmiMort_Age,Deaths_AfterEmiMort_Size,N_GrowthOut_Class,Capture_Out,PackingDeaths_Immigration_Class,N_Immigration_Class,Deaths_AfterImmiMort_Age,Deaths_AfterImmiMort_Size
0,50.0,1914,49.86090585672212,9.921005754628622,1909,49.775955483660326,9.788106793000946,0,0,0,0,0,0,0,0,0,1980,0,0
1,100.0,1358,113.44465676002008,1.4210854715202004e-14,1363,113.33038787348926,1.9253342349501108,1914,0,146,1768,0,0,1768,0,143,1638,0,0
2,150.0,892,164.79572781619692,2.842170943040401e-14,892,164.79572781619692,2.842170943040401e-14,1358,0,320,1038,0,0,1038,0,128,910,0,0
3,200.0,449,205.230325391608,0.0,449,205.230325391608,0.0,1341,0,526,815,0,0,544,0,85,459,0,0
4,250.0,158,237.06912928523732,5.684341886080802e-14,267,247.30384065034593,12.322274916142145,267,0,16,251,0,0,419,0,133,286,0,0
5,300.0,109,262.1394773080264,5.684341886080802e-14,135,292.34407109054695,13.542643644410921,135,0,30,105,0,0,198,0,63,135,0,0
6,350.0,157,298.27630781906083,19.51034863020184,22,334.6786695622142,7.069312059254902,22,0,2,20,0,0,30,0,8,22,0,0
Totals,7,5037,NA,NA,5037,NA,NA,5037,0,1040,3997,0,0,3997,0,560,5430,0,0
