Age,Class,N_Initial_Age,AgeSize_Mean,AgeSize_Std,N_Initial_Class,ClassSize_Mean,ClassSize_Std,N_GrowthBack_Class,Capture_Back,PackingDeaths_Emigration_Class,N_AfterEmigration_Class,Deaths_AfterEmiMort_Age,Deaths_AfterEmiMort_Size,N_GrowthOut_Class,Capture_Out,PackingDeaths_Immigration_Class,N_Immigration_Class,Deaths_AfterImmiMort_Age,Deaths_AfterImmiMort_Size
0,50.0,1562,50.02548576782853,10.06345468664681,1550,49.80665283713259,9.786559192950321,0,0,0,0,0,0,0,0,0,1567,0,0
1,100.0,1278,113.4446567600201,2.842170943040401e-14,1290,113.11764977604521,3.383035718229245,1562,0,162,1400,0,0,1400,0,33,1379,0,0
2,150.0,873,164.79572781619694,0.0,873,164.79572781619694,0.0,1278,0,189,1089,0,0,1089,0,109,980,0,0
3,200.0,380,205.230325391608,0.0,380,205.230325391608,0.0,1253,0,324,929,0,0,648,0,114,534,0,0
4,250.0,155,237.06912928523727,0.0,235,245.60371584618673,11.879641726385689,235,0,17,218,0,0,423,0,123,300,0,0
5,300.0,80,262.13947730802647,0.0,122,292.36180162482924,12.57211651501997,122,0,13,109,0,0,178,0,34,144,0,0
6,350.0,139,297.28949234193084,17.871646263071298,17,332.65291984113037,7.238676225291597,17,0,1,16,0,0,23,0,1,22,0,0
Totals,7,4467,NA,NA,4467,NA,NA,4467,0,706,3761,0,0,3761,0,414,4926,0,0
