Age,Class,N_Initial_Age,AgeSize_Mean,AgeSize_Std,N_Initial_Class,ClassSize_Mean,ClassSize_Std,N_GrowthBack_Class,Capture_Back,PackingDeaths_Emigration_Class,N_AfterEmigration_Class,Deaths_AfterEmiMort_Age,Deaths_AfterEmiMort_Size,N_GrowthOut_Class,Capture_Out,PackingDeaths_Immigration_Class,N_Immigration_Class,Deaths_AfterImmiMort_Age,Deaths_AfterImmiMort_Size
0,50.0,1954,49.97674376633781,10.069297692073425,1940,49.76035688762851,9.772739894696317,0,0,0,0,0,0,0,0,38,2419,0,5
1,100.0,1782,113.44465676002008,1.4210854715202004e-14,1796,113.18365440076867,2.959437486191685,1954,0,216,1738,0,0,1738,0,201,1559,0,0
2,150.0,1014,164.79572781619694,0.0,1014,164.79572781619694,0.0,1782,0,683,1099,0,0,1099,0,201,898,0,0
3,200.0,536,205.23032539160795,5.684341886080802e-14,536,205.23032539160795,5.684341886080802e-14,1550,0,665,885,0,0,553,0,103,450,0,0
4,250.0,241,237.0691292852372,5.684341886080802e-14,344,244.57565790833982,11.482304344283513,344,0,78,266,0,0,513,0,234,279,0,0
5,300.0,103,262.13947730802636,1.1368683772161603e-13,124,294.6687739853184,12.863056302252978,124,0,12,112,0,0,187,0,68,119,0,0
6,350.0,145,301.13214587930736,20.033748060192078,21,339.29681801524197,9.540831785611728,21,0,2,19,0,0,29,0,5,24,0,0
Totals,7,5775,NA,NA,5775,NA,NA,5775,0,1656,4119,0,0,4119,0,850,5748,0,5
