Age,Class,N_Initial_Age,AgeSize_Mean,AgeSize_Std,N_Initial_Class,ClassSize_Mean,ClassSize_Std,N_GrowthBack_Class,Capture_Back,PackingDeaths_Emigration_Class,N_AfterEmigration_Class,Deaths_AfterEmiMort_Age,Deaths_AfterEmiMort_Size,N_GrowthOut_Class,Capture_Out,PackingDeaths_Immigration_Class,N_Immigration_Class,Deaths_AfterImmiMort_Age,Deaths_AfterImmiMort_Size
0,50.0,2105,49.736206446073126,9.974642930028423,2093,49.57696689215645,9.777338557997467,0,0,0,0,0,0,0,0,19,1876,0,0
1,100.0,1228,113.44465676002005,1.4210854715202004e-14,1240,113.09690432661704,3.522538057447122,2105,0,157,1948,0,0,1948,0,234,1724,0,0
2,150.0,875,164.79572781619692,2.842170943040401e-14,875,164.79572781619692,2.842170943040401e-14,1228,0,218,1010,0,0,1010,0,99,911,0,0
3,200.0,356,205.23032539160798,2.842170943040401e-14,356,205.23032539160798,2.842170943040401e-14,1231,0,425,806,0,0,567,0,87,480,0,0
4,250.0,185,237.06912928523727,0.0,280,245.57514022154075,11.86998030370164,280,0,31,249,0,0,403,0,155,248,0,0
5,300.0,95,262.13947730802636,1.1368683772161603e-13,119,295.2073777011244,13.737999514203686,119,0,24,95,0,0,169,0,57,112,0,0
6,350.0,136,299.96309274176946,18.135326465421628,17,333.2530980262845,6.591652510243061,17,0,1,16,0,0,27,0,5,22,0,0
Totals,7,4980,NA,NA,4980,NA,NA,4980,0,856,4124,0,0,4124,0,656,5373,0,0
