Age,Class,N_Initial_Age,AgeSize_Mean,AgeSize_Std,N_Initial_Class,ClassSize_Mean,ClassSize_Std,N_GrowthBack_Class,Capture_Back,PackingDeaths_Emigration_Class,N_AfterEmigration_Class,Deaths_AfterEmiMort_Age,Deaths_AfterEmiMort_Size,N_GrowthOut_Class,Capture_Out,PackingDeaths_Immigration_Class,N_Immigration_Class,Deaths_AfterImmiMort_Age,Deaths_AfterImmiMort_Size
0,50.0,1751,50.108457626790354,9.75832279252408,1746,50.03158121531699,9.665407342754953,0,0,0,0,0,0,0,0,176,2207,0,2
1,100.0,1785,113.44465676002007,0.0,1790,113.34272671463815,1.927881432689871,1751,0,146,1605,0,0,1605,0,170,1443,0,0
2,150.0,938,164.79572781619692,2.842170943040401e-14,938,164.79572781619692,2.842170943040401e-14,1785,0,544,1241,0,0,1241,0,166,1075,0,0
3,200.0,472,205.23032539160798,2.842170943040401e-14,472,205.23032539160798,2.842170943040401e-14,1410,0,551,859,0,0,557,0,84,473,0,0
4,250.0,181,237.0691292852373,2.842170943040401e-14,284,246.16154423716432,12.053132271505067,284,0,26,258,0,0,469,0,197,272,0,0
5,300.0,103,262.13947730802636,1.1368683772161603e-13,115,294.25007067252375,13.538432445180808,115,0,22,93,0,0,172,0,45,127,0,0
6,350.0,137,301.37819805263007,20.78168924017064,22,338.6388639031862,8.79587925838529,22,0,1,21,0,0,33,0,9,24,0,0
Totals,7,5367,NA,NA,5367,NA,NA,5367,0,1290,4077,0,0,4077,0,847,5621,0,2
