Age,Class,N_Initial_Age,AgeSize_Mean,AgeSize_Std,N_Initial_Class,ClassSize_Mean,ClassSize_Std,N_GrowthBack_Class,Capture_Back,PackingDeaths_Emigration_Class,N_AfterEmigration_Class,Deaths_AfterEmiMort_Age,Deaths_AfterEmiMort_Size,N_GrowthOut_Class,Capture_Out,PackingDeaths_Immigration_Class,N_Immigration_Class,Deaths_AfterImmiMort_Age,Deaths_AfterImmiMort_Size
0,50.0,2167,49.91938794370877,10.351703996552486,2148,49.662501102665914,10.022986122200374,0,0,0,0,0,0,0,0,99,2187,0,9
1,100.0,1750,113.44465676002007,0.0,1769,113.07428526598397,3.5747700203884922,2167,0,236,1931,0,21,1910,0,265,1662,0,12
2,150.0,988,164.79572781619694,0.0,988,164.79572781619694,0.0,1750,0,526,1224,0,1,1223,0,229,994,0,0
3,200.0,486,205.23032539160795,5.684341886080802e-14,486,205.23032539160795,5.684341886080802e-14,1474,0,549,925,0,0,608,0,157,451,0,0
4,250.0,210,237.0691292852372,5.684341886080802e-14,278,243.20144462894118,10.776548073363745,278,0,31,247,0,0,500,0,189,311,0,0
5,300.0,68,262.13947730802636,1.1368683772161603e-13,104,291.45235278184657,12.518597231690688,104,0,11,93,0,0,152,0,52,100,0,0
6,350.0,120,296.5758466011815,17.539566622004298,16,329.8785564268587,2.9878038331397363,16,0,2,14,0,0,19,0,4,15,0,0
Totals,7,5789,NA,NA,5789,NA,NA,5789,0,1355,4434,0,22,4412,0,995,5720,0,21
