Age,Class,N_Initial_Age,AgeSize_Mean,AgeSize_Std,N_Initial_Class,ClassSize_Mean,ClassSize_Std,N_GrowthBack_Class,Capture_Back,PackingDeaths_Emigration_Class,N_AfterEmigration_Class,Deaths_AfterEmiMort_Age,Deaths_AfterEmiMort_Size,N_GrowthOut_Class,Capture_Out,PackingDeaths_Immigration_Class,N_Immigration_Class,Deaths_AfterImmiMort_Age,Deaths_AfterImmiMort_Size
0,50.0,1064,49.961608423755536,10.22353535276976,1059,49.82478310646068,10.050294394498648,0,0,0,0,0,0,0,0,0,1275,0,0
1,100.0,845,113.44465676002007,0.0,850,113.24169531217763,2.643659777333381,1064,0,23,1041,0,0,1007,0,59,957,0,0
2,150.0,542,164.79572781619694,0.0,542,164.79572781619694,0.0,845,0,135,710,0,0,659,0,62,597,0,0
3,200.0,302,205.23032539160798,2.842170943040401e-14,302,205.23032539160798,2.842170943040401e-14,844,0,255,589,0,0,357,0,54,303,0,0
4,250.0,128,237.06912928523718,8.526512829121202e-14,186,244.886764690193,11.61358760214525,186,0,29,157,0,0,295,0,105,190,0,0
5,300.0,58,262.13947730802647,0.0,83,293.0970671731132,12.525483616364466,83,0,17,66,0,0,101,0,22,79,0,0
6,350.0,96,298.83331323794124,18.780111308851243,13,335.4570381133822,7.172953312972538,13,0,1,12,0,0,17,0,2,15,0,0
Totals,7,3035,NA,NA,3035,NA,NA,3035,0,460,2575,0,0,2436,0,304,3416,0,0
