Age,Class,N_Initial_Age,AgeSize_Mean,AgeSize_Std,N_Initial_Class,ClassSize_Mean,ClassSize_Std,N_GrowthBack_Class,Capture_Back,PackingDeaths_Emigration_Class,N_AfterEmigration_Class,Deaths_AfterEmiMort_Age,Deaths_AfterEmiMort_Size,N_GrowthOut_Class,Capture_Out,PackingDeaths_Immigration_Class,N_Immigration_Class,Deaths_AfterImmiMort_Age,Deaths_AfterImmiMort_Size
0,50.0,940,49.14717468728297,9.696269978484219,935,48.98777277914464,9.47083525422891,0,0,0,0,0,0,0,0,14,1229,0,0
1,100.0,860,113.44465676002008,1.4210854715202004e-14,865,113.24529649845435,2.6242442668407358,940,0,43,897,0,0,868,0,44,835,0,0
2,150.0,577,164.79572781619694,0.0,577,164.79572781619694,0.0,860,0,146,714,0,0,655,0,89,566,0,0
3,200.0,365,205.23032539160795,5.684341886080802e-14,365,205.23032539160795,5.684341886080802e-14,942,0,337,605,0,0,343,0,67,276,0,0
4,250.0,164,237.0691292852373,2.842170943040401e-14,243,245.21957164655552,11.743283861542382,243,0,40,203,0,0,347,0,111,236,0,0
5,300.0,79,262.1394773080263,1.7053025658242404e-13,77,293.6980693470124,13.560707242616576,77,0,14,63,0,0,112,0,31,81,0,0
6,350.0,86,298.31315465191153,18.79074520878298,9,337.7977733716044,7.708847375459118,9,0,3,6,0,0,13,0,1,12,0,0
Totals,7,3071,NA,NA,3071,NA,NA,3071,0,583,2488,0,0,2338,0,357,3235,0,0
