Age,Class,N_Initial_Age,AgeSize_Mean,AgeSize_Std,N_Initial_Class,ClassSize_Mean,ClassSize_Std,N_GrowthBack_Class,Capture_Back,PackingDeaths_Emigration_Class,N_AfterEmigration_Class,Deaths_AfterEmiMort_Age,Deaths_AfterEmiMort_Size,N_GrowthOut_Class,Capture_Out,PackingDeaths_Immigration_Class,N_Immigration_Class,Deaths_AfterImmiMort_Age,Deaths_AfterImmiMort_Size
0,50.0,1236,50.056433749090175,9.966132711701556,1228,49.862631027086195,9.701161000676215,0,0,0,0,0,0,0,0,151,919,0,0
1,100.0,764,113.44465676002007,0.0,772,113.09606085138464,3.4195307059395477,1236,0,53,1183,0,0,1145,0,98,1050,0,0
2,150.0,503,164.79572781619697,2.842170943040401e-14,503,164.79572781619697,2.842170943040401e-14,764,0,109,655,0,0,602,0,49,553,0,0
3,200.0,272,205.23032539160798,2.842170943040401e-14,272,205.23032539160798,2.842170943040401e-14,775,0,191,584,0,0,354,0,55,299,0,0
4,250.0,132,237.06912928523727,0.0,198,245.4259119595003,11.818275395747333,198,0,42,156,0,0,267,0,77,190,0,0
5,300.0,66,262.1394773080264,5.684341886080802e-14,69,292.9743028253022,12.408225182979571,69,0,19,50,0,0,99,0,27,72,0,0
6,350.0,78,297.6530936610058,17.587347241269256,9,333.5238234014007,6.7672859193063,9,0,2,7,0,0,10,0,1,9,0,0
Totals,7,3051,NA,NA,3051,NA,NA,3051,0,416,2635,0,0,2477,0,458,3092,0,0
