Age,Class,N_Initial_Age,AgeSize_Mean,AgeSize_Std,N_Initial_Class,ClassSize_Mean,ClassSize_Std,N_GrowthBack_Class,Capture_Back,PackingDeaths_Emigration_Class,N_AfterEmigration_Class,Deaths_AfterEmiMort_Age,Deaths_AfterEmiMort_Size,N_GrowthOut_Class,Capture_Out,PackingDeaths_Immigration_Class,N_Immigration_Class,Deaths_AfterImmiMort_Age,Deaths_AfterImmiMort_Size
0,50.0,1250,50.082793354553054,10.120108261630381,1242,49.901427554000065,9.89408070762417,0,0,0,0,0,0,0,0,9,1592,0,0
1,100.0,1102,113.44465676002007,0.0,1110,113.19092830690573,2.98615602191863,1250,0,70,1180,0,0,1134,0,97,1049,0,0
2,150.0,659,164.79572781619692,2.842170943040401e-14,659,164.79572781619692,2.842170943040401e-14,1102,0,197,905,0,0,821,0,140,681,0,0
3,200.0,276,205.23032539160798,2.842170943040401e-14,276,205.23032539160798,2.842170943040401e-14,935,0,233,702,0,0,464,0,64,400,0,0
4,250.0,158,237.06912928523732,5.684341886080802e-14,233,245.13898379901053,11.712877924750439,233,0,39,194,0,0,310,0,66,244,0,0
5,300.0,75,262.1394773080264,5.684341886080802e-14,91,291.86753212429625,12.719892948950731,91,0,21,70,0,0,114,0,19,95,0,0
6,350.0,102,296.4308923898415,18.050839088630326,11,334.1823273138975,9.242449420586128,11,0,3,8,0,0,11,0,2,9,0,0
Totals,7,3622,NA,NA,3622,NA,NA,3622,0,563,3059,0,0,2854,0,397,4070,0,0
