Age,Class,N_Initial_Age,AgeSize_Mean,AgeSize_Std,N_Initial_Class,ClassSize_Mean,ClassSize_Std,N_GrowthBack_Class,Capture_Back,PackingDeaths_Emigration_Class,N_AfterEmigration_Class,Deaths_AfterEmiMort_Age,Deaths_AfterEmiMort_Size,N_GrowthOut_Class,Capture_Out,PackingDeaths_Immigration_Class,N_Immigration_Class,Deaths_AfterImmiMort_Age,Deaths_AfterImmiMort_Size
0,50.0,1601,49.505251283107704,9.979153419849768,1593,49.36022818399038,9.789529949540874,0,0,0,0,0,0,0,0,30,1302,0,0
1,100.0,893,113.44465676002007,0.0,901,113.1333432784203,3.2997764919362838,1601,0,170,1431,0,0,1376,0,67,1320,0,0
2,150.0,643,164.79572781619694,0.0,643,164.79572781619694,0.0,893,0,106,787,0,0,728,0,75,653,0,0
3,200.0,300,205.23032539160795,5.684341886080802e-14,300,205.23032539160795,5.684341886080802e-14,943,0,215,728,0,0,461,0,77,384,0,0
4,250.0,156,237.0691292852373,2.842170943040401e-14,281,248.221419330962,12.458660418898809,281,0,38,243,0,0,343,0,97,246,0,0
5,300.0,125,262.1394773080264,5.684341886080802e-14,96,293.1600139882143,12.685936914666723,96,0,9,87,0,0,172,0,60,112,0,0
6,350.0,101,295.09061604591295,15.030346229471412,5,332.15817555372627,5.28471672377813,5,0,1,4,0,0,10,0,0,10,0,0
Totals,7,3819,NA,NA,3819,NA,NA,3819,0,539,3280,0,0,3090,0,406,4027,0,0
