Age,Class,N_Initial_Age,AgeSize_Mean,AgeSize_Std,N_Initial_Class,ClassSize_Mean,ClassSize_Std,N_GrowthBack_Class,Capture_Back,PackingDeaths_Emigration_Class,N_AfterEmigration_Class,Deaths_AfterEmiMort_Age,Deaths_AfterEmiMort_Size,N_GrowthOut_Class,Capture_Out,PackingDeaths_Immigration_Class,N_Immigration_Class,Deaths_AfterImmiMort_Age,Deaths_AfterImmiMort_Size
0,50.0,884,50.885415411726264,10.312970021086668,876,50.635905570451754,10.014274827477772,0,0,0,0,0,0,0,0,0,962,0,0
1,100.0,697,113.44465676002007,0.0,705,113.04479390919757,3.759510169846551,884,0,0,868,0,0,835,0,12,826,0,0
2,150.0,594,164.79572781619694,0.0,594,164.79572781619694,0.0,697,0,33,655,0,0,598,0,12,586,0,0
3,200.0,308,205.23032539160798,2.842170943040401e-14,308,205.23032539160798,2.842170943040401e-14,902,0,219,672,0,0,385,0,20,365,0,0
4,250.0,133,237.06912928523727,0.0,203,245.71407687930247,11.916237909586037,203,0,5,197,0,0,341,0,79,262,0,0
5,300.0,70,262.1394773080263,1.7053025658242404e-13,61,293.52983056809603,12.21591719108705,61,0,6,55,0,0,113,0,32,81,0,0
6,350.0,68,297.26347705799475,16.063703985226795,7,329.7995393271129,5.119077883579722,7,0,2,5,0,0,8,0,1,7,0,0
Totals,7,2754,NA,NA,2754,NA,NA,2754,0,265,2452,0,0,2280,0,156,3089,0,0
