Age,Class,N_Initial_Age,AgeSize_Mean,AgeSize_Std,N_Initial_Class,ClassSize_Mean,ClassSize_Std,N_GrowthBack_Class,Capture_Back,PackingDeaths_Emigration_Class,N_AfterEmigration_Class,Deaths_AfterEmiMort_Age,Deaths_AfterEmiMort_Size,N_GrowthOut_Class,Capture_Out,PackingDeaths_Immigration_Class,N_Immigration_Class,Deaths_AfterImmiMort_Age,Deaths_AfterImmiMort_Size
0,50.0,1006,49.87027951927412,9.83348733119467,996,49.58389922737293,9.448551688393849,0,0,0,0,0,0,0,0,22,1093,0,0
1,100.0,774,113.44465676002008,1.4210854715202004e-14,784,112.99757895176258,3.9562350054294644,1006,0,37,969,0,0,923,0,26,903,0,0
2,150.0,454,164.7957278161969,5.684341886080802e-14,454,164.7957278161969,5.684341886080802e-14,774,0,104,670,0,0,606,0,45,561,0,0
3,200.0,344,205.23032539160798,2.842170943040401e-14,344,205.23032539160798,2.842170943040401e-14,798,0,194,604,0,0,313,0,27,286,0,0
4,250.0,152,237.06912928523727,0.0,220,244.81814594682663,11.585477345316775,220,0,48,172,0,0,362,0,102,260,0,0
5,300.0,68,262.13947730802636,1.1368683772161603e-13,71,293.09965808959294,12.254353008041043,71,0,10,61,0,0,102,0,26,76,0,0
6,350.0,77,296.17376645021966,15.925821218299847,6,332.55071538430167,6.544484844426821,6,0,1,5,0,0,6,0,3,3,0,0
Totals,7,2875,NA,NA,2875,NA,NA,2875,0,394,2481,0,0,2312,0,251,3182,0,0
