Age,Class,N_Initial_Age,AgeSize_Mean,AgeSize_Std,N_Initial_Class,ClassSize_Mean,ClassSize_Std,N_GrowthBack_Class,Capture_Back,PackingDeaths_Emigration_Class,N_AfterEmigration_Class,Deaths_AfterEmiMort_Age,Deaths_AfterEmiMort_Size,N_GrowthOut_Class,Capture_Out,PackingDeaths_Immigration_Class,N_Immigration_Class,Deaths_AfterImmiMort_Age,Deaths_AfterImmiMort_Size
0,50.0,1327,50.03012460026513,10.265598431393178,1313,49.72111914625491,9.864723374529074,0,0,0,0,0,0,0,0,16,1279,0,0
1,100.0,931,113.44465676002008,1.4210854715202004e-14,945,112.93451994613525,4.183825778182246,1327,0,70,1257,0,0,1220,0,123,1105,0,0
2,150.0,624,164.79572781619694,0.0,624,164.79572781619694,0.0,931,0,202,729,0,0,675,0,109,566,0,0
3,200.0,322,205.230325391608,0.0,322,205.230325391608,0.0,946,0,262,684,0,0,413,0,93,320,0,0
4,250.0,126,237.06912928523727,0.0,201,246.42373675642722,12.124957071234256,201,0,20,181,0,0,315,0,91,224,0,0
5,300.0,75,262.1394773080264,5.684341886080802e-14,93,290.0432198014792,11.360087827890998,93,0,26,67,0,0,122,0,40,82,0,0
6,350.0,102,293.66720090950105,15.984546966479893,9,331.1150056923928,4.91430222378652,9,0,0,9,0,0,9,0,1,8,0,0
Totals,7,3507,NA,NA,3507,NA,NA,3507,0,580,2927,0,0,2754,0,473,3584,0,0
