Age,Class,N_Initial_Age,AgeSize_Mean,AgeSize_Std,N_Initial_Class,ClassSize_Mean,ClassSize_Std,N_GrowthBack_Class,Capture_Back,PackingDeaths_Emigration_Class,N_AfterEmigration_Class,Deaths_AfterEmiMort_Age,Deaths_AfterEmiMort_Size,N_GrowthOut_Class,Capture_Out,PackingDeaths_Immigration_Class,N_Immigration_Class,Deaths_AfterImmiMort_Age,Deaths_AfterImmiMort_Size
0,50.0,1083,50.163516616920575,9.766943829846761,1077,49.99980946226478,9.53754971335951,0,0,0,0,0,0,0,0,76,1224,0,0
1,100.0,812,113.44465676002007,0.0,818,113.1960330004916,2.920030696208637,1083,0,45,1038,0,0,992,0,75,924,0,0
2,150.0,475,164.79572781619692,2.842170943040401e-14,475,164.79572781619692,2.842170943040401e-14,812,0,106,694,0,0,636,0,51,585,0,0
3,200.0,325,205.23032539160798,2.842170943040401e-14,325,205.23032539160798,2.842170943040401e-14,800,0,181,612,0,0,343,0,40,303,0,0
4,250.0,174,237.0691292852373,2.842170943040401e-14,267,245.80149769766942,11.944423681050619,267,0,24,243,0,0,369,0,95,274,0,0
5,300.0,93,262.13947730802636,1.1368683772161603e-13,80,292.04055696999666,11.932951646033318,80,0,3,77,0,0,141,0,38,103,0,0
6,350.0,91,297.07682911956715,17.81184263146429,11,333.7042629346249,7.936168028388283,11,0,2,9,0,0,11,0,0,11,0,0
Totals,7,3053,NA,NA,3053,NA,NA,3053,0,361,2673,0,0,2492,0,375,3424,0,0
