Age,Class,N_Initial_Age,AgeSize_Mean,AgeSize_Std,N_Initial_Class,ClassSize_Mean,ClassSize_Std,N_GrowthBack_Class,Capture_Back,PackingDeaths_Emigration_Class,N_AfterEmigration_Class,Deaths_AfterEmiMort_Age,Deaths_AfterEmiMort_Size,N_GrowthOut_Class,Capture_Out,PackingDeaths_Immigration_Class,N_Immigration_Class,Deaths_AfterImmiMort_Age,Deaths_AfterImmiMort_Size
0,50.0,825,49.74797081844677,10.044420791959292,821,49.6051968537372,9.852374355643498,0,0,0,0,0,0,0,0,49,1117,0,0
1,100.0,923,113.44465676002007,0.0,927,113.29625404293299,2.2754941006085003,825,0,22,803,0,0,773,0,33,742,0,0
2,150.0,531,164.79572781619694,0.0,531,164.79572781619694,0.0,923,0,136,787,0,0,726,0,72,654,0,0
3,200.0,287,205.230325391608,0.0,287,205.230325391608,0.0,818,0,197,621,0,0,380,0,64,316,0,0
4,250.0,144,237.06912928523727,0.0,213,245.19050963064782,11.732391613395029,213,0,30,183,0,0,310,0,63,247,0,0
5,300.0,69,262.13947730802636,1.1368683772161603e-13,72,293.73129232146744,12.987273893658275,72,0,19,53,0,0,94,0,21,73,0,0
6,350.0,80,297.33013966627374,16.428209216170263,8,329.71976576952994,3.8966437857251224,8,0,0,8,0,0,12,0,2,10,0,0
Totals,7,2859,NA,NA,2859,NA,NA,2859,0,404,2455,0,0,2295,0,304,3159,0,0
