Age,Class,N_Initial_Age,AgeSize_Mean,AgeSize_Std,N_Initial_Class,ClassSize_Mean,ClassSize_Std,N_GrowthBack_Class,Capture_Back,PackingDeaths_Emigration_Class,N_AfterEmigration_Class,Deaths_AfterEmiMort_Age,Deaths_AfterEmiMort_Size,N_GrowthOut_Class,Capture_Out,PackingDeaths_Immigration_Class,N_Immigration_Class,Deaths_AfterImmiMort_Age,Deaths_AfterImmiMort_Size
0,50.0,871,49.864629159133955,9.62285259116057,868,49.76758724082417,9.49516429168972,0,0,0,0,0,0,0,0,112,1053,0,0
1,100.0,938,113.44465676002008,1.4210854715202004e-14,941,113.33147110889387,2.007623436814191,871,0,89,782,0,0,751,0,44,710,0,0
2,150.0,492,164.79572781619694,0.0,492,164.79572781619694,0.0,938,0,160,778,0,0,703,0,96,607,0,0
3,200.0,269,205.230325391608,0.0,269,205.230325391608,0.0,761,0,210,551,0,0,333,0,43,290,0,0
4,250.0,123,237.06912928523724,2.842170943040401e-14,172,244.2112633149854,11.31572831294145,172,0,32,140,0,0,271,0,83,188,0,0
5,300.0,49,262.13947730802647,0.0,69,292.3689127572203,13.68846327595777,69,0,18,51,0,0,79,0,16,63,0,0
6,350.0,77,296.9094920806303,18.748844342243878,8,336.07198874504184,7.466552477010256,8,0,1,7,0,0,13,0,5,8,0,0
Totals,7,2819,NA,NA,2819,NA,NA,2819,0,510,2309,0,0,2150,0,399,2919,0,0
