Age,Class,N_Initial_Age,AgeSize_Mean,AgeSize_Std,N_Initial_Class,ClassSize_Mean,ClassSize_Std,N_GrowthBack_Class,Capture_Back,PackingDeaths_Emigration_Class,N_AfterEmigration_Class,Deaths_AfterEmiMort_Age,Deaths_AfterEmiMort_Size,N_GrowthOut_Class,Capture_Out,PackingDeaths_Immigration_Class,N_Immigration_Class,Deaths_AfterImmiMort_Age,Deaths_AfterImmiMort_Size
0,50.0,1152,49.67104158023498,9.930818780247415,1145,49.5003342533154,9.716555012663575,0,0,0,0,0,0,0,0,34,1028,0,0
1,100.0,829,113.4446567600201,2.842170943040401e-14,836,113.14447085459476,3.2703043731797874,1152,0,8,1144,0,0,1099,0,118,987,0,0
2,150.0,520,164.79572781619694,0.0,520,164.79572781619694,0.0,829,0,134,695,0,0,638,0,76,562,0,0
3,200.0,272,205.23032539160798,2.842170943040401e-14,272,205.23032539160798,2.842170943040401e-14,792,0,156,636,0,0,383,0,50,333,0,0
4,250.0,151,237.06912928523732,5.684341886080802e-14,250,246.99698710226178,12.261015037855477,250,0,46,204,0,0,319,0,99,220,0,0
5,300.0,99,262.1394773080264,5.684341886080802e-14,88,292.91941155376077,13.205867286098858,88,0,13,75,0,0,139,0,41,98,0,0
6,350.0,97,296.64450102278664,17.23502005414833,9,333.06759805326163,5.829125503305171,9,0,1,8,0,0,13,0,1,12,0,0
Totals,7,3120,NA,NA,3120,NA,NA,3120,0,358,2762,0,0,2591,0,419,3240,0,0
