Age,Class,N_Initial_Age,AgeSize_Mean,AgeSize_Std,N_Initial_Class,ClassSize_Mean,ClassSize_Std,N_GrowthBack_Class,Capture_Back,PackingDeaths_Emigration_Class,N_AfterEmigration_Class,Deaths_AfterEmiMort_Age,Deaths_AfterEmiMort_Size,N_GrowthOut_Class,Capture_Out,PackingDeaths_Immigration_Class,N_Immigration_Class,Deaths_AfterImmiMort_Age,Deaths_AfterImmiMort_Size
0,50.0,1045,49.94725956916802,10.165527576088472,1037,49.73179782463597,9.901742085820343,0,0,0,0,0,0,0,0,0,1385,0,0
1,100.0,1005,113.44465676002005,1.4210854715202004e-14,1013,113.16376303006244,3.152643473698606,1045,0,0,1045,0,0,998,0,10,999,0,0
2,150.0,580,164.79572781619694,0.0,580,164.79572781619694,0.0,1005,0,77,928,0,0,855,0,44,811,0,0
3,200.0,349,205.23032539160798,2.842170943040401e-14,349,205.23032539160798,2.842170943040401e-14,929,0,144,785,0,0,458,0,42,416,0,0
4,250.0,113,237.0691292852372,5.684341886080802e-14,187,246.990015668587,12.259530484231204,187,0,18,169,0,0,362,0,51,311,0,0
5,300.0,74,262.1394773080264,5.684341886080802e-14,74,292.77878149687103,11.591858705722462,74,0,7,67,0,0,117,0,19,98,0,0
6,350.0,81,296.4843997563222,16.57336226428301,7,335.6580784990921,8.840949424420092,7,0,0,7,0,0,10,0,3,7,0,0
Totals,7,3247,NA,NA,3247,NA,NA,3247,0,246,3001,0,0,2800,0,169,4027,0,0
