Age,Class,N_Initial_Age,AgeSize_Mean,AgeSize_Std,N_Initial_Class,ClassSize_Mean,ClassSize_Std,N_GrowthBack_Class,Capture_Back,PackingDeaths_Emigration_Class,N_AfterEmigration_Class,Deaths_AfterEmiMort_Age,Deaths_AfterEmiMort_Size,N_GrowthOut_Class,Capture_Out,PackingDeaths_Immigration_Class,N_Immigration_Class,Deaths_AfterImmiMort_Age,Deaths_AfterImmiMort_Size
0,50.0,922,50.243934388243,9.455019836102547,915,50.039844035090205,9.196518228802033,0,0,0,0,0,0,0,0,1,930,0,0
1,100.0,928,113.44465676002008,1.4210854715202004e-14,935,113.17122105577663,3.1512949171865525,922,0,94,828,0,0,797,0,28,777,0,0
2,150.0,520,164.79572781619694,0.0,520,164.79572781619694,0.0,928,0,117,811,0,0,755,0,106,649,0,0
3,200.0,269,205.230325391608,0.0,269,205.230325391608,0.0,789,0,192,597,0,0,371,0,33,338,0,0
4,250.0,143,237.06912928523732,5.684341886080802e-14,206,244.73627455434269,11.55131523507991,206,0,38,168,0,0,304,0,82,222,0,0
5,300.0,63,262.1394773080265,5.684341886080802e-14,65,293.1560755472612,13.347284185067224,65,0,7,58,0,0,91,0,25,66,0,0
6,350.0,69,295.42130001586537,15.901524887265278,4,332.23119763068314,5.340445036964127,4,0,0,4,0,0,11,0,1,10,0,0
Totals,7,2914,NA,NA,2914,NA,NA,2914,0,448,2466,0,0,2329,0,276,2992,0,0
