Age,Class,N_Initial_Age,AgeSize_Mean,AgeSize_Std,N_Initial_Class,ClassSize_Mean,ClassSize_Std,N_GrowthBack_Class,Capture_Back,PackingDeaths_Emigration_Class,N_AfterEmigration_Class,Deaths_AfterEmiMort_Age,Deaths_AfterEmiMort_Size,N_GrowthOut_Class,Capture_Out,PackingDeaths_Immigration_Class,N_Immigration_Class,Deaths_AfterImmiMort_Age,Deaths_AfterImmiMort_Size
0,50.0,1432,49.85557206593354,10.00042016816175,1424,49.6965477441567,9.79856812413339,0,0,0,0,0,0,0,0,35,1539,0,0
1,100.0,956,113.44465676002008,1.4210854715202004e-14,964,113.15185381049469,3.2080961641387025,1432,0,83,1349,0,0,1298,0,116,1196,0,0
2,150.0,1291,164.79572781619692,2.842170943040401e-14,1291,164.79572781619692,2.842170943040401e-14,956,0,90,866,0,0,777,0,147,630,0,0
3,200.0,439,205.23032539160798,2.842170943040401e-14,439,205.23032539160798,2.842170943040401e-14,1730,0,757,973,0,0,723,0,220,503,0,0
4,250.0,192,237.0691292852372,5.684341886080802e-14,248,242.73017561296382,10.482220951905743,248,0,32,216,0,0,363,0,104,259,0,0
5,300.0,56,262.13947730802647,0.0,103,289.8769406656258,11.648214278758216,103,0,13,90,0,0,128,0,32,96,0,0
6,350.0,103,289.8769406656258,11.648214278758214,0,nan,nan,0,0,0,0,0,0,1,0,1,0,0,0
Totals,7,4469,NA,NA,4469,NA,NA,4469,0,975,3494,0,0,3290,0,655,4223,0,0
