Age,Class,N_Initial_Age,AgeSize_Mean,AgeSize_Std,N_Initial_Class,ClassSize_Mean,ClassSize_Std,N_GrowthBack_Class,Capture_Back,PackingDeaths_Emigration_Class,N_AfterEmigration_Class,Deaths_AfterEmiMort_Age,Deaths_AfterEmiMort_Size,N_GrowthOut_Class,Capture_Out,PackingDeaths_Immigration_Class,N_Immigration_Class,Deaths_AfterImmiMort_Age,Deaths_AfterImmiMort_Size
0,50.0,1164,50.467515742946404,10.326645408629737,1153,50.21045110512809,10.031459936117214,0,0,0,0,0,0,0,0,53,919,0,0
1,100.0,755,113.44465676002008,1.4210854715202004e-14,766,112.92722461408889,4.2927548620754346,1164,0,26,1138,0,0,1090,0,88,1011,0,0
2,150.0,496,164.79572781619694,0.0,496,164.79572781619694,0.0,755,0,83,672,0,0,609,0,38,571,0,0
3,200.0,248,205.23032539160798,2.842170943040401e-14,248,205.23032539160798,2.842170943040401e-14,744,0,220,524,0,0,318,0,36,282,0,0
4,250.0,129,237.06912928523727,0.0,209,246.66543474850585,12.185796615436283,209,0,19,190,0,0,280,0,58,222,0,0
5,300.0,80,262.13947730802647,0.0,74,292.45951444686233,12.733306486520974,74,0,13,61,0,0,110,0,19,91,0,0
6,350.0,85,297.5966736477977,18.086972207107795,11,332.1557446359084,8.079827508074194,11,0,1,10,0,0,14,0,0,14,0,0
Totals,7,2957,NA,NA,2957,NA,NA,2957,0,362,2595,0,0,2421,0,292,3110,0,0
