Age,Class,N_Initial_Age,AgeSize_Mean,AgeSize_Std,N_Initial_Class,ClassSize_Mean,ClassSize_Std,N_GrowthBack_Class,Capture_Back,PackingDeaths_Emigration_Class,N_AfterEmigration_Class,Deaths_AfterEmiMort_Age,Deaths_AfterEmiMort_Size,N_GrowthOut_Class,Capture_Out,PackingDeaths_Immigration_Class,N_Immigration_Class,Deaths_AfterImmiMort_Age,Deaths_AfterImmiMort_Size
0,50.0,1204,50.27108029282577,10.009157991534467,1198,50.128141318700074,9.825719800799458,0,0,0,0,0,0,0,0,48,1209,0,0
1,100.0,655,113.44465676002007,0.0,661,113.1302837376289,3.2957573875548896,1204,0,138,1012,0,0,945,0,106,846,0,0
2,150.0,486,164.79572781619694,0.0,486,164.79572781619694,0.0,655,0,74,575,0,0,526,0,63,463,0,0
3,200.0,264,205.23032539160798,2.842170943040401e-14,264,205.23032539160798,2.842170943040401e-14,750,0,190,547,0,0,332,0,72,260,0,0
4,250.0,146,237.0691292852373,2.842170943040401e-14,220,245.50188271108448,11.844861030641946,220,0,38,181,0,0,281,0,48,233,0,0
5,300.0,74,262.1394773080264,5.684341886080802e-14,71,290.89347857641485,12.521498329999348,71,0,12,59,0,0,112,0,28,84,0,0
6,350.0,76,293.81071091020607,16.3991561396211,5,335.23541005004165,4.952944088025482,5,0,0,5,0,0,9,0,2,7,0,0
Totals,7,2905,NA,NA,2905,NA,NA,2905,0,452,2379,0,0,2205,0,367,3102,0,0
