Age,Class,N_Initial_Age,AgeSize_Mean,AgeSize_Std,N_Initial_Class,ClassSize_Mean,ClassSize_Std,N_GrowthBack_Class,Capture_Back,PackingDeaths_Emigration_Class,N_AfterEmigration_Class,Deaths_AfterEmiMort_Age,Deaths_AfterEmiMort_Size,N_GrowthOut_Class,Capture_Out,PackingDeaths_Immigration_Class,N_Immigration_Class,Deaths_AfterImmiMort_Age,Deaths_AfterImmiMort_Size
0,50.0,1151,50.202955568173245,10.22377556503719,1141,49.94036045436077,9.871348131133189,0,0,0,0,0,0,0,0,5,1507,0,0
1,100.0,928,113.44465676002008,1.4210854715202004e-14,938,113.08986359684476,3.428711910169197,1151,0,151,1000,0,0,966,0,27,947,0,0
2,150.0,668,164.79572781619692,2.842170943040401e-14,668,164.79572781619692,2.842170943040401e-14,928,0,159,769,0,0,693,0,23,670,0,0
3,200.0,308,205.23032539160798,2.842170943040401e-14,308,205.23032539160798,2.842170943040401e-14,976,0,283,693,0,0,432,0,87,345,0,0
4,250.0,162,237.06912928523727,0.0,252,246.02282500766194,12.012643371114452,252,0,46,206,0,0,330,0,117,213,0,0
5,300.0,90,262.1394773080264,5.684341886080802e-14,81,291.1935728693366,12.508346796611468,81,0,15,66,0,0,129,0,45,84,0,0
6,350.0,88,294.5130368527966,16.58598920083705,7,332.9239772328337,6.706893033809251,7,0,0,7,0,0,11,0,0,11,0,0
Totals,7,3395,NA,NA,3395,NA,NA,3395,0,654,2741,0,0,2561,0,304,3777,0,0
