Age,Class,N_Initial_Age,AgeSize_Mean,AgeSize_Std,N_Initial_Class,ClassSize_Mean,ClassSize_Std,N_GrowthBack_Class,Capture_Back,PackingDeaths_Emigration_Class,N_AfterEmigration_Class,Deaths_AfterEmiMort_Age,Deaths_AfterEmiMort_Size,N_GrowthOut_Class,Capture_Out,PackingDeaths_Immigration_Class,N_Immigration_Class,Deaths_AfterImmiMort_Age,Deaths_AfterImmiMort_Size
0,50.0,1099,50.29021712361801,9.922922630125658,1096,50.21864767131265,9.841603361454096,0,0,0,0,0,0,0,0,8,1053,0,0
1,100.0,744,113.44465676002007,0.0,747,113.29603132604076,2.340658624707984,1099,0,49,1049,0,0,1021,0,102,925,0,0
2,150.0,477,164.79572781619692,2.842170943040401e-14,477,164.79572781619692,2.842170943040401e-14,744,0,95,644,0,0,587,0,78,509,0,0
3,200.0,282,205.230325391608,0.0,282,205.230325391608,0.0,759,0,185,569,0,0,319,0,38,281,0,0
4,250.0,131,237.06912928523724,2.842170943040401e-14,185,244.38696059999734,11.39780341477327,185,0,22,161,0,0,286,0,44,242,0,0
5,300.0,54,262.13947730802647,0.0,69,295.37513573327266,14.089390219546981,69,0,14,55,0,0,87,0,16,71,0,0
6,350.0,78,300.12707531155644,18.791417450530485,9,336.55861207839877,6.168968887147447,9,0,2,7,0,0,14,0,1,13,0,0
Totals,7,2865,NA,NA,2865,NA,NA,2865,0,367,2485,0,0,2314,0,287,3094,0,0
