Age,Class,N_Initial_Age,AgeSize_Mean,AgeSize_Std,N_Initial_Class,ClassSize_Mean,ClassSize_Std,N_GrowthBack_Class,Capture_Back,PackingDeaths_Emigration_Class,N_AfterEmigration_Class,Deaths_AfterEmiMort_Age,Deaths_AfterEmiMort_Size,N_GrowthOut_Class,Capture_Out,PackingDeaths_Immigration_Class,N_Immigration_Class,Deaths_AfterImmiMort_Age,Deaths_AfterImmiMort_Size
0,50.0,1020,50.09984010906694,9.644543541144914,1016,49.9841842379251,9.484876067791674,0,0,0,0,0,0,0,0,0,1047,0,0
1,100.0,714,113.44465676002007,0.0,718,113.25541873561383,2.5309798538345745,1020,0,0,1020,0,0,972,0,19,964,0,0
2,150.0,554,164.79572781619694,0.0,554,164.79572781619694,0.0,714,0,60,654,0,0,586,0,28,558,0,0
3,200.0,302,205.23032539160798,2.842170943040401e-14,302,205.23032539160798,2.842170943040401e-14,856,0,151,705,0,0,419,0,70,349,0,0
4,250.0,122,237.0691292852372,5.684341886080802e-14,191,246.12595658142817,12.042910429990501,191,0,6,185,0,0,318,0,58,260,0,0
5,300.0,69,262.13947730802636,1.1368683772161603e-13,66,292.18271763775994,13.024936520775352,66,0,7,59,0,0,108,0,26,82,0,0
6,350.0,75,296.8970912947204,17.766761414494066,9,331.46916477909747,5.308047233921061,9,0,1,8,0,0,13,0,5,8,0,0
Totals,7,2856,NA,NA,2856,NA,NA,2856,0,225,2631,0,0,2416,0,206,3268,0,0
