Age,Class,N_Initial_Age,AgeSize_Mean,AgeSize_Std,N_Initial_Class,ClassSize_Mean,ClassSize_Std,N_GrowthBack_Class,Capture_Back,PackingDeaths_Emigration_Class,N_AfterEmigration_Class,Deaths_AfterEmiMort_Age,Deaths_AfterEmiMort_Size,N_GrowthOut_Class,Capture_Out,PackingDeaths_Immigration_Class,N_Immigration_Class,Deaths_AfterImmiMort_Age,Deaths_AfterImmiMort_Size
0,50.0,823,50.09863482825657,9.683587557158102,817,49.870891672327694,9.337477032291655,0,0,0,0,0,0,0,0,0,1160,0,0
1,100.0,896,113.44465676002007,0.0,902,113.22956809793949,2.6554478567940136,823,0,30,793,0,0,765,0,23,748,0,0
2,150.0,462,164.79572781619694,0.0,462,164.79572781619694,0.0,896,0,131,765,0,0,697,0,108,589,0,0
3,200.0,290,205.23032539160798,2.842170943040401e-14,290,205.23032539160798,2.842170943040401e-14,752,0,189,563,0,0,324,0,54,270,0,0
4,250.0,121,237.0691292852372,5.684341886080802e-14,181,245.37974188947675,11.801850211433734,181,0,16,165,0,0,301,0,89,212,0,0
5,300.0,60,262.13947730802647,0.0,76,290.62622715179367,11.839145289993802,76,0,3,73,0,0,120,0,40,80,0,0
6,350.0,84,294.36454422560945,16.13781599646199,8,329.8785564268587,2.9878038331397363,8,0,3,5,0,0,8,0,1,7,0,0
Totals,7,2736,NA,NA,2736,NA,NA,2736,0,372,2364,0,0,2215,0,315,3066,0,0
