Age,Class,N_Initial_Age,AgeSize_Mean,AgeSize_Std,N_Initial_Class,ClassSize_Mean,ClassSize_Std,N_GrowthBack_Class,Capture_Back,PackingDeaths_Emigration_Class,N_AfterEmigration_Class,Deaths_AfterEmiMort_Age,Deaths_AfterEmiMort_Size,N_GrowthOut_Class,Capture_Out,PackingDeaths_Immigration_Class,N_Immigration_Class,Deaths_AfterImmiMort_Age,Deaths_AfterImmiMort_Size
0,50.0,1060,49.495117655308164,9.66471706522563,1058,49.43140274129449,9.56118738616395,0,0,0,0,0,0,0,0,0,1398,0,0
1,100.0,663,113.44465676002007,0.0,665,113.35369631012088,1.6635301116054768,1060,0,1,1038,0,0,992,0,0,1004,0,0
2,150.0,594,164.79572781619694,0.0,594,164.79572781619694,0.0,663,0,39,616,0,0,557,0,19,538,0,0
3,200.0,288,205.23032539160798,2.842170943040401e-14,288,205.23032539160798,2.842170943040401e-14,882,0,181,690,0,0,420,0,43,377,0,0
4,250.0,140,237.06912928523732,5.684341886080802e-14,223,246.40024536546818,12.11877057583359,223,0,23,200,0,0,330,0,97,233,0,0
5,300.0,83,262.1394773080264,5.684341886080802e-14,68,292.6905998077878,12.423494969129456,68,0,2,65,0,0,125,0,37,88,0,0
6,350.0,77,297.24637886770495,17.205022092926487,9,331.6678206537461,4.975224885508142,9,0,0,9,0,0,11,0,0,11,0,0
Totals,7,2905,NA,NA,2905,NA,NA,2905,0,246,2618,0,0,2435,0,196,3649,0,0
