Age,Class,N_Initial_Age,AgeSize_Mean,AgeSize_Std,N_Initial_Class,ClassSize_Mean,ClassSize_Std,N_GrowthBack_Class,Capture_Back,PackingDeaths_Emigration_Class,N_AfterEmigration_Class,Deaths_AfterEmiMort_Age,Deaths_AfterEmiMort_Size,N_GrowthOut_Class,Capture_Out,PackingDeaths_Immigration_Class,N_Immigration_Class,Deaths_AfterImmiMort_Age,Deaths_AfterImmiMort_Size
0,50.0,1174,49.44402654796891,10.047269039965624,1167,49.28139188175149,9.854648778936266,0,0,0,0,0,0,0,0,35,875,0,0
1,100.0,675,113.44465676002008,1.4210854715202004e-14,682,113.06605007965553,3.718528730590005,1174,0,31,1098,0,0,1045,0,20,1032,0,0
2,150.0,490,164.79572781619694,0.0,490,164.79572781619694,0.0,675,0,69,586,0,0,528,0,11,517,0,0
3,200.0,252,205.230325391608,0.0,252,205.230325391608,0.0,742,0,121,603,0,0,362,0,40,322,0,0
4,250.0,103,237.06912928523732,5.684341886080802e-14,181,247.8729256707486,12.415027950533723,181,0,7,174,0,0,276,0,75,201,0,0
5,300.0,78,262.13947730802636,1.1368683772161603e-13,64,291.82099984974286,12.222054529678275,64,0,4,60,0,0,118,0,30,88,0,0
6,350.0,71,295.36274459444877,15.804107852180799,7,327.74441083175896,2.091027097921156,7,0,0,7,0,0,11,0,0,11,0,0
Totals,7,2843,NA,NA,2843,NA,NA,2843,0,232,2528,0,0,2340,0,211,3046,0,0
