Age,Class,N_Initial_Age,AgeSize_Mean,AgeSize_Std,N_Initial_Class,ClassSize_Mean,ClassSize_Std,N_GrowthBack_Class,Capture_Back,PackingDeaths_Emigration_Class,N_AfterEmigration_Class,Deaths_AfterEmiMort_Age,Deaths_AfterEmiMort_Size,N_GrowthOut_Class,Capture_Out,PackingDeaths_Immigration_Class,N_Immigration_Class,Deaths_AfterImmiMort_Age,Deaths_AfterImmiMort_Size
0,50.0,1066,49.55603880711284,10.173837262425277,1062,49.45162278562806,10.048968927803152,0,0,0,0,0,0,0,0,11,1210,0,0
1,100.0,858,113.44465676002007,0.0,862,113.27683233195187,2.4602993198609533,1066,0,22,1010,0,0,971,0,29,949,0,0
2,150.0,614,164.79572781619692,2.842170943040401e-14,614,164.79572781619692,2.842170943040401e-14,858,0,43,805,0,0,726,0,40,686,0,0
3,200.0,284,205.23032539160798,2.842170943040401e-14,284,205.23032539160798,2.842170943040401e-14,898,0,207,687,0,0,441,0,55,386,0,0
4,250.0,150,237.06912928523732,5.684341886080802e-14,213,244.48430264409038,11.441860898206972,213,0,24,189,0,0,318,0,39,279,0,0
5,300.0,63,262.1394773080265,5.684341886080802e-14,79,291.1105951066605,12.375014679917562,79,0,10,69,0,0,114,0,24,90,0,0
6,350.0,89,296.10151778936745,18.37242053377407,10,335.5298069827524,6.555196672581105,10,0,1,9,0,0,13,0,0,13,0,0
Totals,7,3124,NA,NA,3124,NA,NA,3124,0,307,2769,0,0,2583,0,198,3613,0,0
