Age,Class,N_Initial_Age,AgeSize_Mean,AgeSize_Std,N_Initial_Class,ClassSize_Mean,ClassSize_Std,N_GrowthBack_Class,Capture_Back,PackingDeaths_Emigration_Class,N_AfterEmigration_Class,Deaths_AfterEmiMort_Age,Deaths_AfterEmiMort_Size,N_GrowthOut_Class,Capture_Out,PackingDeaths_Immigration_Class,N_Immigration_Class,Deaths_AfterImmiMort_Age,Deaths_AfterImmiMort_Size
0,50.0,1120,50.304102101253555,9.78985009366151,1110,50.05146710818344,9.462207228166497,0,0,0,0,0,0,0,0,4,1304,0,0
1,100.0,941,113.44465676002007,0.0,951,113.07559187644506,3.583849927746409,1120,0,112,1008,0,0,962,0,65,906,0,0
2,150.0,515,164.79572781619697,2.842170943040401e-14,515,164.79572781619697,2.842170943040401e-14,941,0,133,808,0,0,743,0,92,651,0,0
3,200.0,308,205.23032539160798,2.842170943040401e-14,308,205.23032539160798,2.842170943040401e-14,823,0,193,630,0,0,363,0,42,321,0,0
4,250.0,136,237.0691292852373,2.842170943040401e-14,217,246.42718545964237,12.125861196048154,217,0,31,186,0,0,334,0,77,257,0,0
5,300.0,81,262.13947730802647,0.0,70,291.59794258731307,12.010258058238824,70,0,10,60,0,0,114,0,28,86,0,0
6,350.0,77,295.5283488104394,16.97973280723834,7,334.8324110417024,5.4471426762532555,7,0,2,5,0,0,10,0,4,6,0,0
Totals,7,3178,NA,NA,3178,NA,NA,3178,0,481,2697,0,0,2526,0,312,3531,0,0
