Age,Class,N_Initial_Age,AgeSize_Mean,AgeSize_Std,N_Initial_Class,ClassSize_Mean,ClassSize_Std,N_GrowthBack_Class,Capture_Back,PackingDeaths_Emigration_Class,N_AfterEmigration_Class,Deaths_AfterEmiMort_Age,Deaths_AfterEmiMort_Size,N_GrowthOut_Class,Capture_Out,PackingDeaths_Immigration_Class,N_Immigration_Class,Deaths_AfterImmiMort_Age,Deaths_AfterImmiMort_Size
0,50.0,1211,50.077012565252545,9.827892511767637,1203,49.87558964921408,9.537696016299062,0,0,0,0,0,0,0,0,61,1078,0,0
1,100.0,984,113.44465676002005,1.4210854715202004e-14,992,113.1778932665081,2.983179424501167,1211,0,116,1095,0,0,1051,0,88,965,0,0
2,150.0,502,164.79572781619694,0.0,502,164.79572781619694,0.0,984,0,166,818,0,0,744,0,100,644,0,0
3,200.0,288,205.23032539160798,2.842170943040401e-14,288,205.23032539160798,2.842170943040401e-14,790,0,194,596,0,0,346,0,44,302,0,0
4,250.0,136,237.0691292852373,2.842170943040401e-14,204,245.42591195950024,11.818275395747333,204,0,18,186,0,0,307,0,90,217,0,0
5,300.0,68,262.13947730802636,1.1368683772161603e-13,75,291.56249641570815,11.883939782483408,75,0,9,66,0,0,108,0,25,83,0,0
6,350.0,83,295.6589489630794,16.959668729985538,8,334.0631915946842,5.2863294320283165,8,0,2,6,0,0,9,0,3,6,0,0
Totals,7,3272,NA,NA,3272,NA,NA,3272,0,505,2767,0,0,2565,0,411,3295,0,0
