Age,Class,N_Initial_Age,AgeSize_Mean,AgeSize_Std,N_Initial_Class,ClassSize_Mean,ClassSize_Std,N_GrowthBack_Class,Capture_Back,PackingDeaths_Emigration_Class,N_AfterEmigration_Class,Deaths_AfterEmiMort_Age,Deaths_AfterEmiMort_Size,N_GrowthOut_Class,Capture_Out,PackingDeaths_Immigration_Class,N_Immigration_Class,Deaths_AfterImmiMort_Age,Deaths_AfterImmiMort_Size
0,50.0,938,50.07892577008357,9.928239518308578,935,49.99061488821261,9.820531068231816,0,0,0,0,0,0,0,0,29,914,0,0
1,100.0,704,113.44465676002007,0.0,707,113.29256833226833,2.331221288531689,938,0,70,844,0,0,810,0,78,738,0,0
2,150.0,565,164.79572781619694,0.0,565,164.79572781619694,0.0,704,0,94,602,0,0,557,0,84,473,0,0
3,200.0,304,205.230325391608,0.0,304,205.230325391608,0.0,869,0,236,632,0,0,376,0,60,316,0,0
4,250.0,147,237.06912928523727,0.0,216,245.077712681406,11.689335519955447,216,0,40,176,0,0,319,0,90,229,0,0
5,300.0,69,262.13947730802636,1.1368683772161603e-13,74,292.02786569059987,11.371531378855996,74,0,22,52,0,0,88,0,21,67,0,0
6,350.0,84,296.8670451720261,17.03732064852504,10,332.6769733345804,5.071694069280232,10,0,1,9,0,0,11,0,2,9,0,0
Totals,7,2811,NA,NA,2811,NA,NA,2811,0,463,2315,0,0,2161,0,364,2746,0,0
