Age,Class,N_Initial_Age,AgeSize_Mean,AgeSize_Std,N_Initial_Class,ClassSize_Mean,ClassSize_Std,N_GrowthBack_Class,Capture_Back,PackingDeaths_Emigration_Class,N_AfterEmigration_Class,Deaths_AfterEmiMort_Age,Deaths_AfterEmiMort_Size,N_GrowthOut_Class,Capture_Out,PackingDeaths_Immigration_Class,N_Immigration_Class,Deaths_AfterImmiMort_Age,Deaths_AfterImmiMort_Size
0,50.0,1039,50.158970309325824,9.78737374219377,1034,50.02420029339158,9.615883176753545,0,0,0,0,0,0,0,0,33,934,0,0
1,100.0,773,113.44465676002008,1.4210854715202004e-14,778,113.21705234385367,2.8338481524428256,1039,0,65,974,0,0,928,0,95,843,0,0
2,150.0,453,164.79572781619694,0.0,453,164.79572781619694,0.0,773,0,84,689,0,0,626,0,95,531,0,0
3,200.0,257,205.23032539160798,2.842170943040401e-14,257,205.23032539160798,2.842170943040401e-14,710,0,194,516,0,0,302,0,49,253,0,0
4,250.0,115,237.06912928523724,2.842170943040401e-14,187,246.72188360417206,12.199272282085643,187,0,42,145,0,0,261,0,64,197,0,0
5,300.0,72,262.13947730802647,0.0,65,293.09867106403243,12.79930126947188,65,0,8,57,0,0,98,0,23,75,0,0
6,350.0,69,295.46319997991594,15.758618148706411,4,333.88679486302317,7.377439381340545,4,0,1,3,0,0,5,0,1,4,0,0
Totals,7,2778,NA,NA,2778,NA,NA,2778,0,394,2384,0,0,2220,0,360,2837,0,0
