Age,Class,N_Initial_Age,AgeSize_Mean,AgeSize_Std,N_Initial_Class,ClassSize_Mean,ClassSize_Std,N_GrowthBack_Class,Capture_Back,PackingDeaths_Emigration_Class,N_AfterEmigration_Class,Deaths_AfterEmiMort_Age,Deaths_AfterEmiMort_Size,N_GrowthOut_Class,Capture_Out,PackingDeaths_Immigration_Class,N_Immigration_Class,Deaths_AfterImmiMort_Age,Deaths_AfterImmiMort_Size
0,50.0,1300,49.958133522805134,9.959904296021815,1297,49.89391046993673,9.880549023148507,0,0,0,0,0,0,0,0,22,1223,0,0
1,100.0,918,113.44465676002008,1.4210854715202004e-14,921,113.32830250362345,2.0410923300672157,1300,0,23,1277,0,0,1209,0,82,1136,0,0
2,150.0,722,164.79572781619692,2.842170943040401e-14,722,164.79572781619692,2.842170943040401e-14,918,0,148,770,0,0,708,0,75,633,0,0
3,200.0,291,205.230325391608,0.0,291,205.230325391608,0.0,1013,0,338,675,0,0,453,0,79,374,0,0
4,250.0,155,237.06912928523727,0.0,242,246.08202299590937,12.030134204533432,242,0,33,209,0,0,313,0,90,223,0,0
5,300.0,87,262.1394773080263,1.7053025658242404e-13,87,290.7299428662191,12.283514333998268,87,0,15,72,0,0,135,0,49,86,0,0
6,350.0,99,295.91561764801867,18.312687275726756,12,333.51175981606553,8.020550278889637,12,0,0,12,0,0,13,0,3,10,0,0
Totals,7,3572,NA,NA,3572,NA,NA,3572,0,557,3015,0,0,2831,0,400,3685,0,0
