Age,Class,N_Initial_Age,AgeSize_Mean,AgeSize_Std,N_Initial_Class,ClassSize_Mean,ClassSize_Std,N_GrowthBack_Class,Capture_Back,PackingDeaths_Emigration_Class,N_AfterEmigration_Class,Deaths_AfterEmiMort_Age,Deaths_AfterEmiMort_Size,N_GrowthOut_Class,Capture_Out,PackingDeaths_Immigration_Class,N_Immigration_Class,Deaths_AfterImmiMort_Age,Deaths_AfterImmiMort_Size
0,50.0,1035,49.82417787496557,10.18913839993639,1027,49.609345488124006,9.932078171629351,0,0,0,0,0,0,0,0,23,1144,0,0
1,100.0,870,113.44465676002005,1.4210854715202004e-14,878,113.11626157802218,3.4263263225011937,1035,0,73,962,0,0,922,0,97,828,0,0
2,150.0,544,164.79572781619694,0.0,544,164.79572781619694,0.0,870,0,151,719,0,0,670,0,145,525,0,0
3,200.0,279,205.23032539160798,2.842170943040401e-14,279,205.23032539160798,2.842170943040401e-14,823,0,167,656,0,0,397,0,84,313,0,0
4,250.0,124,237.06912928523724,2.842170943040401e-14,194,246.1151311491302,12.039778453985015,194,0,35,159,0,0,292,0,87,205,0,0
5,300.0,70,262.1394773080263,1.7053025658242404e-13,74,294.0763247237556,12.668361517247652,74,0,13,61,0,0,101,0,23,78,0,0
6,350.0,86,299.6891657568621,18.368110550624344,12,334.3016854610187,5.997529021383241,12,0,2,10,0,0,14,0,5,9,0,0
Totals,7,3008,NA,NA,3008,NA,NA,3008,0,441,2567,0,0,2396,0,464,3102,0,0
