Age,Class,N_Initial_Age,AgeSize_Mean,AgeSize_Std,N_Initial_Class,ClassSize_Mean,ClassSize_Std,N_GrowthBack_Class,Capture_Back,PackingDeaths_Emigration_Class,N_AfterEmigration_Class,Deaths_AfterEmiMort_Age,Deaths_AfterEmiMort_Size,N_GrowthOut_Class,Capture_Out,PackingDeaths_Immigration_Class,N_Immigration_Class,Deaths_AfterImmiMort_Age,Deaths_AfterImmiMort_Size
0,50.0,891,50.006091208611764,10.0640043737849,885,49.81748149484209,9.829279864838082,0,0,0,0,0,0,0,0,66,1370,0,0
1,100.0,702,113.44465676002008,1.4210854715202004e-14,708,113.14280393993211,3.2790635715241536,891,0,21,870,0,0,831,0,39,801,0,0
2,150.0,531,164.79572781619694,0.0,531,164.79572781619694,0.0,702,0,96,606,0,0,557,0,57,500,0,0
3,200.0,279,205.23032539160798,2.842170943040401e-14,279,205.23032539160798,2.842170943040401e-14,810,0,203,607,0,0,355,0,68,287,0,0
4,250.0,121,237.0691292852372,5.684341886080802e-14,195,246.58300494516746,12.165621388461073,195,0,21,174,0,0,290,0,84,206,0,0
5,300.0,74,262.1394773080264,5.684341886080802e-14,89,293.52632332793246,12.258168729753448,89,0,15,74,0,0,128,0,30,98,0,0
6,350.0,103,299.3273658168944,18.661929086213902,14,336.2054216395807,5.752463941201224,14,0,1,13,0,0,14,0,2,12,0,0
Totals,7,2701,NA,NA,2701,NA,NA,2701,0,357,2344,0,0,2175,0,346,3274,0,0
