Age,Class,N_Initial_Age,AgeSize_Mean,AgeSize_Std,N_Initial_Class,ClassSize_Mean,ClassSize_Std,N_GrowthBack_Class,Capture_Back,PackingDeaths_Emigration_Class,N_AfterEmigration_Class,Deaths_AfterEmiMort_Age,Deaths_AfterEmiMort_Size,N_GrowthOut_Class,Capture_Out,PackingDeaths_Immigration_Class,N_Immigration_Class,Deaths_AfterImmiMort_Age,Deaths_AfterImmiMort_Size
0,50.0,993,50.17494577089912,10.229089585050694,988,50.03804634702264,10.070716702752534,0,0,0,0,0,0,0,0,24,1214,0,0
1,100.0,832,113.44465676002007,0.0,837,113.22829842769552,2.7956741198234005,993,0,85,891,0,0,853,0,22,837,0,0
2,150.0,442,164.79572781619692,2.842170943040401e-14,442,164.79572781619692,2.842170943040401e-14,832,0,115,715,0,0,649,0,50,599,0,0
3,200.0,249,205.23032539160795,5.684341886080802e-14,249,205.23032539160795,5.684341886080802e-14,691,0,190,500,0,0,290,0,25,265,0,0
4,250.0,134,237.06912928523727,0.0,212,246.2931252558861,12.089941582920316,212,0,45,167,0,0,274,0,75,199,0,0
5,300.0,78,262.13947730802636,1.1368683772161603e-13,64,293.39056186772524,13.90828465492206,64,0,3,61,0,0,99,0,31,68,0,0
6,350.0,74,298.57129393883605,18.619845614695485,10,331.727979193946,7.510651798707015,10,0,1,9,0,0,15,0,3,12,0,0
Totals,7,2802,NA,NA,2802,NA,NA,2802,0,439,2343,0,0,2180,0,230,3194,0,0
