Age,Class,N_Initial_Age,AgeSize_Mean,AgeSize_Std,N_Initial_Class,ClassSize_Mean,ClassSize_Std,N_GrowthBack_Class,Capture_Back,PackingDeaths_Emigration_Class,N_AfterEmigration_Class,Deaths_AfterEmiMort_Age,Deaths_AfterEmiMort_Size,N_GrowthOut_Class,Capture_Out,PackingDeaths_Immigration_Class,N_Immigration_Class,Deaths_AfterImmiMort_Age,Deaths_AfterImmiMort_Size
0,50.0,1550,50.22193870785512,10.143184752408963,1538,50.0018920087595,9.865461234668535,0,0,0,0,0,0,0,0,46,1582,0,0
1,100.0,849,134.45931881561046,2.842170943040401e-14,12,78.4245906419438,3.6734757166684706,1550,0,79,1444,0,0,0,0,0,6,0,0
2,150.0,430,181.34298546680157,8.526512829121202e-14,849,134.45931881561046,2.842170943040401e-14,849,0,112,723,0,0,1385,0,413,972,0,0
3,200.0,209,218.2598823281493,5.684341886080802e-14,639,193.41752606777442,17.319354470930246,639,0,83,556,0,0,998,0,451,547,0,0
4,250.0,92,247.3287963277921,8.526512829121202e-14,159,256.9739711601692,11.302294427169763,159,0,17,142,0,0,236,0,64,172,0,0
5,300.0,67,270.2180918255227,5.684341886080802e-14,99,298.22785104487235,11.54126986872108,99,0,20,79,0,0,122,0,43,79,0,0
6,350.0,112,302.7522740317178,16.662468570568546,13,337.20749523923286,5.876096701752119,13,0,2,11,0,0,13,0,4,9,0,0
Totals,7,3309,NA,NA,3309,NA,NA,3309,0,313,2955,0,0,2754,0,1021,3367,0,0
