Age,Class,N_Initial_Age,AgeSize_Mean,AgeSize_Std,N_Initial_Class,ClassSize_Mean,ClassSize_Std,N_GrowthBack_Class,Capture_Back,PackingDeaths_Emigration_Class,N_AfterEmigration_Class,Deaths_AfterEmiMort_Age,Deaths_AfterEmiMort_Size,N_GrowthOut_Class,Capture_Out,PackingDeaths_Immigration_Class,N_Immigration_Class,Deaths_AfterImmiMort_Age,Deaths_AfterImmiMort_Size
0,50.0,1275,50.368399351821125,9.728853693689176,1267,50.195357293917795,9.508645669775317,0,0,0,0,0,0,0,0,122,1262,0,0
1,100.0,735,134.4593188156105,0.0,8,77.77393527226182,3.1243000668716485,1275,0,106,1169,0,0,0,0,0,8,0,0
2,150.0,344,181.34298546680154,5.684341886080802e-14,735,134.4593188156105,0.0,735,0,66,669,0,0,1129,0,380,749,0,0
3,200.0,146,218.25988232814936,0.0,490,192.34271391936636,16.884365986201733,490,0,53,437,0,0,917,0,348,569,0,0
4,250.0,104,247.32879632779216,2.842170943040401e-14,178,256.8445708605566,11.280931265273093,178,0,32,146,0,0,198,0,31,167,0,0
5,300.0,74,270.2180918255227,5.684341886080802e-14,65,299.3207173874799,11.505150089613249,65,0,13,52,0,0,98,0,28,70,0,0
6,350.0,73,303.8142938734718,16.83504238246605,8,340.3246028221562,3.692801898491211,8,0,0,8,0,0,11,0,1,10,0,0
Totals,7,2751,NA,NA,2751,NA,NA,2751,0,270,2481,0,0,2353,0,910,2835,0,0
