Age,Class,N_Initial_Age,AgeSize_Mean,AgeSize_Std,N_Initial_Class,ClassSize_Mean,ClassSize_Std,N_GrowthBack_Class,Capture_Back,PackingDeaths_Emigration_Class,N_AfterEmigration_Class,Deaths_AfterEmiMort_Age,Deaths_AfterEmiMort_Size,N_GrowthOut_Class,Capture_Out,PackingDeaths_Immigration_Class,N_Immigration_Class,Deaths_AfterImmiMort_Age,Deaths_AfterImmiMort_Size
0,50.0,1218,49.663344638363675,10.003022613106879,1213,49.541679591155386,9.840658677781484,0,0,0,0,0,0,0,0,0,1272,0,0
1,100.0,716,134.4593188156105,0.0,5,79.1792850910953,2.628908929390234,1218,0,27,1191,0,0,0,0,0,10,0,0
2,150.0,336,181.3429854668015,2.842170943040401e-14,716,134.4593188156105,0.0,716,0,38,678,0,0,1143,0,231,912,0,0
3,200.0,141,218.25988232814936,0.0,477,192.25552730631944,16.845581384606394,477,0,23,454,0,0,918,0,308,610,0,0
4,250.0,108,247.3287963277921,8.526512829121202e-14,156,254.37165648094,10.56429022972181,156,0,8,148,0,0,219,0,32,187,0,0
5,300.0,48,270.2180918255228,0.0,65,298.833757543549,12.633016083960516,65,0,5,60,0,0,94,0,18,76,0,0
6,350.0,76,304.0096793222145,17.267165911285424,11,334.5946716506923,4.814845364864739,11,0,0,11,0,0,17,0,4,13,0,0
Totals,7,2643,NA,NA,2643,NA,NA,2643,0,101,2542,0,0,2391,0,593,3080,0,0
