Age,Class,N_Initial_Age,AgeSize_Mean,AgeSize_Std,N_Initial_Class,ClassSize_Mean,ClassSize_Std,N_GrowthBack_Class,Capture_Back,PackingDeaths_Emigration_Class,N_AfterEmigration_Class,Deaths_AfterEmiMort_Age,Deaths_AfterEmiMort_Size,N_GrowthOut_Class,Capture_Out,PackingDeaths_Immigration_Class,N_Immigration_Class,Deaths_AfterImmiMort_Age,Deaths_AfterImmiMort_Size
0,50.0,1169,50.025070893391934,9.796587996741284,1163,49.86418187515285,9.559459272265057,0,0,0,0,0,0,0,0,123,1593,0,0
1,100.0,881,134.45931881561046,2.842170943040401e-14,6,81.21072559539938,2.842776784237817,1169,0,0,1169,0,0,0,0,0,10,0,0
2,150.0,388,181.34298546680154,5.684341886080802e-14,881,134.45931881561046,2.842170943040401e-14,881,0,105,770,0,0,1094,0,196,898,0,0
3,200.0,190,218.2598823281493,5.684341886080802e-14,578,193.4782975838536,17.341633879978136,578,0,77,491,0,0,1012,0,376,636,0,0
4,250.0,129,247.3287963277922,0.0,209,256.09024914989,11.125665242158634,209,0,16,192,0,0,251,0,52,199,0,0
5,300.0,80,270.2180918255227,5.684341886080802e-14,88,299.75711987473863,11.770818331728732,88,0,11,77,0,0,132,0,23,109,0,0
6,350.0,94,301.64514506267943,13.490358877904987,6,329.33618115247833,5.684341886080802e-14,6,0,0,6,0,0,11,0,2,9,0,0
Totals,7,2931,NA,NA,2931,NA,NA,2931,0,209,2705,0,0,2500,0,772,3454,0,0
