Age,Class,N_Initial_Age,AgeSize_Mean,AgeSize_Std,N_Initial_Class,ClassSize_Mean,ClassSize_Std,N_GrowthBack_Class,Capture_Back,PackingDeaths_Emigration_Class,N_AfterEmigration_Class,Deaths_AfterEmiMort_Age,Deaths_AfterEmiMort_Size,N_GrowthOut_Class,Capture_Out,PackingDeaths_Immigration_Class,N_Immigration_Class,Deaths_AfterImmiMort_Age,Deaths_AfterImmiMort_Size
0,50.0,1995,50.21631880587425,10.142770153028499,1987,50.105792203607024,10.01095951405132,0,0,0,0,0,0,0,0,27,1683,0,0
1,100.0,873,134.45931881561046,2.842170943040401e-14,8,77.66836364399798,2.455414865844541,1995,0,309,1686,0,0,0,0,0,6,0,0
2,150.0,416,181.34298546680154,5.684341886080802e-14,873,134.45931881561046,2.842170943040401e-14,873,0,29,844,0,0,1628,0,557,1071,0,0
3,200.0,179,218.25988232814927,8.526512829121202e-14,595,192.44907712761034,16.930952967759033,595,0,44,551,0,0,1147,0,540,607,0,0
4,250.0,141,247.3287963277921,8.526512829121202e-14,208,254.70179055061882,10.695868345277288,208,0,16,192,0,0,269,0,42,227,0,0
5,300.0,67,270.2180918255227,5.684341886080802e-14,98,298.5480685487161,12.629212137639648,98,0,14,84,0,0,123,0,22,101,0,0
6,350.0,109,302.1153530898017,16.077792887442634,11,333.8966153649277,4.130369733633244,11,0,1,10,0,0,18,0,3,15,0,0
Totals,7,3780,NA,NA,3780,NA,NA,3780,0,413,3367,0,0,3185,0,1191,3710,0,0
