Age,Class,N_Initial_Age,AgeSize_Mean,AgeSize_Std,N_Initial_Class,ClassSize_Mean,ClassSize_Std,N_GrowthBack_Class,Capture_Back,PackingDeaths_Emigration_Class,N_AfterEmigration_Class,Deaths_AfterEmiMort_Age,Deaths_AfterEmiMort_Size,N_GrowthOut_Class,Capture_Out,PackingDeaths_Immigration_Class,N_Immigration_Class,Deaths_AfterImmiMort_Age,Deaths_AfterImmiMort_Size
0,50.0,1055,50.048283233014274,9.677314788777414,1051,49.933575979339,9.51286080579046,0,0,0,0,0,0,0,0,35,1433,0,0
1,100.0,827,134.45931881561046,2.842170943040401e-14,4,80.18761413619444,3.320676493973619,1055,0,7,1048,0,0,0,0,0,8,0,0
2,150.0,364,181.34298546680154,5.684341886080802e-14,827,134.45931881561046,2.842170943040401e-14,827,0,75,752,0,0,997,0,265,732,0,0
3,200.0,175,218.25988232814927,8.526512829121202e-14,539,193.3289909412651,17.286462930468232,539,0,67,472,0,0,1001,0,357,644,0,0
4,250.0,92,247.3287963277921,8.526512829121202e-14,146,255.7947001420213,11.050205729644839,146,0,20,126,0,0,227,0,46,181,0,0
5,300.0,54,270.2180918255229,1.1368683772161603e-13,53,296.67469433718253,10.467888262814496,53,0,9,44,0,0,80,0,23,57,0,0
6,350.0,61,301.3673337384334,15.602034484122587,8,332.45606977172,4.214352087568188,8,0,2,6,0,0,7,0,2,5,0,0
Totals,7,2628,NA,NA,2628,NA,NA,2628,0,180,2448,0,0,2312,0,728,3060,0,0
