Age,Class,N_Initial_Age,AgeSize_Mean,AgeSize_Std,N_Initial_Class,ClassSize_Mean,ClassSize_Std,N_GrowthBack_Class,Capture_Back,PackingDeaths_Emigration_Class,N_AfterEmigration_Class,Deaths_AfterEmiMort_Age,Deaths_AfterEmiMort_Size,N_GrowthOut_Class,Capture_Out,PackingDeaths_Immigration_Class,N_Immigration_Class,Deaths_AfterImmiMort_Age,Deaths_AfterImmiMort_Size
0,50.0,1446,49.88159239241686,10.087838875209176,1436,49.67661777622184,9.81495380839489,0,0,0,0,0,0,0,0,0,1412,0,0
1,100.0,828,134.4593188156105,0.0,10,79.31594727802093,3.0441201193883507,1446,0,75,1299,0,0,0,0,0,7,0,0
2,150.0,400,181.34298546680154,5.684341886080802e-14,828,134.4593188156105,0.0,828,0,43,761,0,0,1254,0,295,959,0,0
3,200.0,143,218.25988232814936,0.0,543,191.0651148428102,16.260106021885065,543,0,59,477,0,0,1038,0,393,645,0,0
4,250.0,88,247.32879632779216,2.842170943040401e-14,152,256.9663944320998,11.301085508822212,152,0,8,140,0,0,190,0,18,172,0,0
5,300.0,64,270.2180918255228,0.0,75,301.6547867634702,12.574928361853004,75,0,14,61,0,0,100,0,25,75,0,0
6,350.0,82,304.6501833044648,15.757194273638326,7,336.7437176722639,9.389626758470923,7,0,1,6,0,0,10,0,0,10,0,0
Totals,7,3051,NA,NA,3051,NA,NA,3051,0,200,2744,0,0,2592,0,731,3280,0,0
