Age,Class,N_Initial_Age,AgeSize_Mean,AgeSize_Std,N_Initial_Class,ClassSize_Mean,ClassSize_Std,N_GrowthBack_Class,Capture_Back,PackingDeaths_Emigration_Class,N_AfterEmigration_Class,Deaths_AfterEmiMort_Age,Deaths_AfterEmiMort_Size,N_GrowthOut_Class,Capture_Out,PackingDeaths_Immigration_Class,N_Immigration_Class,Deaths_AfterImmiMort_Age,Deaths_AfterImmiMort_Size
0,50.0,1167,49.87446295758145,10.14519435809719,1160,49.70889176186085,9.94659435880967,0,0,0,0,0,0,0,0,13,1586,0,0
1,100.0,1060,134.45931881561046,2.842170943040401e-14,7,77.31197539128186,2.608256909747834,1167,0,61,1106,0,0,0,0,0,11,0,0
2,150.0,498,181.3429854668015,2.842170943040401e-14,1060,134.45931881561046,2.842170943040401e-14,1060,0,112,948,0,0,1060,0,195,865,0,0
3,200.0,205,218.25988232814927,8.526512829121202e-14,703,192.10822566107788,16.778821934190567,703,0,130,573,0,0,1260,0,583,677,0,0
4,250.0,104,247.32879632779216,2.842170943040401e-14,185,257.3505959781499,11.355855995220299,185,0,23,162,0,0,234,0,41,193,0,0
5,300.0,81,270.2180918255227,5.684341886080802e-14,84,299.2052927156289,11.16391997393252,84,0,18,66,0,0,119,0,32,87,0,0
6,350.0,91,302.3978905133651,15.539525721471387,7,340.70906408619913,7.317354461139162,7,0,1,6,0,0,10,0,2,8,0,0
Totals,7,3206,NA,NA,3206,NA,NA,3206,0,345,2861,0,0,2683,0,866,3427,0,0
