Age,Class,N_Initial_Age,AgeSize_Mean,AgeSize_Std,N_Initial_Class,ClassSize_Mean,ClassSize_Std,N_GrowthBack_Class,Capture_Back,PackingDeaths_Emigration_Class,N_AfterEmigration_Class,Deaths_AfterEmiMort_Age,Deaths_AfterEmiMort_Size,N_GrowthOut_Class,Capture_Out,PackingDeaths_Immigration_Class,N_Immigration_Class,Deaths_AfterImmiMort_Age,Deaths_AfterImmiMort_Size
0,50.0,1483,49.94267506831329,9.838562991916126,1477,49.83216647024812,9.703895015914924,0,0,0,0,0,0,0,0,22,1676,0,0
1,100.0,2382,134.4593188156105,0.0,6,77.14620829202097,1.2674166197391816,1483,0,56,1427,0,0,0,0,0,11,0,0
2,150.0,476,181.34298546680157,8.526512829121202e-14,2382,134.4593188156105,0.0,2382,0,370,2012,0,0,1402,0,469,933,0,0
3,200.0,294,218.25988232814936,0.0,770,195.43852790477067,17.935422207650152,770,0,105,665,0,0,2347,0,1584,763,0,0
4,250.0,76,247.3287963277921,8.526512829121202e-14,213,262.05101925356246,10.965284449358487,213,0,27,184,0,0,293,0,86,207,0,0
5,300.0,137,270.2180918255227,5.684341886080802e-14,94,301.8592098572046,10.213666610107722,94,0,20,74,0,0,179,0,60,119,0,0
6,350.0,94,301.8592098572045,10.21366661010772,0,nan,nan,0,0,0,0,0,0,0,0,0,0,0,0
Totals,7,4942,NA,NA,4942,NA,NA,4942,0,578,4362,0,0,4221,0,2221,3709,0,0
