Age,Class,N_Initial_Age,AgeSize_Mean,AgeSize_Std,N_Initial_Class,ClassSize_Mean,ClassSize_Std,N_GrowthBack_Class,Capture_Back,PackingDeaths_Emigration_Class,N_AfterEmigration_Class,Deaths_AfterEmiMort_Age,Deaths_AfterEmiMort_Size,N_GrowthOut_Class,Capture_Out,PackingDeaths_Immigration_Class,N_Immigration_Class,Deaths_AfterImmiMort_Age,Deaths_AfterImmiMort_Size
0,50.0,1411,50.43278372869992,10.16939200711529,1398,50.15495550686476,9.788223811593891,0,0,0,0,0,0,0,0,165,1468,0,0
1,100.0,864,134.4593188156105,0.0,13,80.31000327681825,4.531560431340771,1411,0,23,1388,0,0,0,0,0,14,0,0
2,150.0,361,181.34298546680154,5.684341886080802e-14,864,134.4593188156105,0.0,864,0,116,748,0,0,1331,0,463,868,0,0
3,200.0,180,218.2598823281493,5.684341886080802e-14,541,193.62587166835903,17.39473338749864,541,0,87,454,0,0,991,0,337,654,0,0
4,250.0,103,247.32879632779208,1.1368683772161603e-13,192,257.938938511636,11.414182518146259,192,0,38,154,0,0,212,0,56,156,0,0
5,300.0,89,270.2180918255227,5.684341886080802e-14,75,301.52473171754593,13.511970056040347,75,0,13,62,0,0,103,0,25,78,0,0
6,350.0,83,304.87250954086875,16.464755626702885,8,336.25792663451995,3.2861865425658188,8,0,0,8,0,0,21,0,6,15,0,0
Totals,7,3091,NA,NA,3091,NA,NA,3091,0,277,2814,0,0,2658,0,1052,3253,0,0
