Age,Class,N_Initial_Age,AgeSize_Mean,AgeSize_Std,N_Initial_Class,ClassSize_Mean,ClassSize_Std,N_GrowthBack_Class,Capture_Back,PackingDeaths_Emigration_Class,N_AfterEmigration_Class,Deaths_AfterEmiMort_Age,Deaths_AfterEmiMort_Size,N_GrowthOut_Class,Capture_Out,PackingDeaths_Immigration_Class,N_Immigration_Class,Deaths_AfterImmiMort_Age,Deaths_AfterImmiMort_Size
0,50.0,1062,49.606397774916566,10.499989280252096,1050,49.28073674283627,10.102586985071554,0,0,0,0,0,0,0,0,12,1188,0,0
1,100.0,822,134.4593188156105,0.0,12,78.10173808194256,2.322230502040144,1062,0,11,1051,0,0,0,0,0,5,0,0
2,150.0,389,181.3429854668015,2.842170943040401e-14,822,134.4593188156105,0.0,822,0,50,772,0,0,1003,0,196,807,0,0
3,200.0,140,218.25988232814936,0.0,529,191.1130526890864,16.285771410822427,529,0,40,489,0,0,1045,0,404,641,0,0
4,250.0,109,247.3287963277921,8.526512829121202e-14,182,256.5096675988599,11.218523884815596,182,0,27,155,0,0,208,0,33,175,0,0
5,300.0,73,270.2180918255227,5.684341886080802e-14,69,301.00812558477077,12.607240347614082,69,0,9,60,0,0,103,0,31,72,0,0
6,350.0,75,303.7328773839563,15.329809741338988,6,335.0675230745901,6.51615879501483,6,0,1,5,0,0,12,0,0,12,0,0
Totals,7,2670,NA,NA,2670,NA,NA,2670,0,138,2532,0,0,2371,0,676,2900,0,0
