Age,Class,N_Initial_Age,AgeSize_Mean,AgeSize_Std,N_Initial_Class,ClassSize_Mean,ClassSize_Std,N_GrowthBack_Class,Capture_Back,PackingDeaths_Emigration_Class,N_AfterEmigration_Class,Deaths_AfterEmiMort_Age,Deaths_AfterEmiMort_Size,N_GrowthOut_Class,Capture_Out,PackingDeaths_Immigration_Class,N_Immigration_Class,Deaths_AfterImmiMort_Age,Deaths_AfterImmiMort_Size
0,50.0,1444,50.326709218035944,9.726340918969429,1435,50.152716439594535,9.502624047794068,0,0,0,0,0,0,0,0,25,1442,0,0
1,100.0,821,134.4593188156105,0.0,9,78.0688911139705,2.459922616642884,1444,0,73,1333,0,0,0,0,0,12,0,0
2,150.0,431,181.34298546680154,5.684341886080802e-14,821,134.4593188156105,0.0,821,0,45,758,0,0,1286,0,242,1044,0,0
3,200.0,204,218.2598823281493,5.684341886080802e-14,635,193.20290193879356,17.238726590386637,635,0,62,566,0,0,1054,0,361,693,0,0
4,250.0,114,247.32879632779213,5.684341886080802e-14,205,257.48941042678473,11.372388477430853,205,0,22,180,0,0,252,0,26,226,0,0
5,300.0,91,270.2180918255227,5.684341886080802e-14,69,298.6310701142649,12.406767566526195,69,0,0,69,0,0,135,0,33,102,0,0
6,350.0,78,302.6072693172837,16.122812885864693,9,333.0914632070943,4.716612207205076,9,0,0,9,0,0,14,0,1,13,0,0
Totals,7,3183,NA,NA,3183,NA,NA,3183,0,202,2915,0,0,2741,0,688,3532,0,0
