Age,Class,N_Initial_Age,AgeSize_Mean,AgeSize_Std,N_Initial_Class,ClassSize_Mean,ClassSize_Std,N_GrowthBack_Class,Capture_Back,PackingDeaths_Emigration_Class,N_AfterEmigration_Class,Deaths_AfterEmiMort_Age,Deaths_AfterEmiMort_Size,N_GrowthOut_Class,Capture_Out,PackingDeaths_Immigration_Class,N_Immigration_Class,Deaths_AfterImmiMort_Age,Deaths_AfterImmiMort_Size
0,50.0,1344,50.07778673834309,10.118730921549588,1334,49.87710734107519,9.885873153915298,0,0,0,0,0,0,0,0,58,1258,0,0
1,100.0,857,134.45931881561046,2.842170943040401e-14,10,76.84841833388194,1.3256042816339042,1344,0,111,1233,0,0,0,0,0,12,0,0
2,150.0,433,181.34298546680154,5.684341886080802e-14,857,134.45931881561046,2.842170943040401e-14,857,0,95,762,0,0,1191,0,273,918,0,0
3,200.0,197,218.25988232814925,1.1368683772161603e-13,630,192.886840517096,17.11440086160956,630,0,111,519,0,0,1030,0,337,693,0,0
4,250.0,101,247.3287963277921,8.526512829121202e-14,175,257.00769842397534,11.307612674019294,175,0,14,161,0,0,225,0,54,171,0,0
5,300.0,74,270.2180918255227,5.684341886080802e-14,74,299.16130196708707,11.60866933442871,74,0,11,63,0,0,117,0,40,77,0,0
6,350.0,83,302.85147911317364,15.306756176294954,9,333.19293564766355,4.486771211279317,9,0,1,8,0,0,11,0,2,9,0,0
Totals,7,3089,NA,NA,3089,NA,NA,3089,0,343,2746,0,0,2574,0,764,3138,0,0
