Age,Class,N_Initial_Age,AgeSize_Mean,AgeSize_Std,N_Initial_Class,ClassSize_Mean,ClassSize_Std,N_GrowthBack_Class,Capture_Back,PackingDeaths_Emigration_Class,N_AfterEmigration_Class,Deaths_AfterEmiMort_Age,Deaths_AfterEmiMort_Size,N_GrowthOut_Class,Capture_Out,PackingDeaths_Immigration_Class,N_Immigration_Class,Deaths_AfterImmiMort_Age,Deaths_AfterImmiMort_Size
0,50.0,1226,50.13248920387843,10.197186782696921,1219,49.97733276051757,10.017197770767055,0,0,0,0,0,0,0,0,41,1500,0,0
1,100.0,901,134.4593188156105,0.0,7,77.15187555486305,1.8272356667292937,1226,0,40,1152,0,0,0,0,0,10,0,0
2,150.0,413,181.34298546680157,8.526512829121202e-14,901,134.4593188156105,0.0,901,0,106,786,0,0,1108,0,187,921,0,0
3,200.0,208,218.2598823281493,5.684341886080802e-14,621,193.70806525288904,17.423695848729125,621,0,78,542,0,0,1043,0,362,681,0,0
4,250.0,138,247.32879632779213,5.684341886080802e-14,196,254.1021592812022,10.447921346150931,196,0,12,182,0,0,277,0,45,232,0,0
5,300.0,58,270.21809182552283,5.684341886080802e-14,79,298.02638728234393,12.049386623979212,79,0,21,58,0,0,96,0,17,79,0,0
6,350.0,86,300.9285199799409,15.158816022238698,7,333.68116042424975,4.098240003169637,7,0,3,4,0,0,10,0,0,10,0,0
Totals,7,3030,NA,NA,3030,NA,NA,3030,0,260,2724,0,0,2534,0,652,3433,0,0
