Age,Class,N_Initial_Age,AgeSize_Mean,AgeSize_Std,N_Initial_Class,ClassSize_Mean,ClassSize_Std,N_GrowthBack_Class,Capture_Back,PackingDeaths_Emigration_Class,N_AfterEmigration_Class,Deaths_AfterEmiMort_Age,Deaths_AfterEmiMort_Size,N_GrowthOut_Class,Capture_Out,PackingDeaths_Immigration_Class,N_Immigration_Class,Deaths_AfterImmiMort_Age,Deaths_AfterImmiMort_Size
0,50.0,1212,49.94258733811609,10.240102330124374,1205,49.7759443810361,10.030159789872144,0,0,0,0,0,0,0,0,70,1111,0,0
1,100.0,711,134.4593188156105,0.0,7,78.62898209260162,3.1208240524802613,1212,0,49,1163,0,0,0,0,0,5,0,0
2,150.0,345,181.3429854668015,2.842170943040401e-14,711,134.4593188156105,0.0,711,0,50,655,0,0,1124,0,273,851,0,0
3,200.0,173,218.2598823281493,5.684341886080802e-14,518,193.6723738008038,17.411172872590647,518,0,74,439,0,0,858,0,289,569,0,0
4,250.0,97,247.32879632779216,2.842170943040401e-14,148,255.2163238303885,10.87781492990164,148,0,19,126,0,0,210,0,37,173,0,0
5,300.0,51,270.21809182552283,5.684341886080802e-14,73,295.8184182476051,10.783277155765687,73,0,12,61,0,0,89,0,9,80,0,0
6,350.0,79,299.01089699974887,15.318830064877794,6,337.8527218174984,6.508349028569125,6,0,1,5,0,0,10,0,4,6,0,0
Totals,7,2668,NA,NA,2668,NA,NA,2668,0,205,2449,0,0,2291,0,682,2795,0,0
