Age,Class,N_Initial_Age,AgeSize_Mean,AgeSize_Std,N_Initial_Class,ClassSize_Mean,ClassSize_Std,N_GrowthBack_Class,Capture_Back,PackingDeaths_Emigration_Class,N_AfterEmigration_Class,Deaths_AfterEmiMort_Age,Deaths_AfterEmiMort_Size,N_GrowthOut_Class,Capture_Out,PackingDeaths_Immigration_Class,N_Immigration_Class,Deaths_AfterImmiMort_Age,Deaths_AfterImmiMort_Size
0,50.0,1495,50.1122010725556,9.63861964760717,1487,49.957696781012984,9.427970440116285,0,0,0,0,0,0,0,0,0,1339,0,0
1,100.0,914,134.45931881561046,2.842170943040401e-14,8,78.83068626304124,3.202463369059908,1495,0,76,1388,0,0,0,0,0,11,0,0
2,150.0,368,181.3429854668015,2.842170943040401e-14,914,134.45931881561046,2.842170943040401e-14,914,0,68,845,0,0,1324,0,459,865,0,0
3,200.0,194,218.2598823281493,5.684341886080802e-14,562,194.0865406111102,17.551476097277593,562,0,62,499,0,0,1075,0,537,538,0,0
4,250.0,108,247.3287963277921,8.526512829121202e-14,177,256.25174203029724,11.163376768925719,177,0,34,143,0,0,239,0,41,198,0,0
5,300.0,69,270.2180918255227,5.684341886080802e-14,81,302.5060870050964,12.03251690831595,81,0,24,57,0,0,96,0,21,75,0,0
6,350.0,89,305.5116306170937,15.039297706281822,8,335.9427596885666,5.729727164813796,8,0,2,6,0,0,13,0,1,12,0,0
Totals,7,3237,NA,NA,3237,NA,NA,3237,0,266,2938,0,0,2747,0,1059,3038,0,0
