Age,Class,N_Initial_Age,AgeSize_Mean,AgeSize_Std,N_Initial_Class,ClassSize_Mean,ClassSize_Std,N_GrowthBack_Class,Capture_Back,PackingDeaths_Emigration_Class,N_AfterEmigration_Class,Deaths_AfterEmiMort_Age,Deaths_AfterEmiMort_Size,N_GrowthOut_Class,Capture_Out,PackingDeaths_Immigration_Class,N_Immigration_Class,Deaths_AfterImmiMort_Age,Deaths_AfterImmiMort_Size
0,50.0,1646,49.62591891867504,9.892797120774027,1636,49.45721329125636,9.682828441245832,0,0,0,0,0,0,0,0,56,1450,0,0
1,100.0,730,134.45931881561046,2.842170943040401e-14,10,77.22615956437215,1.9691929792130463,1646,0,184,1462,0,0,0,0,0,15,0,0
2,150.0,394,181.34298546680154,5.684341886080802e-14,730,134.45931881561046,2.842170943040401e-14,730,0,84,646,0,0,1387,0,451,936,0,0
3,200.0,175,218.25988232814927,8.526512829121202e-14,569,192.69703986176788,17.036487427085795,569,0,69,500,0,0,905,0,313,592,0,0
4,250.0,118,247.3287963277921,8.526512829121202e-14,186,255.69692586459686,11.023384134940915,186,0,21,165,0,0,237,0,62,175,0,0
5,300.0,68,270.2180918255227,5.684341886080802e-14,77,297.62493260519904,11.236015518188578,77,0,5,72,0,0,118,0,28,90,0,0
6,350.0,84,300.6434255233842,14.724321207831723,7,333.8468476234211,3.20118646448859,7,0,2,5,0,0,7,0,0,7,0,0
Totals,7,3215,NA,NA,3215,NA,NA,3215,0,365,2850,0,0,2654,0,910,3265,0,0
