Age,Class,N_Initial_Age,AgeSize_Mean,AgeSize_Std,N_Initial_Class,ClassSize_Mean,ClassSize_Std,N_GrowthBack_Class,Capture_Back,PackingDeaths_Emigration_Class,N_AfterEmigration_Class,Deaths_AfterEmiMort_Age,Deaths_AfterEmiMort_Size,N_GrowthOut_Class,Capture_Out,PackingDeaths_Immigration_Class,N_Immigration_Class,Deaths_AfterImmiMort_Age,Deaths_AfterImmiMort_Size
0,50.0,1610,50.23334179177027,10.075436048275302,1596,49.9886913141972,9.770256573897953,0,0,0,0,0,0,0,0,38,1483,0,0
1,100.0,900,134.4593188156105,0.0,14,78.12349623510156,2.696504032640343,1610,0,61,1549,0,0,0,0,0,14,0,0
2,150.0,429,181.34298546680154,5.684341886080802e-14,900,134.4593188156105,0.0,900,0,174,726,0,0,1504,0,580,924,0,0
3,200.0,184,218.2598823281493,5.684341886080802e-14,613,192.4240768574834,16.92007451438466,613,0,90,523,0,0,1026,0,461,565,0,0
4,250.0,173,247.32879632779216,2.842170943040401e-14,224,252.5401984277219,9.598260820358723,224,0,29,195,0,0,290,0,81,209,0,0
5,300.0,51,270.21809182552283,5.684341886080802e-14,88,298.709207912928,11.949042622233298,88,0,16,72,0,0,99,0,18,81,0,0
6,350.0,102,303.2873240599179,15.998343137257308,14,332.0640541267116,2.727872974233207,14,0,2,12,0,0,15,0,6,9,0,0
Totals,7,3449,NA,NA,3449,NA,NA,3449,0,372,3077,0,0,2934,0,1184,3285,0,0
