Age,Class,N_Initial_Age,AgeSize_Mean,AgeSize_Std,N_Initial_Class,ClassSize_Mean,ClassSize_Std,N_GrowthBack_Class,Capture_Back,PackingDeaths_Emigration_Class,N_AfterEmigration_Class,Deaths_AfterEmiMort_Age,Deaths_AfterEmiMort_Size,N_GrowthOut_Class,Capture_Out,PackingDeaths_Immigration_Class,N_Immigration_Class,Deaths_AfterImmiMort_Age,Deaths_AfterImmiMort_Size
0,50.0,1260,49.998157081790666,10.07385417858368,1249,49.757330586213776,9.781633521940833,0,0,0,0,0,0,0,0,36,1398,0,0
1,100.0,704,134.4593188156105,0.0,11,77.34291098865633,2.4440153143387495,1260,0,92,1168,0,0,0,0,0,12,0,0
2,150.0,360,181.3429854668015,2.842170943040401e-14,704,134.4593188156105,0.0,704,0,72,632,0,0,1115,0,287,828,0,0
3,200.0,170,218.2598823281493,5.684341886080802e-14,530,193.1842542713848,17.231577184457024,530,0,64,466,0,0,876,0,267,609,0,0
4,250.0,121,247.32879632779216,2.842170943040401e-14,169,253.82989800762093,10.321885213415294,169,0,15,154,0,0,239,0,56,183,0,0
5,300.0,48,270.2180918255228,0.0,76,298.5317256044765,11.621271071390888,76,0,13,63,0,0,94,0,26,68,0,0
6,350.0,87,302.7894690105066,15.64124615335675,11,332.206605270351,3.351027885270542,11,0,3,8,0,0,13,0,3,10,0,0
Totals,7,2750,NA,NA,2750,NA,NA,2750,0,259,2491,0,0,2337,0,675,3108,0,0
