Age,Class,N_Initial_Age,AgeSize_Mean,AgeSize_Std,N_Initial_Class,ClassSize_Mean,ClassSize_Std,N_GrowthBack_Class,Capture_Back,PackingDeaths_Emigration_Class,N_AfterEmigration_Class,Deaths_AfterEmiMort_Age,Deaths_AfterEmiMort_Size,N_GrowthOut_Class,Capture_Out,PackingDeaths_Immigration_Class,N_Immigration_Class,Deaths_AfterImmiMort_Age,Deaths_AfterImmiMort_Size
0,50.0,1103,49.796520492136416,9.815294100005286,1099,49.68283295640975,9.649195432308728,0,0,0,0,0,0,0,0,0,1116,0,0
1,100.0,715,134.4593188156105,0.0,4,81.03217093303869,2.3231160923956096,1103,0,0,1103,0,0,0,0,0,4,0,0
2,150.0,367,181.34298546680154,5.684341886080802e-14,715,134.4593188156105,0.0,715,0,53,662,0,0,1059,0,240,819,0,0
3,200.0,160,218.25988232814933,2.842170943040401e-14,527,192.55115149681222,16.974914538179057,527,0,44,483,0,0,933,0,341,592,0,0
4,250.0,113,247.32879632779216,2.842170943040401e-14,157,253.7436307347994,10.280123532413157,157,0,7,150,0,0,233,0,48,185,0,0
5,300.0,44,270.21809182552283,5.684341886080802e-14,70,295.84307016098234,9.812846674463616,70,0,1,69,0,0,96,0,12,84,0,0
6,350.0,76,298.7318698582103,13.709626692609277,6,332.4345329925356,4.910499049183808,6,0,2,4,0,0,5,0,0,5,0,0
Totals,7,2578,NA,NA,2578,NA,NA,2578,0,107,2471,0,0,2326,0,641,2805,0,0
