Age,Class,N_Initial_Age,AgeSize_Mean,AgeSize_Std,N_Initial_Class,ClassSize_Mean,ClassSize_Std,N_GrowthBack_Class,Capture_Back,PackingDeaths_Emigration_Class,N_AfterEmigration_Class,Deaths_AfterEmiMort_Age,Deaths_AfterEmiMort_Size,N_GrowthOut_Class,Capture_Out,PackingDeaths_Immigration_Class,N_Immigration_Class,Deaths_AfterImmiMort_Age,Deaths_AfterImmiMort_Size
0,50.0,1404,50.22212106114001,9.951243306622032,1389,49.917826521844916,9.557792517162056,0,0,0,0,0,0,0,0,28,1148,0,0
1,100.0,845,134.4593188156105,0.0,15,78.39979539986543,2.693491670715579,1404,0,137,1236,0,0,0,0,0,10,0,0
2,150.0,337,181.3429854668015,2.842170943040401e-14,845,134.4593188156105,0.0,845,0,62,773,0,0,1184,0,260,924,0,0
3,200.0,184,218.2598823281493,5.684341886080802e-14,521,194.38081468462875,17.644580069164775,521,0,38,482,0,0,992,0,309,683,0,0
4,250.0,99,247.32879632779213,5.684341886080802e-14,157,255.7847144097563,11.047509089102054,157,0,11,143,0,0,242,0,34,208,0,0
5,300.0,58,270.21809182552283,5.684341886080802e-14,80,299.2855506085226,11.793982993322803,80,0,15,65,0,0,108,0,22,86,0,0
6,350.0,85,301.43720802990055,14.378823070343282,5,335.86372677194714,5.470975627015608,5,0,0,5,0,0,9,0,2,7,0,0
Totals,7,3012,NA,NA,3012,NA,NA,3012,0,263,2704,0,0,2535,0,655,3066,0,0
