Age,Class,N_Initial_Age,AgeSize_Mean,AgeSize_Std,N_Initial_Class,ClassSize_Mean,ClassSize_Std,N_GrowthBack_Class,Capture_Back,PackingDeaths_Emigration_Class,N_AfterEmigration_Class,Deaths_AfterEmiMort_Age,Deaths_AfterEmiMort_Size,N_GrowthOut_Class,Capture_Out,PackingDeaths_Immigration_Class,N_Immigration_Class,Deaths_AfterImmiMort_Age,Deaths_AfterImmiMort_Size
0,50.0,1261,49.65848507581789,9.623716623173104,1256,49.54485694804937,9.47068587080445,0,0,0,0,0,0,0,0,14,1269,0,0
1,100.0,826,134.45931881561046,2.842170943040401e-14,5,78.20187077126987,2.94310296515408,1261,0,53,1208,0,0,0,0,0,13,0,0
2,150.0,393,181.34298546680154,5.684341886080802e-14,826,134.45931881561046,2.842170943040401e-14,826,0,54,767,0,0,1157,0,354,803,0,0
3,200.0,185,218.2598823281493,5.684341886080802e-14,578,193.1589472649838,17.221837585026137,578,0,59,516,0,0,1036,0,474,562,0,0
4,250.0,95,247.32879632779208,1.1368683772161603e-13,144,255.11751493465889,10.845005495816613,144,0,13,128,0,0,233,0,54,179,0,0
5,300.0,49,270.21809182552283,5.684341886080802e-14,74,296.6662700952809,10.77591953150564,74,0,14,60,0,0,86,0,18,68,0,0
6,350.0,85,301.83355929086423,16.982688557836486,11,336.5953229702432,7.710886142971345,11,0,1,9,0,0,10,0,1,9,0,0
Totals,7,2894,NA,NA,2894,NA,NA,2894,0,194,2688,0,0,2522,0,915,2903,0,0
