Age,Class,N_Initial_Age,AgeSize_Mean,AgeSize_Std,N_Initial_Class,ClassSize_Mean,ClassSize_Std,N_GrowthBack_Class,Capture_Back,PackingDeaths_Emigration_Class,N_AfterEmigration_Class,Deaths_AfterEmiMort_Age,Deaths_AfterEmiMort_Size,N_GrowthOut_Class,Capture_Out,PackingDeaths_Immigration_Class,N_Immigration_Class,Deaths_AfterImmiMort_Age,Deaths_AfterImmiMort_Size
0,50.0,1598,49.99464004055064,9.95956909469589,1591,49.871435530939266,9.8040418555758,0,0,0,0,0,0,0,0,58,1333,0,0
1,100.0,823,134.4593188156105,0.0,7,77.99726501079252,3.197219031836199,1598,0,272,1326,0,0,0,0,0,8,0,0
2,150.0,370,181.34298546680154,5.684341886080802e-14,823,134.4593188156105,0.0,823,0,72,751,0,0,1254,0,336,918,0,0
3,200.0,168,218.25988232814936,0.0,538,192.87093839004766,17.10796745640384,538,0,63,475,0,0,967,0,392,575,0,0
4,250.0,134,247.32879632779213,5.684341886080802e-14,202,255.0341037230678,10.816528824702658,202,0,15,187,0,0,259,0,48,211,0,0
5,300.0,68,270.2180918255227,5.684341886080802e-14,78,297.35314126295515,11.175723847548657,78,0,13,65,0,0,117,0,18,99,0,0
6,350.0,93,303.0672717972137,16.682744468221813,15,332.7807505753579,4.837941173596314,15,0,0,15,0,0,18,0,3,15,0,0
Totals,7,3254,NA,NA,3254,NA,NA,3254,0,435,2819,0,0,2615,0,855,3159,0,0
