Age,Class,N_Initial_Age,AgeSize_Mean,AgeSize_Std,N_Initial_Class,ClassSize_Mean,ClassSize_Std,N_GrowthBack_Class,Capture_Back,PackingDeaths_Emigration_Class,N_AfterEmigration_Class,Deaths_AfterEmiMort_Age,Deaths_AfterEmiMort_Size,N_GrowthOut_Class,Capture_Out,PackingDeaths_Immigration_Class,N_Immigration_Class,Deaths_AfterImmiMort_Age,Deaths_AfterImmiMort_Size
0,50.0,1312,49.7145168366725,9.732046234039633,1304,49.53792560510065,9.494346444478651,0,0,0,0,0,0,0,0,16,1854,0,0
1,100.0,868,134.4593188156105,0.0,8,78.49888758288492,2.4530602599973186,1312,0,109,1203,0,0,0,0,0,10,0,0
2,150.0,483,181.34298546680154,5.684341886080802e-14,868,134.4593188156105,0.0,868,0,59,809,0,0,1146,0,225,921,0,0
3,200.0,236,218.25988232814927,8.526512829121202e-14,719,193.46035356037325,17.33508057743792,719,0,91,628,0,0,1123,0,512,611,0,0
4,250.0,135,247.3287963277921,8.526512829121202e-14,204,255.07076392261274,10.829133011116415,204,0,13,191,0,0,299,0,35,264,0,0
5,300.0,69,270.2180918255227,5.684341886080802e-14,81,298.70599043230237,11.531583691895577,81,0,13,68,0,0,123,0,25,98,0,0
6,350.0,91,302.930129353018,16.404720132273354,10,337.14565461081503,7.522941275509103,10,0,1,9,0,0,12,0,0,12,0,0
Totals,7,3194,NA,NA,3194,NA,NA,3194,0,286,2908,0,0,2703,0,813,3770,0,0
