Age,Class,N_Initial_Age,AgeSize_Mean,AgeSize_Std,N_Initial_Class,ClassSize_Mean,ClassSize_Std,N_GrowthBack_Class,Capture_Back,PackingDeaths_Emigration_Class,N_AfterEmigration_Class,Deaths_AfterEmiMort_Age,Deaths_AfterEmiMort_Size,N_GrowthOut_Class,Capture_Out,PackingDeaths_Immigration_Class,N_Immigration_Class,Deaths_AfterImmiMort_Age,Deaths_AfterImmiMort_Size
0,50.0,1610,49.738926354688004,10.411129341261427,1599,49.54403011816917,10.175184528071787,0,0,0,0,0,0,0,0,14,1503,0,0
1,100.0,862,134.4593188156105,0.0,11,78.06975200865332,2.5098913628275983,1610,0,39,1571,0,0,0,0,0,8,0,0
2,150.0,413,181.34298546680157,8.526512829121202e-14,862,134.4593188156105,0.0,862,0,99,763,0,0,1511,0,497,1014,0,0
3,200.0,172,218.25988232814933,2.842170943040401e-14,585,192.19718420210378,16.81932534432607,585,0,118,467,0,0,1015,0,429,586,0,0
4,250.0,128,247.32879632779216,2.842170943040401e-14,203,255.78543259542658,11.0477033578767,203,0,31,172,0,0,229,0,62,167,0,0
5,300.0,75,270.2180918255227,5.684341886080802e-14,64,296.0811948326707,10.909942182504105,64,0,7,57,0,0,107,0,23,84,0,0
6,350.0,72,300.51200112616345,16.34228830629574,8,335.9584514741051,6.157237921131603,8,0,1,7,0,0,10,0,2,8,0,0
Totals,7,3332,NA,NA,3332,NA,NA,3332,0,295,3037,0,0,2872,0,1027,3370,0,0
