Age,Class,N_Initial_Age,AgeSize_Mean,AgeSize_Std,N_Initial_Class,ClassSize_Mean,ClassSize_Std,N_GrowthBack_Class,Capture_Back,PackingDeaths_Emigration_Class,N_AfterEmigration_Class,Deaths_AfterEmiMort_Age,Deaths_AfterEmiMort_Size,N_GrowthOut_Class,Capture_Out,PackingDeaths_Immigration_Class,N_Immigration_Class,Deaths_AfterImmiMort_Age,Deaths_AfterImmiMort_Size
0,50.0,1059,50.20898525034157,9.832669617308467,1052,50.01947307903542,9.579865118579889,0,0,0,0,0,0,0,0,0,1152,0,0
1,100.0,636,134.4593188156105,0.0,7,78.68995728092156,4.201989373301779,1059,0,0,1059,0,0,0,0,0,7,0,0
2,150.0,347,181.34298546680154,5.684341886080802e-14,636,134.4593188156105,0.0,636,0,19,617,0,0,997,0,171,826,0,0
3,200.0,136,218.25988232814936,0.0,483,191.73780528697395,16.603981814605543,483,0,36,447,0,0,856,0,251,605,0,0
4,250.0,100,247.3287963277921,8.526512829121202e-14,157,255.63892271868798,11.007031296041662,157,0,11,146,0,0,200,0,38,162,0,0
5,300.0,57,270.21809182552283,5.684341886080802e-14,68,300.6433306663417,11.968557355889175,68,0,12,56,0,0,99,0,30,69,0,0
6,350.0,74,303.33071627858607,14.698705832183686,6,333.787753217355,5.630368377746635,6,0,0,6,0,0,9,0,1,8,0,0
Totals,7,2409,NA,NA,2409,NA,NA,2409,0,78,2331,0,0,2161,0,491,2829,0,0
