Age,Class,N_Initial_Age,AgeSize_Mean,AgeSize_Std,N_Initial_Class,ClassSize_Mean,ClassSize_Std,N_GrowthBack_Class,Capture_Back,PackingDeaths_Emigration_Class,N_AfterEmigration_Class,Deaths_AfterEmiMort_Age,Deaths_AfterEmiMort_Size,N_GrowthOut_Class,Capture_Out,PackingDeaths_Immigration_Class,N_Immigration_Class,Deaths_AfterImmiMort_Age,Deaths_AfterImmiMort_Size
0,50.0,1297,49.9890156907766,10.141876229978239,1285,49.7273280572433,9.816920616348693,0,0,0,0,0,0,0,0,0,1516,0,0
1,100.0,899,134.45931881561046,2.842170943040401e-14,12,78.01139978163381,2.187093518603287,1297,0,252,1045,0,0,0,0,0,7,0,0
2,150.0,393,181.34298546680154,5.684341886080802e-14,899,134.45931881561046,2.842170943040401e-14,899,0,103,796,0,0,996,0,234,762,0,0
3,200.0,210,218.25988232814927,8.526512829121202e-14,603,194.19961621453461,17.587892344307217,603,0,66,537,0,0,1067,0,532,535,0,0
4,250.0,136,247.32879632779216,2.842170943040401e-14,204,254.95856149370232,10.790117375352006,204,0,27,177,0,0,280,0,56,224,0,0
5,300.0,68,270.2180918255227,5.684341886080802e-14,85,298.9418764063326,11.701076379779407,85,0,12,73,0,0,115,0,26,89,0,0
6,350.0,97,303.1906242341057,15.871833493227728,12,333.2859213474983,5.736162273547021,12,0,3,9,0,0,15,0,4,11,0,0
Totals,7,3100,NA,NA,3100,NA,NA,3100,0,463,2637,0,0,2473,0,852,3144,0,0
