Age,Class,N_Initial_Age,AgeSize_Mean,AgeSize_Std,N_Initial_Class,ClassSize_Mean,ClassSize_Std,N_GrowthBack_Class,Capture_Back,PackingDeaths_Emigration_Class,N_AfterEmigration_Class,Deaths_AfterEmiMort_Age,Deaths_AfterEmiMort_Size,N_GrowthOut_Class,Capture_Out,PackingDeaths_Immigration_Class,N_Immigration_Class,Deaths_AfterImmiMort_Age,Deaths_AfterImmiMort_Size
0,50.0,1275,50.21888503884229,10.484668923539106,1266,50.002471934148794,10.193660755729132,0,0,0,0,0,0,0,0,72,1280,0,0
1,100.0,798,134.4593188156105,0.0,9,80.66099509906068,4.805065159662457,1275,0,164,1111,0,0,0,0,0,6,0,0
2,150.0,344,181.34298546680154,5.684341886080802e-14,798,134.4593188156105,0.0,798,0,111,687,0,0,1079,0,290,789,0,0
3,200.0,193,218.25988232814927,8.526512829121202e-14,537,194.6110694411779,17.71367932640344,537,0,79,458,0,0,907,0,388,519,0,0
4,250.0,103,247.32879632779208,1.1368683772161603e-13,174,256.66868127226843,11.249441569823272,174,0,31,143,0,0,219,0,50,169,0,0
5,300.0,71,270.21809182552266,1.1368683772161603e-13,72,299.1693961366604,11.516846170546799,72,0,10,62,0,0,110,0,37,73,0,0
6,350.0,83,303.74945360026715,16.021033505753852,11,333.72801154387497,5.703205006639031,11,0,1,10,0,0,13,0,1,12,0,0
Totals,7,2867,NA,NA,2867,NA,NA,2867,0,396,2471,0,0,2328,0,838,2848,0,0
