Age,Class,N_Initial_Age,AgeSize_Mean,AgeSize_Std,N_Initial_Class,ClassSize_Mean,ClassSize_Std,N_GrowthBack_Class,Capture_Back,PackingDeaths_Emigration_Class,N_AfterEmigration_Class,Deaths_AfterEmiMort_Age,Deaths_AfterEmiMort_Size,N_GrowthOut_Class,Capture_Out,PackingDeaths_Immigration_Class,N_Immigration_Class,Deaths_AfterImmiMort_Age,Deaths_AfterImmiMort_Size
0,50.0,1013,50.0993033679849,9.929809411129463,1004,49.84834838602243,9.608244767263745,0,0,0,0,0,0,0,0,0,1444,0,0
1,100.0,913,134.45931881561046,2.842170943040401e-14,9,78.09472580024322,2.9508011507636134,1013,0,0,999,0,0,0,0,0,9,0,0
2,150.0,410,181.34298546680154,5.684341886080802e-14,913,134.45931881561046,2.842170943040401e-14,913,0,37,860,0,0,967,0,114,853,0,0
3,200.0,200,218.25988232814933,2.842170943040401e-14,610,193.4468860770795,17.330148310564176,610,0,28,575,0,0,1140,0,478,662,0,0
4,250.0,108,247.3287963277921,8.526512829121202e-14,168,255.50354471983883,10.96757586214403,168,0,8,159,0,0,263,0,33,230,0,0
5,300.0,60,270.21809182552283,5.684341886080802e-14,89,298.59372590298204,11.667352138535609,89,0,15,74,0,0,115,0,26,89,0,0
6,350.0,96,301.3971841691667,15.181748239986835,7,337.04115355351365,7.730838781688451,7,0,0,7,0,0,14,0,4,10,0,0
Totals,7,2800,NA,NA,2800,NA,NA,2800,0,88,2674,0,0,2499,0,655,3297,0,0
