Age,Class,N_Initial_Age,AgeSize_Mean,AgeSize_Std,N_Initial_Class,ClassSize_Mean,ClassSize_Std,N_GrowthBack_Class,Capture_Back,PackingDeaths_Emigration_Class,N_AfterEmigration_Class,Deaths_AfterEmiMort_Age,Deaths_AfterEmiMort_Size,N_GrowthOut_Class,Capture_Out,PackingDeaths_Immigration_Class,N_Immigration_Class,Deaths_AfterImmiMort_Age,Deaths_AfterImmiMort_Size
0,50.0,1444,50.24099803988201,10.056087377067145,1437,50.108352532412745,9.897988942385203,0,0,0,0,0,0,0,0,0,1397,0,0
1,100.0,876,134.4593188156105,0.0,7,77.47122578750137,1.9089671194059619,1444,0,25,1419,0,0,0,0,0,10,0,0
2,150.0,420,181.34298546680154,5.684341886080802e-14,876,134.4593188156105,0.0,876,0,57,819,0,0,1357,0,442,915,0,0
3,200.0,163,218.25988232814933,2.842170943040401e-14,583,191.66451923764146,16.568190555592615,583,0,70,513,0,0,1089,0,424,665,0,0
4,250.0,133,247.32879632779213,5.684341886080802e-14,212,255.85829795194644,11.067153435603485,212,0,23,189,0,0,247,0,50,197,0,0
5,300.0,79,270.21809182552266,1.1368683772161603e-13,82,298.8846559028772,12.21839151614544,82,0,9,73,0,0,118,0,36,82,0,0
6,350.0,92,302.6909703280807,15.992323559615976,10,333.90274861474927,5.982733836490202,10,0,1,9,0,0,15,0,5,10,0,0
Totals,7,3207,NA,NA,3207,NA,NA,3207,0,185,3022,0,0,2826,0,957,3276,0,0
