Age,Class,N_Initial_Age,AgeSize_Mean,AgeSize_Std,N_Initial_Class,ClassSize_Mean,ClassSize_Std,N_GrowthBack_Class,Capture_Back,PackingDeaths_Emigration_Class,N_AfterEmigration_Class,Deaths_AfterEmiMort_Age,Deaths_AfterEmiMort_Size,N_GrowthOut_Class,Capture_Out,PackingDeaths_Immigration_Class,N_Immigration_Class,Deaths_AfterImmiMort_Age,Deaths_AfterImmiMort_Size
0,50.0,1605,49.69952081890544,10.199573894311172,1595,49.51962052285953,9.972141443360776,0,0,0,0,0,0,0,0,17,1393,0,0
1,100.0,867,134.45931881561046,2.842170943040401e-14,10,78.39361803822797,2.6938058465227237,1605,0,17,1588,0,0,0,0,0,8,0,0
2,150.0,613,181.3429854668015,2.842170943040401e-14,867,134.45931881561046,2.842170943040401e-14,867,0,33,834,0,0,1529,0,465,1064,0,0
3,200.0,131,218.2598823281494,2.842170943040401e-14,744,187.84313800556038,14.061062471565068,744,0,64,680,0,0,1290,0,483,807,0,0
4,250.0,155,247.32879632779213,5.684341886080802e-14,194,251.9302526391916,9.173368685810113,194,0,26,168,0,0,234,0,53,181,0,0
5,300.0,39,270.2180918255229,1.1368683772161603e-13,110,297.20658276730194,12.74905342111204,110,0,26,84,0,0,103,0,18,85,0,0
6,350.0,110,297.20658276730194,12.74905342111204,0,nan,nan,0,0,0,0,0,0,7,0,0,7,0,0
Totals,7,3520,NA,NA,3520,NA,NA,3520,0,166,3354,0,0,3163,0,1036,3545,0,0
