Age,Class,N_Initial_Age,AgeSize_Mean,AgeSize_Std,N_Initial_Class,ClassSize_Mean,ClassSize_Std,N_GrowthBack_Class,Capture_Back,PackingDeaths_Emigration_Class,N_AfterEmigration_Class,Deaths_AfterEmiMort_Age,Deaths_AfterEmiMort_Size,N_GrowthOut_Class,Capture_Out,PackingDeaths_Immigration_Class,N_Immigration_Class,Deaths_AfterImmiMort_Age,Deaths_AfterImmiMort_Size
0,50.0,1105,50.01529918683493,10.309364388639768,1095,49.76585300137796,10.014098778496113,0,0,0,0,0,0,0,0,82,1327,0,0
1,100.0,857,134.45931881561046,2.842170943040401e-14,10,77.32965649437224,3.2380827058055246,1105,0,0,1105,0,0,0,0,0,10,0,0
2,150.0,444,181.3429854668015,2.842170943040401e-14,857,134.45931881561046,2.842170943040401e-14,857,0,106,751,0,0,1064,0,181,883,0,0
3,200.0,176,218.25988232814933,2.842170943040401e-14,620,191.82262070486155,16.64490488123076,620,0,60,560,0,0,1066,0,485,581,0,0
4,250.0,120,247.32879632779216,2.842170943040401e-14,183,255.20871772865016,10.875324738113823,183,0,17,166,0,0,247,0,46,201,0,0
5,300.0,63,270.2180918255228,0.0,81,299.9713992156138,12.170717258803242,81,0,11,70,0,0,108,0,29,79,0,0
6,350.0,88,302.76000456833185,15.140094825623914,7,335.0281522212122,6.033561555915074,7,0,1,6,0,0,14,0,3,11,0,0
Totals,7,2853,NA,NA,2853,NA,NA,2853,0,195,2658,0,0,2499,0,826,3092,0,0
