Age,Class,N_Initial_Age,AgeSize_Mean,AgeSize_Std,N_Initial_Class,ClassSize_Mean,ClassSize_Std,N_GrowthBack_Class,Capture_Back,PackingDeaths_Emigration_Class,N_AfterEmigration_Class,Deaths_AfterEmiMort_Age,Deaths_AfterEmiMort_Size,N_GrowthOut_Class,Capture_Out,PackingDeaths_Immigration_Class,N_Immigration_Class,Deaths_AfterImmiMort_Age,Deaths_AfterImmiMort_Size
0,50.0,1246,50.35958305700651,9.783922315481787,1238,50.1763827426439,9.541821543346481,0,0,0,0,0,0,0,0,62,1159,0,0
1,100.0,842,134.45931881561046,2.842170943040401e-14,8,78.70983170462085,3.291744636210542,1246,0,90,1156,0,0,0,0,0,4,0,0
2,150.0,366,181.34298546680157,8.526512829121202e-14,842,134.45931881561046,2.842170943040401e-14,842,0,124,718,0,0,1121,0,323,798,0,0
3,200.0,205,218.25988232814927,8.526512829121202e-14,571,194.5968626236777,17.709510335517713,571,0,61,510,0,0,962,0,397,565,0,0
4,250.0,84,247.3287963277921,8.526512829121202e-14,155,257.81357039449455,11.404323943570635,155,0,14,141,0,0,229,0,51,178,0,0
5,300.0,71,270.21809182552266,1.1368683772161603e-13,73,296.9313116067594,11.716179339729672,73,0,15,58,0,0,111,0,30,81,0,0
6,350.0,78,299.27345931353193,14.47230947794974,5,333.4688158324116,3.721082446015745,5,0,1,4,0,0,7,0,1,6,0,0
Totals,7,2892,NA,NA,2892,NA,NA,2892,0,305,2587,0,0,2430,0,864,2791,0,0
