Age,Class,N_Initial_Age,AgeSize_Mean,AgeSize_Std,N_Initial_Class,ClassSize_Mean,ClassSize_Std,N_GrowthBack_Class,Capture_Back,PackingDeaths_Emigration_Class,N_AfterEmigration_Class,Deaths_AfterEmiMort_Age,Deaths_AfterEmiMort_Size,N_GrowthOut_Class,Capture_Out,PackingDeaths_Immigration_Class,N_Immigration_Class,Deaths_AfterImmiMort_Age,Deaths_AfterImmiMort_Size
0,50.0,1511,50.132510740738574,10.139698362533595,1499,49.90564618254865,9.854968236870674,0,0,0,0,0,0,0,0,190,1244,0,0
1,100.0,756,134.4593188156105,0.0,12,78.47167513462965,2.106456823184948,1511,0,142,1369,0,0,0,0,0,7,0,0
2,150.0,400,181.34298546680154,5.684341886080802e-14,756,134.4593188156105,0.0,756,0,97,659,0,0,1295,0,331,964,0,0
3,200.0,175,218.25988232814927,8.526512829121202e-14,575,192.57856277242914,16.986596221103902,575,0,68,507,0,0,924,0,280,644,0,0
4,250.0,113,247.32879632779216,2.842170943040401e-14,174,255.35320451952526,10.92162641127391,174,0,27,147,0,0,233,0,28,205,0,0
5,300.0,61,270.21809182552283,5.684341886080802e-14,73,298.2420616501304,11.7284496280342,73,0,15,58,0,0,101,0,21,80,0,0
6,350.0,85,303.2105131621894,16.569440030405193,12,333.43525986054846,6.647972070962651,12,0,1,11,0,0,12,0,2,10,0,0
Totals,7,3101,NA,NA,3101,NA,NA,3101,0,350,2751,0,0,2565,0,852,3154,0,0
