Age,Class,N_Initial_Age,AgeSize_Mean,AgeSize_Std,N_Initial_Class,ClassSize_Mean,ClassSize_Std,N_GrowthBack_Class,Capture_Back,PackingDeaths_Emigration_Class,N_AfterEmigration_Class,Deaths_AfterEmiMort_Age,Deaths_AfterEmiMort_Size,N_GrowthOut_Class,Capture_Out,PackingDeaths_Immigration_Class,N_Immigration_Class,Deaths_AfterImmiMort_Age,Deaths_AfterImmiMort_Size
0,50.0,1293,49.649343551107506,10.020310754323715,1286,49.49647039963912,9.828777844717472,0,0,0,0,0,0,0,0,98,1271,0,0
1,100.0,768,134.4593188156105,0.0,7,77.73432537801307,2.4048799922006805,1293,0,103,1180,0,0,0,0,0,7,0,0
2,150.0,334,181.34298546680154,5.684341886080802e-14,768,134.4593188156105,0.0,768,0,115,648,0,0,1124,0,342,782,0,0
3,200.0,173,218.2598823281493,5.684341886080802e-14,507,193.93987532284325,17.503041151297264,507,0,55,452,0,0,874,0,311,563,0,0
4,250.0,92,247.3287963277921,8.526512829121202e-14,172,257.974980280225,11.416760383812655,172,0,37,133,0,0,205,0,38,167,0,0
5,300.0,80,270.2180918255227,5.684341886080802e-14,67,296.6896252314902,11.208063973499673,67,0,14,53,0,0,103,0,20,83,0,0
6,350.0,72,299.4731391437906,14.91638187645317,5,336.77222556861585,5.061217988745662,5,0,0,5,0,0,7,0,0,7,0,0
Totals,7,2812,NA,NA,2812,NA,NA,2812,0,324,2471,0,0,2313,0,809,2880,0,0
