Age,Class,N_Initial_Age,AgeSize_Mean,AgeSize_Std,N_Initial_Class,ClassSize_Mean,ClassSize_Std,N_GrowthBack_Class,Capture_Back,PackingDeaths_Emigration_Class,N_AfterEmigration_Class,Deaths_AfterEmiMort_Age,Deaths_AfterEmiMort_Size,N_GrowthOut_Class,Capture_Out,PackingDeaths_Immigration_Class,N_Immigration_Class,Deaths_AfterImmiMort_Age,Deaths_AfterImmiMort_Size
0,50.0,1055,49.65780405736767,9.7652054788877,1052,49.57250114830118,9.646151766421616,0,0,0,0,0,0,0,0,89,1406,0,0
1,100.0,743,134.4593188156105,0.0,3,79.57069083668439,2.900930798097211,1055,0,8,1047,0,0,0,0,0,7,0,0
2,150.0,366,181.34298546680157,8.526512829121202e-14,743,134.4593188156105,0.0,743,0,85,658,0,0,1014,0,222,792,0,0
3,200.0,197,218.25988232814925,1.1368683772161603e-13,563,194.26062078063015,17.607206151801723,563,0,91,472,0,0,889,0,295,594,0,0
4,250.0,86,247.32879632779208,1.1368683772161603e-13,165,258.2879135660995,11.434343978511613,165,0,16,149,0,0,224,0,48,176,0,0
5,300.0,79,270.21809182552266,1.1368683772161603e-13,81,300.5556812493768,11.811777245798552,81,0,12,69,0,0,123,0,30,93,0,0
6,350.0,86,302.60297982906553,14.171875860162519,5,335.76921682002364,5.137132972041463,5,0,1,4,0,0,10,0,1,9,0,0
Totals,7,2612,NA,NA,2612,NA,NA,2612,0,213,2399,0,0,2260,0,685,3077,0,0
