Age,Class,N_Initial_Age,AgeSize_Mean,AgeSize_Std,N_Initial_Class,ClassSize_Mean,ClassSize_Std,N_GrowthBack_Class,Capture_Back,PackingDeaths_Emigration_Class,N_AfterEmigration_Class,Deaths_AfterEmiMort_Age,Deaths_AfterEmiMort_Size,N_GrowthOut_Class,Capture_Out,PackingDeaths_Immigration_Class,N_Immigration_Class,Deaths_AfterImmiMort_Age,Deaths_AfterImmiMort_Size
0,50.0,1163,50.54235867401419,10.023440815793832,1156,50.37699655733677,9.823857841602363,0,0,0,0,0,0,0,0,0,1120,0,0
1,100.0,747,113.44465676002007,0.0,754,113.11420917418064,3.4195435144313935,1163,0,65,1098,0,0,1058,0,89,983,0,0
2,150.0,421,164.7957278161969,5.684341886080802e-14,421,164.7957278161969,5.684341886080802e-14,747,0,81,647,0,0,587,0,34,553,0,0
3,200.0,234,205.23032539160798,2.842170943040401e-14,234,205.23032539160798,2.842170943040401e-14,655,0,165,480,0,0,278,0,26,252,0,0
4,250.0,126,237.06912928523727,0.0,208,246.9526318711445,12.251498934709854,208,0,23,185,0,0,258,0,53,205,0,0
5,300.0,82,262.1394773080264,5.684341886080802e-14,76,292.984367530663,11.900081569580468,76,0,19,57,0,0,111,0,23,88,0,0
6,350.0,82,296.0549039524838,15.935026010971335,6,334.94836529554794,6.665784934906939,6,0,1,5,0,0,7,0,2,5,0,0
Totals,7,2855,NA,NA,2855,NA,NA,2855,0,354,2472,0,0,2299,0,227,3206,0,0
