Age,Class,N_Initial_Age,AgeSize_Mean,AgeSize_Std,N_Initial_Class,ClassSize_Mean,ClassSize_Std,N_GrowthBack_Class,Capture_Back,PackingDeaths_Emigration_Class,N_AfterEmigration_Class,Deaths_AfterEmiMort_Age,Deaths_AfterEmiMort_Size,N_GrowthOut_Class,Capture_Out,PackingDeaths_Immigration_Class,N_Immigration_Class,Deaths_AfterImmiMort_Age,Deaths_AfterImmiMort_Size
0,50.0,1306,50.32112939169321,9.78000803697786,1298,50.14975042056568,9.56176563334942,0,0,0,0,0,0,0,0,0,1448,0,0
1,100.0,924,113.44465676002007,0.0,932,113.14150406214125,3.2614138787318536,1306,0,86,1220,0,0,1156,0,15,1150,0,0
2,150.0,622,164.79572781619692,2.842170943040401e-14,622,164.79572781619692,2.842170943040401e-14,924,0,89,835,0,0,766,0,44,722,0,0
3,200.0,320,205.230325391608,0.0,320,205.230325391608,0.0,942,0,234,708,0,0,425,0,66,359,0,0
4,250.0,101,237.0691292852373,2.842170943040401e-14,176,247.75251622676677,12.397639781177022,176,0,1,175,0,0,308,0,79,229,0,0
5,300.0,75,262.1394773080264,5.684341886080802e-14,89,293.5864935073157,13.345280561181237,89,0,10,79,0,0,138,0,25,113,0,0
6,350.0,99,297.870931430138,18.128849354219728,10,336.00242894325595,7.1585030986156,10,0,3,7,0,0,12,0,0,12,0,0
Totals,7,3447,NA,NA,3447,NA,NA,3447,0,423,3024,0,0,2805,0,229,4033,0,0
