Age,Class,N_Initial_Age,AgeSize_Mean,AgeSize_Std,N_Initial_Class,ClassSize_Mean,ClassSize_Std,N_GrowthBack_Class,Capture_Back,PackingDeaths_Emigration_Class,N_AfterEmigration_Class,Deaths_AfterEmiMort_Age,Deaths_AfterEmiMort_Size,N_GrowthOut_Class,Capture_Out,PackingDeaths_Immigration_Class,N_Immigration_Class,Deaths_AfterImmiMort_Age,Deaths_AfterImmiMort_Size
0,50.0,1175,49.74542416394517,10.049676911520374,1169,49.60531645794689,9.882347471419779,0,0,0,0,0,0,0,0,83,857,0,0
1,100.0,826,113.44465676002008,1.4210854715202004e-14,832,113.18214535705798,3.0822146398168258,1175,0,5,1170,0,0,1125,0,79,1051,0,0
2,150.0,508,164.79572781619694,0.0,508,164.79572781619694,0.0,826,0,114,712,0,0,652,0,64,588,0,0
3,200.0,308,205.23032539160798,2.842170943040401e-14,308,205.23032539160798,2.842170943040401e-14,816,0,224,592,0,0,337,0,29,308,0,0
4,250.0,116,237.06912928523727,0.0,175,245.52141804720625,11.85160898511105,175,0,18,157,0,0,304,0,75,229,0,0
5,300.0,59,262.13947730802647,0.0,87,293.5854728539554,12.401782214575933,87,0,19,68,0,0,110,0,29,81,0,0
6,350.0,92,295.4604946622717,14.385029698846177,5,328.08587412697494,2.390243066511789,5,0,1,4,0,0,9,0,1,8,0,0
Totals,7,3084,NA,NA,3084,NA,NA,3084,0,381,2703,0,0,2537,0,360,3122,0,0
