Age,Class,N_Initial_Age,AgeSize_Mean,AgeSize_Std,N_Initial_Class,ClassSize_Mean,ClassSize_Std,N_GrowthBack_Class,Capture_Back,PackingDeaths_Emigration_Class,N_AfterEmigration_Class,Deaths_AfterEmiMort_Age,Deaths_AfterEmiMort_Size,N_GrowthOut_Class,Capture_Out,PackingDeaths_Immigration_Class,N_Immigration_Class,Deaths_AfterImmiMort_Age,Deaths_AfterImmiMort_Size
0,50.0,914,50.198075072349376,9.739746079704256,908,50.01599261910305,9.508956301998188,0,0,0,0,0,0,0,0,0,1311,0,0
1,100.0,1086,113.44465676002007,0.0,1092,113.24854996278714,2.641305940598029,914,0,21,893,0,0,872,0,12,867,0,0
2,150.0,513,164.79572781619694,0.0,513,164.79572781619694,0.0,1086,0,193,893,0,0,813,0,98,715,0,0
3,200.0,280,205.23032539160798,2.842170943040401e-14,280,205.23032539160798,2.842170943040401e-14,793,0,159,634,0,0,372,0,32,340,0,0
4,250.0,141,237.06912928523732,5.684341886080802e-14,213,245.5436131239265,11.859231965740333,213,0,36,177,0,0,305,0,61,244,0,0
5,300.0,72,262.13947730802647,0.0,75,292.1609524088656,13.229737998460825,75,0,8,67,0,0,112,0,25,87,0,0
6,350.0,81,295.3504375240476,17.018556530930532,6,335.2190014638229,2.3526412038243905,6,0,0,6,0,0,11,0,1,10,0,0
Totals,7,3087,NA,NA,3087,NA,NA,3087,0,417,2670,0,0,2485,0,229,3574,0,0
