Age,Class,N_Initial_Age,AgeSize_Mean,AgeSize_Std,N_Initial_Class,ClassSize_Mean,ClassSize_Std,N_GrowthBack_Class,Capture_Back,PackingDeaths_Emigration_Class,N_AfterEmigration_Class,Deaths_AfterEmiMort_Age,Deaths_AfterEmiMort_Size,N_GrowthOut_Class,Capture_Out,PackingDeaths_Immigration_Class,N_Immigration_Class,Deaths_AfterImmiMort_Age,Deaths_AfterImmiMort_Size
0,50.0,1034,50.618361176384624,9.995677484782634,1024,50.34121523818949,9.633849309708719,0,0,0,0,0,0,0,0,0,1183,0,0
1,100.0,931,113.44465676002008,1.4210854715202004e-14,941,113.07859351334149,3.55298632452407,1034,0,49,984,0,0,940,0,28,918,0,0
2,150.0,588,164.79572781619694,0.0,588,164.79572781619694,0.0,931,0,143,788,0,0,729,0,68,661,0,0
3,200.0,310,205.23032539160798,2.842170943040401e-14,310,205.23032539160798,2.842170943040401e-14,898,0,233,665,0,0,413,0,70,343,0,0
4,250.0,141,237.06912928523732,5.684341886080802e-14,235,247.0972684943529,12.281912065965336,235,0,26,209,0,0,333,0,106,227,0,0
5,300.0,94,262.13947730802636,1.1368683772161603e-13,80,292.08030693186936,13.843410958874703,80,0,16,64,0,0,131,0,48,83,0,0
6,350.0,94,298.0204297815719,19.294975451375223,14,331.9639889227293,7.128972500922483,14,0,1,13,0,0,18,0,1,17,0,0
Totals,7,3192,NA,NA,3192,NA,NA,3192,0,468,2723,0,0,2564,0,321,3432,0,0
