Age,Class,N_Initial_Age,AgeSize_Mean,AgeSize_Std,N_Initial_Class,ClassSize_Mean,ClassSize_Std,N_GrowthBack_Class,Capture_Back,PackingDeaths_Emigration_Class,N_AfterEmigration_Class,Deaths_AfterEmiMort_Age,Deaths_AfterEmiMort_Size,N_GrowthOut_Class,Capture_Out,PackingDeaths_Immigration_Class,N_Immigration_Class,Deaths_AfterImmiMort_Age,Deaths_AfterImmiMort_Size
0,50.0,841,49.83393753098441,9.631870995588738,838,49.731680582925925,9.493378595986504,0,0,0,0,0,0,0,0,20,1087,0,0
1,100.0,776,113.44465676002005,1.4210854715202004e-14,779,113.3096877802844,2.1829585800764764,841,0,0,841,0,0,793,0,16,785,0,0
2,150.0,585,164.79572781619694,0.0,585,164.79572781619694,0.0,776,0,67,709,0,0,643,0,29,614,0,0
3,200.0,317,205.230325391608,0.0,317,205.230325391608,0.0,902,0,175,727,0,0,431,0,71,360,0,0
4,250.0,125,237.06912928523727,0.0,194,245.98590255107462,12.001573377707345,194,0,7,187,0,0,361,0,105,256,0,0
5,300.0,69,262.13947730802636,1.1368683772161603e-13,67,293.5050064671027,13.217772727408365,67,0,13,54,0,0,103,0,24,79,0,0
6,350.0,75,297.6091262441753,17.344961764445298,8,331.9811293771582,5.89521516316737,8,0,2,6,0,0,9,0,2,7,0,0
Totals,7,2788,NA,NA,2788,NA,NA,2788,0,264,2524,0,0,2340,0,267,3188,0,0
