Age,Class,N_Initial_Age,AgeSize_Mean,AgeSize_Std,N_Initial_Class,ClassSize_Mean,ClassSize_Std,N_GrowthBack_Class,Capture_Back,PackingDeaths_Emigration_Class,N_AfterEmigration_Class,Deaths_AfterEmiMort_Age,Deaths_AfterEmiMort_Size,N_GrowthOut_Class,Capture_Out,PackingDeaths_Immigration_Class,N_Immigration_Class,Deaths_AfterImmiMort_Age,Deaths_AfterImmiMort_Size
0,50.0,1062,51.09038486903072,10.141254813403998,1049,50.76352264170704,9.764846142488132,0,0,0,0,0,0,0,0,4,1241,0,0
1,100.0,839,113.44465676002007,0.0,852,112.89568133969105,4.415742350304111,1062,0,57,1005,0,0,961,0,49,918,0,0
2,150.0,504,164.79572781619694,0.0,504,164.79572781619694,0.0,839,0,142,697,0,0,645,0,86,559,0,0
3,200.0,221,205.23032539160795,5.684341886080802e-14,221,205.23032539160795,5.684341886080802e-14,725,0,136,589,0,0,386,0,39,347,0,0
4,250.0,117,237.06912928523727,0.0,185,246.28417612604625,12.087487045167078,185,0,18,167,0,0,253,0,66,187,0,0
5,300.0,68,262.13947730802636,1.1368683772161603e-13,83,292.16581380468614,13.34416051420552,83,0,6,77,0,0,123,0,32,91,0,0
6,350.0,86,293.67454509655465,15.40060999749529,3,335.4161108382507,8.202458912736816,3,0,1,2,0,0,10,0,1,9,0,0
Totals,7,2897,NA,NA,2897,NA,NA,2897,0,360,2537,0,0,2378,0,277,3352,0,0
