Age,Class,N_Initial_Age,AgeSize_Mean,AgeSize_Std,N_Initial_Class,ClassSize_Mean,ClassSize_Std,N_GrowthBack_Class,Capture_Back,PackingDeaths_Emigration_Class,N_AfterEmigration_Class,Deaths_AfterEmiMort_Age,Deaths_AfterEmiMort_Size,N_GrowthOut_Class,Capture_Out,PackingDeaths_Immigration_Class,N_Immigration_Class,Deaths_AfterImmiMort_Age,Deaths_AfterImmiMort_Size
0,50.0,1159,49.47193521464307,10.336007572797385,1153,49.32938989554347,10.170855537613585,0,0,0,0,0,0,0,0,103,1197,0,0
1,100.0,844,113.44465676002007,0.0,850,113.18644314078428,3.066408718086572,1159,0,129,1030,0,0,988,0,66,928,0,0
2,150.0,612,164.79572781619694,0.0,612,164.79572781619694,0.0,844,0,125,719,0,0,659,0,66,593,0,0
3,200.0,353,205.230325391608,0.0,353,205.230325391608,0.0,965,0,381,584,0,0,357,0,58,299,0,0
4,250.0,159,237.0691292852373,2.842170943040401e-14,258,246.68914654979588,12.191490829152908,258,0,59,199,0,0,280,0,69,211,0,0
5,300.0,99,262.1394773080264,5.684341886080802e-14,76,294.04686323802207,12.192181137552453,76,0,13,63,0,0,128,0,36,92,0,0
6,350.0,87,299.29687860658146,18.137912854364473,11,335.56971206208254,8.293410683173587,11,0,1,10,0,0,14,0,1,13,0,0
Totals,7,3313,NA,NA,3313,NA,NA,3313,0,708,2605,0,0,2426,0,399,3333,0,0
