Age,Class,N_Initial_Age,AgeSize_Mean,AgeSize_Std,N_Initial_Class,ClassSize_Mean,ClassSize_Std,N_GrowthBack_Class,Capture_Back,PackingDeaths_Emigration_Class,N_AfterEmigration_Class,Deaths_AfterEmiMort_Age,Deaths_AfterEmiMort_Size,N_GrowthOut_Class,Capture_Out,PackingDeaths_Immigration_Class,N_Immigration_Class,Deaths_AfterImmiMort_Age,Deaths_AfterImmiMort_Size
0,50.0,1134,49.80166817522876,9.82952826627174,1130,49.70296082781723,9.705159283665578,0,0,0,0,0,0,0,0,43,1386,0,0
1,100.0,1089,113.44465676002007,0.0,1093,113.3137943155881,2.1614664615016306,1134,0,0,1134,0,0,1081,0,72,1013,0,0
2,150.0,516,164.79572781619694,0.0,516,164.79572781619694,0.0,1089,0,100,989,0,0,911,0,92,819,0,0
3,200.0,324,205.23032539160798,2.842170943040401e-14,324,205.23032539160798,2.842170943040401e-14,840,0,167,673,0,0,379,0,55,324,0,0
4,250.0,153,237.0691292852373,2.842170943040401e-14,241,246.22344723546732,12.07064206202925,241,0,22,219,0,0,378,0,116,262,0,0
5,300.0,88,262.13947730802647,0.0,80,293.6760299039931,13.307670680661444,80,0,14,66,0,0,120,0,22,98,0,0
6,350.0,93,299.1646252321226,18.60019882351586,13,332.94059648215,7.680417673763052,13,0,4,9,0,0,16,0,2,14,0,0
Totals,7,3397,NA,NA,3397,NA,NA,3397,0,307,3090,0,0,2885,0,402,3916,0,0
