Age,Class,N_Initial_Age,AgeSize_Mean,AgeSize_Std,N_Initial_Class,ClassSize_Mean,ClassSize_Std,N_GrowthBack_Class,Capture_Back,PackingDeaths_Emigration_Class,N_AfterEmigration_Class,Deaths_AfterEmiMort_Age,Deaths_AfterEmiMort_Size,N_GrowthOut_Class,Capture_Out,PackingDeaths_Immigration_Class,N_Immigration_Class,Deaths_AfterImmiMort_Age,Deaths_AfterImmiMort_Size
0,50.0,1156,49.949111277636526,9.806099541239265,1150,49.797519424620326,9.599155120632819,0,0,0,0,0,0,0,0,21,1384,0,0
1,100.0,776,113.44465676002005,1.4210854715202004e-14,782,113.18040785730182,3.027109958483621,1156,0,52,1104,0,0,1068,0,175,902,0,0
2,150.0,526,164.79572781619694,0.0,526,164.79572781619694,0.0,776,0,156,620,0,0,570,0,97,473,0,0
3,200.0,295,205.23032539160798,2.842170943040401e-14,295,205.23032539160798,2.842170943040401e-14,821,0,285,536,0,0,324,0,47,277,0,0
4,250.0,140,237.06912928523732,5.684341886080802e-14,211,245.5051231696829,11.845982854232462,211,0,38,173,0,0,287,0,92,195,0,0
5,300.0,71,262.1394773080263,1.7053025658242404e-13,70,292.7615447688965,12.330426507433035,70,0,17,53,0,0,98,0,37,61,0,0
6,350.0,77,296.12863518327975,15.936527229149759,7,329.7995393271129,5.119077883579722,7,0,3,4,0,0,10,0,3,7,0,0
Totals,7,3041,NA,NA,3041,NA,NA,3041,0,551,2490,0,0,2357,0,472,3299,0,0
