Age,Class,N_Initial_Age,AgeSize_Mean,AgeSize_Std,N_Initial_Class,ClassSize_Mean,ClassSize_Std,N_GrowthBack_Class,Capture_Back,PackingDeaths_Emigration_Class,N_AfterEmigration_Class,Deaths_AfterEmiMort_Age,Deaths_AfterEmiMort_Size,N_GrowthOut_Class,Capture_Out,PackingDeaths_Immigration_Class,N_Immigration_Class,Deaths_AfterImmiMort_Age,Deaths_AfterImmiMort_Size
0,50.0,1414,50.11806141315958,10.00598983684554,1402,49.87458497781198,9.691174410637124,0,0,0,0,0,0,0,0,50,1384,0,0
1,100.0,1003,113.44465676002007,0.0,1015,113.032277270557,3.7834229898211724,1414,0,40,1374,0,0,1318,0,80,1244,0,0
2,150.0,601,164.79572781619692,2.842170943040401e-14,601,164.79572781619692,2.842170943040401e-14,1003,0,159,844,0,0,781,0,117,664,0,0
3,200.0,329,205.230325391608,0.0,329,205.230325391608,0.0,930,0,256,674,0,0,409,0,52,357,0,0
4,250.0,144,237.06912928523727,0.0,229,246.37471697928564,12.111992392449427,229,0,39,190,0,0,326,0,62,264,0,0
5,300.0,85,262.13947730802636,1.1368683772161603e-13,102,292.81990827312575,12.537278402103658,102,0,21,81,0,0,136,0,16,120,0,0
6,350.0,112,296.46259769660657,16.76721631313402,10,333.61802981611015,5.442506548039449,10,0,1,9,0,0,11,0,0,11,0,0
Totals,7,3688,NA,NA,3688,NA,NA,3688,0,516,3172,0,0,2981,0,377,4044,0,0
