Age,Class,N_Initial_Age,AgeSize_Mean,AgeSize_Std,N_Initial_Class,ClassSize_Mean,ClassSize_Std,N_GrowthBack_Class,Capture_Back,PackingDeaths_Emigration_Class,N_AfterEmigration_Class,Deaths_AfterEmiMort_Age,Deaths_AfterEmiMort_Size,N_GrowthOut_Class,Capture_Out,PackingDeaths_Immigration_Class,N_Immigration_Class,Deaths_AfterImmiMort_Age,Deaths_AfterImmiMort_Size
0,50.0,1132,50.03904745071734,9.883657658000553,1127,49.92207831289855,9.747617516340203,0,0,0,0,0,0,0,0,0,1118,0,0
1,100.0,812,113.44465676002007,0.0,817,113.21796908777436,2.8903694106831375,1132,0,100,1032,0,0,980,0,40,947,0,0
2,150.0,530,164.79572781619694,0.0,530,164.79572781619694,0.0,812,0,108,704,0,0,643,0,52,591,0,0
3,200.0,269,205.230325391608,0.0,269,205.230325391608,0.0,799,0,164,635,0,0,387,0,52,335,0,0
4,250.0,113,237.0691292852372,5.684341886080802e-14,186,246.90856695009538,12.241878656721967,186,0,14,172,0,0,293,0,90,203,0,0
5,300.0,73,262.13947730802647,0.0,79,292.320612411318,12.859485267053925,79,0,8,71,0,0,127,0,37,90,0,0
6,350.0,89,296.94128039737046,17.955229302071974,10,333.44455748718576,7.8562262578703566,10,0,0,10,0,0,13,0,0,13,0,0
Totals,7,3018,NA,NA,3018,NA,NA,3018,0,394,2624,0,0,2443,0,271,3297,0,0
