Age,Class,N_Initial_Age,AgeSize_Mean,AgeSize_Std,N_Initial_Class,ClassSize_Mean,ClassSize_Std,N_GrowthBack_Class,Capture_Back,PackingDeaths_Emigration_Class,N_AfterEmigration_Class,Deaths_AfterEmiMort_Age,Deaths_AfterEmiMort_Size,N_GrowthOut_Class,Capture_Out,PackingDeaths_Immigration_Class,N_Immigration_Class,Deaths_AfterImmiMort_Age,Deaths_AfterImmiMort_Size
0,50.0,1344,50.29537252133101,9.865303401371182,1333,50.05433774026294,9.537589366375064,0,0,0,0,0,0,0,0,40,1684,0,0
1,100.0,894,113.44465676002008,1.4210854715202004e-14,905,113.03212331973073,3.7315473480475134,1344,0,68,1276,0,0,1239,0,121,1131,0,0
2,150.0,719,164.79572781619692,2.842170943040401e-14,719,164.79572781619692,2.842170943040401e-14,894,0,142,752,0,0,687,0,61,626,0,0
3,200.0,368,205.23032539160798,2.842170943040401e-14,368,205.23032539160798,2.842170943040401e-14,1087,0,381,706,0,0,451,0,96,355,0,0
4,250.0,212,237.06912928523724,2.842170943040401e-14,283,243.35886324148473,10.86853559655147,283,0,65,218,0,0,375,0,117,258,0,0
5,300.0,71,262.1394773080263,1.7053025658242404e-13,85,292.60637172462583,12.092001715773677,85,0,15,70,0,0,115,0,25,90,0,0
6,350.0,90,295.1420972336907,15.84354924156443,5,338.2494308877939,8.068071176834716,5,0,1,4,0,0,8,0,0,8,0,0
Totals,7,3698,NA,NA,3698,NA,NA,3698,0,672,3026,0,0,2875,0,460,4152,0,0
