Age,Class,N_Initial_Age,AgeSize_Mean,AgeSize_Std,N_Initial_Class,ClassSize_Mean,ClassSize_Std,N_GrowthBack_Class,Capture_Back,PackingDeaths_Emigration_Class,N_AfterEmigration_Class,Deaths_AfterEmiMort_Age,Deaths_AfterEmiMort_Size,N_GrowthOut_Class,Capture_Out,PackingDeaths_Immigration_Class,N_Immigration_Class,Deaths_AfterImmiMort_Age,Deaths_AfterImmiMort_Size
0,50.0,1345,49.97739267188949,9.920831967768178,1333,49.72903537853371,9.609641489442039,0,0,0,0,0,0,0,0,0,1222,0,0
1,100.0,884,113.44465676002008,1.4210854715202004e-14,896,112.96413566960233,4.133335907591742,1345,0,35,1310,0,0,1260,0,28,1238,0,0
2,150.0,473,164.79572781619692,2.842170943040401e-14,473,164.79572781619692,2.842170943040401e-14,884,0,56,828,0,0,752,0,43,709,0,0
3,200.0,352,205.23032539160798,2.842170943040401e-14,352,205.23032539160798,2.842170943040401e-14,825,0,241,584,0,0,323,0,10,313,0,0
4,250.0,131,237.06912928523724,2.842170943040401e-14,208,246.34997927444283,12.105369166388373,208,0,18,190,0,0,338,0,107,231,0,0
5,300.0,77,262.13947730802636,1.1368683772161603e-13,81,291.7692829530474,12.423875310196255,81,0,13,68,0,0,126,0,12,114,0,0
6,350.0,90,295.95139537870944,17.318299026498472,9,333.5904072096671,5.996242283596282,9,0,0,9,0,0,14,0,0,14,0,0
Totals,7,3352,NA,NA,3352,NA,NA,3352,0,363,2989,0,0,2813,0,200,3841,0,0
