Age,Class,N_Initial_Age,AgeSize_Mean,AgeSize_Std,N_Initial_Class,ClassSize_Mean,ClassSize_Std,N_GrowthBack_Class,Capture_Back,PackingDeaths_Emigration_Class,N_AfterEmigration_Class,Deaths_AfterEmiMort_Age,Deaths_AfterEmiMort_Size,N_GrowthOut_Class,Capture_Out,PackingDeaths_Immigration_Class,N_Immigration_Class,Deaths_AfterImmiMort_Age,Deaths_AfterImmiMort_Size
0,50.0,1179,49.87413557035657,9.819372608287575,1173,49.73337691943312,9.644452090063401,0,0,0,0,0,0,0,0,0,1201,0,0
1,100.0,1065,113.44465676002007,0.0,1071,113.2426836231342,2.691799427005755,1179,0,44,1130,0,0,1097,0,74,1035,0,0
2,150.0,566,164.79572781619697,2.842170943040401e-14,566,164.79572781619697,2.842170943040401e-14,1065,0,131,931,0,0,856,0,138,718,0,0
3,200.0,309,205.23032539160798,2.842170943040401e-14,309,205.23032539160798,2.842170943040401e-14,875,0,172,700,0,0,435,0,85,350,0,0
4,250.0,158,237.06912928523732,5.684341886080802e-14,233,245.13898379901053,11.712877924750439,233,0,36,197,0,0,355,0,89,266,0,0
5,300.0,75,262.1394773080264,5.684341886080802e-14,78,292.9377615633818,12.426153968924396,78,0,19,59,0,0,108,0,21,87,0,0
6,350.0,84,295.640104811615,15.531543496591702,6,330.770567038647,6.387404147806675,6,0,1,5,0,0,7,0,0,7,0,0
Totals,7,3436,NA,NA,3436,NA,NA,3436,0,403,3022,0,0,2858,0,407,3664,0,0
