Age,Class,N_Initial_Age,AgeSize_Mean,AgeSize_Std,N_Initial_Class,ClassSize_Mean,ClassSize_Std,N_GrowthBack_Class,Capture_Back,PackingDeaths_Emigration_Class,N_AfterEmigration_Class,Deaths_AfterEmiMort_Age,Deaths_AfterEmiMort_Size,N_GrowthOut_Class,Capture_Out,PackingDeaths_Immigration_Class,N_Immigration_Class,Deaths_AfterImmiMort_Age,Deaths_AfterImmiMort_Size
0,50.0,1176,50.157569973419456,9.759729464432349,1170,50.011919042147,9.569138550696202,0,0,0,0,0,0,0,0,65,1109,0,0
1,100.0,765,113.44465676002007,0.0,771,113.17317695310591,3.069000344820139,1176,0,161,1002,0,0,948,0,75,880,0,0
2,150.0,521,164.79572781619694,0.0,521,164.79572781619694,0.0,765,0,136,611,0,0,551,0,52,499,0,0
3,200.0,263,205.230325391608,0.0,263,205.230325391608,0.0,784,0,198,573,0,0,352,0,53,299,0,0
4,250.0,133,237.06912928523727,0.0,208,246.10891823576216,12.037976190879922,208,0,32,174,0,0,270,0,59,211,0,0
5,300.0,75,262.1394773080264,5.684341886080802e-14,79,293.14059557305956,12.592228647673956,79,0,13,64,0,0,115,0,45,70,0,0
6,350.0,89,297.92375236144323,18.077490821963963,10,335.71069098967484,6.872449572417125,10,0,5,5,0,0,6,0,1,5,0,0
Totals,7,3022,NA,NA,3022,NA,NA,3022,0,545,2429,0,0,2242,0,350,3073,0,0
