Age,Class,N_Initial_Age,AgeSize_Mean,AgeSize_Std,N_Initial_Class,ClassSize_Mean,ClassSize_Std,N_GrowthBack_Class,Capture_Back,PackingDeaths_Emigration_Class,N_AfterEmigration_Class,Deaths_AfterEmiMort_Age,Deaths_AfterEmiMort_Size,N_GrowthOut_Class,Capture_Out,PackingDeaths_Immigration_Class,N_Immigration_Class,Deaths_AfterImmiMort_Age,Deaths_AfterImmiMort_Size
0,50.0,1381,49.80129528141773,9.80656835716491,1370,49.572464503344584,9.503843403402113,0,0,0,0,0,0,0,0,12,1472,0,0
1,100.0,954,113.44465676002007,0.0,965,113.04405695659581,3.7390283930775654,1381,0,59,1322,0,0,1259,0,125,1146,0,0
2,150.0,649,164.79572781619692,2.842170943040401e-14,649,164.79572781619692,2.842170943040401e-14,954,0,119,835,0,0,759,0,81,678,0,0
3,200.0,291,205.230325391608,0.0,291,205.230325391608,0.0,940,0,261,679,0,0,436,0,64,372,0,0
4,250.0,162,237.06912928523727,0.0,256,246.2746476998551,12.08486578753758,256,0,44,212,0,0,317,0,67,250,0,0
5,300.0,94,262.13947730802636,1.1368683772161603e-13,105,292.185046299547,11.508267299552402,105,0,20,85,0,0,147,0,32,115,0,0
6,350.0,114,295.3870251262805,15.61340106734822,9,332.7434447715048,5.254138087161804,9,0,1,8,0,0,11,0,0,11,0,0
Totals,7,3645,NA,NA,3645,NA,NA,3645,0,504,3141,0,0,2929,0,381,4044,0,0
