Age,Class,N_Initial_Age,AgeSize_Mean,AgeSize_Std,N_Initial_Class,ClassSize_Mean,ClassSize_Std,N_GrowthBack_Class,Capture_Back,PackingDeaths_Emigration_Class,N_AfterEmigration_Class,Deaths_AfterEmiMort_Age,Deaths_AfterEmiMort_Size,N_GrowthOut_Class,Capture_Out,PackingDeaths_Immigration_Class,N_Immigration_Class,Deaths_AfterImmiMort_Age,Deaths_AfterImmiMort_Size
0,50.0,1050,49.95147978144221,10.277944575683227,1043,49.76241786902445,10.04405720492795,0,0,0,0,0,0,0,0,61,1132,0,0
1,100.0,697,113.44465676002007,0.0,704,113.09343422564747,3.5258410443993338,1050,0,89,961,0,0,936,0,30,912,0,0
2,150.0,555,164.79572781619694,0.0,555,164.79572781619694,0.0,697,0,59,638,0,0,578,0,53,525,0,0
3,200.0,319,205.23032539160798,2.842170943040401e-14,319,205.23032539160798,2.842170943040401e-14,874,0,139,735,0,0,426,0,66,360,0,0
4,250.0,158,237.06912928523732,5.684341886080802e-14,228,244.7661659589006,11.563866766665612,228,0,19,209,0,0,374,0,79,295,0,0
5,300.0,70,262.1394773080263,1.7053025658242404e-13,69,292.0558432329182,12.465546131304665,69,0,8,61,0,0,110,0,25,85,0,0
6,350.0,75,295.60581816062313,17.060543842596843,6,336.43052982922967,6.301587327097452,6,0,1,5,0,0,11,0,0,11,0,0
Totals,7,2924,NA,NA,2924,NA,NA,2924,0,315,2609,0,0,2435,0,314,3320,0,0
