Age,Class,N_Initial_Age,AgeSize_Mean,AgeSize_Std,N_Initial_Class,ClassSize_Mean,ClassSize_Std,N_GrowthBack_Class,Capture_Back,PackingDeaths_Emigration_Class,N_AfterEmigration_Class,Deaths_AfterEmiMort_Age,Deaths_AfterEmiMort_Size,N_GrowthOut_Class,Capture_Out,PackingDeaths_Immigration_Class,N_Immigration_Class,Deaths_AfterImmiMort_Age,Deaths_AfterImmiMort_Size
0,50.0,1236,50.2588284183235,10.336135161464187,1224,49.9947910675463,10.033489865177218,0,0,0,0,0,0,0,0,35,1464,0,0
1,100.0,1038,113.44465676002008,1.4210854715202004e-14,1050,113.03032511930668,3.858262593242809,1236,0,43,1163,0,0,1122,0,58,1077,0,0
2,150.0,505,164.79572781619694,0.0,505,164.79572781619694,0.0,1038,0,131,887,0,0,795,0,64,731,0,0
3,200.0,332,205.23032539160795,5.684341886080802e-14,332,205.23032539160795,5.684341886080802e-14,837,0,179,643,0,0,347,0,28,319,0,0
4,250.0,159,237.0691292852373,2.842170943040401e-14,244,245.80265216202852,11.944791172168403,244,0,27,214,0,0,355,0,71,284,0,0
5,300.0,85,262.13947730802636,1.1368683772161603e-13,91,291.46705420687323,11.650236095590742,91,0,8,81,0,0,137,0,20,117,0,0
6,350.0,102,295.8476195892965,16.902272630221557,11,332.0868422984347,7.3638091099384555,11,0,2,8,0,0,11,0,1,10,0,0
Totals,7,3457,NA,NA,3457,NA,NA,3457,0,390,2996,0,0,2767,0,277,4002,0,0
