Age,Class,N_Initial_Age,AgeSize_Mean,AgeSize_Std,N_Initial_Class,ClassSize_Mean,ClassSize_Std,N_GrowthBack_Class,Capture_Back,PackingDeaths_Emigration_Class,N_AfterEmigration_Class,Deaths_AfterEmiMort_Age,Deaths_AfterEmiMort_Size,N_GrowthOut_Class,Capture_Out,PackingDeaths_Immigration_Class,N_Immigration_Class,Deaths_AfterImmiMort_Age,Deaths_AfterImmiMort_Size
0,50.0,1160,50.49361311341808,9.703939874898,1151,50.2844212605262,9.445173503226401,0,0,0,0,0,0,0,0,71,1127,0,0
1,100.0,1009,113.44465676002008,1.4210854715202004e-14,1018,113.12463753591312,3.396963522803591,1160,0,40,1120,0,0,1076,0,121,960,0,0
2,150.0,570,164.79572781619694,0.0,570,164.79572781619694,0.0,1009,0,145,852,0,0,797,0,109,688,0,0
3,200.0,346,205.23032539160798,2.842170943040401e-14,346,205.23032539160798,2.842170943040401e-14,916,0,259,646,0,0,376,0,68,308,0,0
4,250.0,126,237.06912928523727,0.0,208,246.9526318711445,12.251498934709854,208,0,34,174,0,0,319,0,94,225,0,0
5,300.0,82,262.1394773080264,5.684341886080802e-14,79,291.8263659401495,11.731460411188626,79,0,18,60,0,0,118,0,34,84,0,0
6,350.0,89,296.87138350145256,18.093445842347272,10,336.727022235747,6.067852738669148,10,0,1,9,0,0,11,0,1,10,0,0
Totals,7,3382,NA,NA,3382,NA,NA,3382,0,497,2861,0,0,2697,0,498,3402,0,0
