Age,Class,N_Initial_Age,AgeSize_Mean,AgeSize_Std,N_Initial_Class,ClassSize_Mean,ClassSize_Std,N_GrowthBack_Class,Capture_Back,PackingDeaths_Emigration_Class,N_AfterEmigration_Class,Deaths_AfterEmiMort_Age,Deaths_AfterEmiMort_Size,N_GrowthOut_Class,Capture_Out,PackingDeaths_Immigration_Class,N_Immigration_Class,Deaths_AfterImmiMort_Age,Deaths_AfterImmiMort_Size
0,50.0,887,49.71153272501318,9.494506122419876,884,49.60496287827146,9.330543966803456,0,0,0,0,0,0,0,0,4,1089,0,0
1,100.0,679,113.44465676002008,1.4210854715202004e-14,682,113.30244029728499,2.1500118234286902,887,0,32,855,0,0,821,0,0,831,0,0
2,150.0,522,164.79572781619694,0.0,522,164.79572781619694,0.0,679,0,58,621,0,0,571,0,9,562,0,0
3,200.0,306,205.23032539160798,2.842170943040401e-14,306,205.23032539160798,2.842170943040401e-14,828,0,165,663,0,0,386,0,41,345,0,0
4,250.0,124,237.06912928523724,2.842170943040401e-14,206,247.04858820693002,12.271874668371295,206,0,8,198,0,0,331,0,119,212,0,0
5,300.0,82,262.1394773080264,5.684341886080802e-14,82,293.9063081812623,12.018834410612232,82,0,15,67,0,0,132,0,48,84,0,0
6,350.0,87,296.0621050487195,14.60559886146721,5,331.41717367501644,4.075653265621738,5,0,0,5,0,0,7,0,2,5,0,0
Totals,7,2687,NA,NA,2687,NA,NA,2687,0,278,2409,0,0,2248,0,223,3128,0,0
