Age,Class,N_Initial_Age,AgeSize_Mean,AgeSize_Std,N_Initial_Class,ClassSize_Mean,ClassSize_Std,N_GrowthBack_Class,Capture_Back,PackingDeaths_Emigration_Class,N_AfterEmigration_Class,Deaths_AfterEmiMort_Age,Deaths_AfterEmiMort_Size,N_GrowthOut_Class,Capture_Out,PackingDeaths_Immigration_Class,N_Immigration_Class,Deaths_AfterImmiMort_Age,Deaths_AfterImmiMort_Size
0,50.0,1235,49.47609204855621,10.061564347003713,1227,49.265902257119436,9.73769999759038,0,0,0,0,0,0,0,0,0,1368,0,0
1,100.0,1066,113.44465676002007,0.0,1074,113.20830141216273,2.780619541329637,1235,0,51,1180,0,0,1111,0,73,1053,0,0
2,150.0,619,164.79572781619692,2.842170943040401e-14,619,164.79572781619692,2.842170943040401e-14,1066,0,199,855,0,0,793,0,96,697,0,0
3,200.0,293,205.23032539160798,2.842170943040401e-14,293,205.23032539160798,2.842170943040401e-14,912,0,250,652,0,0,418,0,55,363,0,0
4,250.0,122,237.0691292852372,5.684341886080802e-14,227,248.66554577154943,12.499972872172314,227,0,32,195,0,0,286,0,72,214,0,0
5,300.0,105,262.13947730802647,0.0,73,291.80174307531485,11.904145080372302,73,0,8,65,0,0,134,0,36,98,0,0
6,350.0,81,295.7099618672273,16.363094087660965,8,331.3724583434286,2.5875140210235337,8,0,2,6,0,0,9,0,0,9,0,0
Totals,7,3521,NA,NA,3521,NA,NA,3521,0,542,2953,0,0,2751,0,332,3802,0,0
