Age,Class,N_Initial_Age,AgeSize_Mean,AgeSize_Std,N_Initial_Class,ClassSize_Mean,ClassSize_Std,N_GrowthBack_Class,Capture_Back,PackingDeaths_Emigration_Class,N_AfterEmigration_Class,Deaths_AfterEmiMort_Age,Deaths_AfterEmiMort_Size,N_GrowthOut_Class,Capture_Out,PackingDeaths_Immigration_Class,N_Immigration_Class,Deaths_AfterImmiMort_Age,Deaths_AfterImmiMort_Size
0,50.0,1347,49.84163028586528,10.36427255534601,1337,49.633912604692966,10.118594682209324,0,0,0,0,0,0,0,0,140,1568,0,0
1,100.0,998,113.44465676002005,1.4210854715202004e-14,1008,113.0891887788552,3.5555583193045797,1347,0,95,1252,0,0,1206,0,175,1045,0,0
2,150.0,545,164.79572781619694,0.0,545,164.79572781619694,0.0,998,0,189,809,0,0,739,0,143,596,0,0
3,200.0,349,205.23032539160798,2.842170943040401e-14,349,205.23032539160798,2.842170943040401e-14,894,0,265,629,0,0,361,0,71,290,0,0
4,250.0,161,237.0691292852373,2.842170943040401e-14,233,244.81618961845962,11.584668959484473,233,0,37,196,0,0,363,0,137,226,0,0
5,300.0,72,262.13947730802647,0.0,89,292.6420650416119,13.245259009064268,89,0,20,69,0,0,116,0,33,83,0,0
6,350.0,102,297.78540829255354,18.421796988224507,13,332.9975274720773,6.373534090001279,13,0,2,11,0,0,15,0,6,9,0,0
Totals,7,3574,NA,NA,3574,NA,NA,3574,0,608,2966,0,0,2800,0,705,3817,0,0
