Age,Class,N_Initial_Age,AgeSize_Mean,AgeSize_Std,N_Initial_Class,ClassSize_Mean,ClassSize_Std,N_GrowthBack_Class,Capture_Back,PackingDeaths_Emigration_Class,N_AfterEmigration_Class,Deaths_AfterEmiMort_Age,Deaths_AfterEmiMort_Size,N_GrowthOut_Class,Capture_Out,PackingDeaths_Immigration_Class,N_Immigration_Class,Deaths_AfterImmiMort_Age,Deaths_AfterImmiMort_Size
0,50.0,1245,49.98655641132355,10.100343027936772,1238,49.81957970383022,9.877494609366149,0,0,0,0,0,0,0,0,0,1164,0,0
1,100.0,764,113.44465676002007,0.0,771,113.13662882413922,3.2354266959637177,1245,0,74,1171,0,0,1123,0,71,1062,0,0
2,150.0,645,164.79572781619694,0.0,645,164.79572781619694,0.0,764,0,97,667,0,0,625,0,49,576,0,0
3,200.0,305,205.23032539160798,2.842170943040401e-14,305,205.23032539160798,2.842170943040401e-14,950,0,312,638,0,0,405,0,63,342,0,0
4,250.0,161,237.0691292852373,2.842170943040401e-14,233,244.8161896184596,11.584668959484473,233,0,43,190,0,0,310,0,82,228,0,0
5,300.0,72,262.13947730802647,0.0,72,291.60641834429236,11.862932609158225,72,0,11,61,0,0,107,0,35,72,0,0
6,350.0,81,296.1458330026584,17.158728935073636,9,332.4611502695869,6.349164950461977,9,0,1,8,0,0,9,0,2,7,0,0
Totals,7,3273,NA,NA,3273,NA,NA,3273,0,538,2735,0,0,2579,0,302,3451,0,0
