Age,Class,N_Initial_Age,AgeSize_Mean,AgeSize_Std,N_Initial_Class,ClassSize_Mean,ClassSize_Std,N_GrowthBack_Class,Capture_Back,PackingDeaths_Emigration_Class,N_AfterEmigration_Class,Deaths_AfterEmiMort_Age,Deaths_AfterEmiMort_Size,N_GrowthOut_Class,Capture_Out,PackingDeaths_Immigration_Class,N_Immigration_Class,Deaths_AfterImmiMort_Age,Deaths_AfterImmiMort_Size
0,50.0,1007,50.39836670466281,10.225171638589314,998,50.13003123910284,9.86187331583666,0,0,0,0,0,0,0,0,0,1213,0,0
1,100.0,740,113.44465676002007,0.0,749,113.04463297381265,3.660918131376993,1007,0,0,958,0,0,902,0,36,872,0,0
2,150.0,510,164.79572781619697,2.842170943040401e-14,510,164.79572781619697,2.842170943040401e-14,740,0,68,665,0,0,608,0,34,574,0,0
3,200.0,304,205.230325391608,0.0,304,205.230325391608,0.0,814,0,194,619,0,0,361,0,50,311,0,0
4,250.0,140,237.06912928523732,5.684341886080802e-14,201,244.67754336180505,11.526388161107915,201,0,15,186,0,0,356,0,133,223,0,0
5,300.0,61,262.13947730802647,0.0,76,291.84614477154514,13.256836619981035,76,0,19,57,0,0,95,0,20,75,0,0
6,350.0,81,294.3926316396754,16.293744024874037,5,333.099232035256,5.727430809028807,5,0,0,5,0,0,8,0,0,8,0,0
Totals,7,2843,NA,NA,2843,NA,NA,2843,0,296,2490,0,0,2330,0,273,3276,0,0
