Age,Class,N_Initial_Age,AgeSize_Mean,AgeSize_Std,N_Initial_Class,ClassSize_Mean,ClassSize_Std,N_GrowthBack_Class,Capture_Back,PackingDeaths_Emigration_Class,N_AfterEmigration_Class,Deaths_AfterEmiMort_Age,Deaths_AfterEmiMort_Size,N_GrowthOut_Class,Capture_Out,PackingDeaths_Immigration_Class,N_Immigration_Class,Deaths_AfterImmiMort_Age,Deaths_AfterImmiMort_Size
0,50.0,1125,50.785750206728515,9.519581260014002,1119,50.640610060031825,9.333163892568926,0,0,0,0,0,0,0,0,2,1139,0,0
1,100.0,740,113.44465676002007,0.0,746,113.15840794612443,3.1908622438726266,1125,0,54,1071,0,0,1004,0,14,1001,0,0
2,150.0,545,164.79572781619694,0.0,545,164.79572781619694,0.0,740,0,24,716,0,0,670,0,38,632,0,0
3,200.0,239,205.23032539160798,2.842170943040401e-14,239,205.23032539160798,2.842170943040401e-14,784,0,110,674,0,0,432,0,64,368,0,0
4,250.0,110,237.0691292852373,2.842170943040401e-14,180,246.81870907187752,12.221745059972319,180,0,21,159,0,0,281,0,58,223,0,0
5,300.0,70,262.1394773080263,1.7053025658242404e-13,63,290.2560347515046,11.463567470671542,63,0,1,62,0,0,113,0,24,89,0,0
6,350.0,75,297.1831668837019,19.266880694868025,12,333.5506105777385,7.459626935016323,12,0,2,10,0,0,12,0,2,10,0,0
Totals,7,2904,NA,NA,2904,NA,NA,2904,0,212,2692,0,0,2512,0,202,3462,0,0
