Age,Class,N_Initial_Age,AgeSize_Mean,AgeSize_Std,N_Initial_Class,ClassSize_Mean,ClassSize_Std,N_GrowthBack_Class,Capture_Back,PackingDeaths_Emigration_Class,N_AfterEmigration_Class,Deaths_AfterEmiMort_Age,Deaths_AfterEmiMort_Size,N_GrowthOut_Class,Capture_Out,PackingDeaths_Immigration_Class,N_Immigration_Class,Deaths_AfterImmiMort_Age,Deaths_AfterImmiMort_Size
0,50.0,1101,50.170803751302444,9.959903957447592,1091,49.91625058802121,9.639307881057722,0,0,0,0,0,0,0,0,27,1256,0,0
1,100.0,898,113.44465676002007,0.0,908,113.05366443739084,3.7146286511463273,1101,0,15,1086,0,0,1055,0,53,1007,0,0
2,150.0,556,164.79572781619694,0.0,556,164.79572781619694,0.0,898,0,93,805,0,0,741,0,34,707,0,0
3,200.0,344,205.23032539160798,2.842170943040401e-14,344,205.23032539160798,2.842170943040401e-14,900,0,275,625,0,0,360,0,36,324,0,0
4,250.0,138,237.0691292852373,2.842170943040401e-14,202,245.012209846913,11.663758624259685,202,0,32,170,0,0,329,0,103,226,0,0
5,300.0,64,262.13947730802647,0.0,84,292.78176539030545,11.824871876910658,84,0,11,73,0,0,118,0,35,83,0,0
6,350.0,94,297.30894642202617,17.36791353725436,10,335.33726708847956,6.526215755548634,10,0,2,8,0,0,9,0,0,9,0,0
Totals,7,3195,NA,NA,3195,NA,NA,3195,0,428,2767,0,0,2612,0,288,3612,0,0
