Age,Class,N_Initial_Age,AgeSize_Mean,AgeSize_Std,N_Initial_Class,ClassSize_Mean,ClassSize_Std,N_GrowthBack_Class,Capture_Back,PackingDeaths_Emigration_Class,N_AfterEmigration_Class,Deaths_AfterEmiMort_Age,Deaths_AfterEmiMort_Size,N_GrowthOut_Class,Capture_Out,PackingDeaths_Immigration_Class,N_Immigration_Class,Deaths_AfterImmiMort_Age,Deaths_AfterImmiMort_Size
0,50.0,28039,50.11950938117065,10.015729351834054,27862,49.94390786581954,9.799053349362474,0,0,0,0,0,0,0,0,0,1375,0,0
1,100.0,2196,113.44465676002007,0.0,2373,110.78307156602767,9.40365247271918,28039,0,17739,10230,0,0,10063,0,6024,4057,0,0
2,150.0,1577,164.79572781619692,2.842170943040401e-14,1577,164.79572781619692,2.842170943040401e-14,2196,0,589,1592,0,0,1495,0,346,1149,0,0
3,200.0,272,205.23032539160798,2.842170943040401e-14,272,205.23032539160798,2.842170943040401e-14,1849,0,675,1170,0,0,947,0,313,634,0,0
4,250.0,246,237.06912928523724,2.842170943040401e-14,284,240.42361247138518,8.534957730836913,284,0,40,243,0,0,350,0,58,292,0,0
5,300.0,38,262.13947730802647,0.0,61,284.93811240025826,6.179117141436024,61,0,9,52,0,0,70,0,1,69,0,0
6,350.0,61,284.93811240025826,6.179117141436024,0,nan,nan,0,0,0,0,0,0,0,0,0,0,0,0
Totals,7,32429,NA,NA,32429,NA,NA,32429,0,19052,13287,0,0,12925,0,6742,7576,0,0
