Age,Class,N_Initial_Age,AgeSize_Mean,AgeSize_Std,N_Initial_Class,ClassSize_Mean,ClassSize_Std,N_GrowthBack_Class,Capture_Back,PackingDeaths_Emigration_Class,N_AfterEmigration_Class,Deaths_AfterEmiMort_Age,Deaths_AfterEmiMort_Size,N_GrowthOut_Class,Capture_Out,PackingDeaths_Immigration_Class,N_Immigration_Class,Deaths_AfterImmiMort_Age,Deaths_AfterImmiMort_Size
0,50.0,1235,49.89075262093725,10.0484981267396,1229,49.752210754608434,9.874338466899637,0,0,0,0,0,0,0,0,0,1106,0,0
1,100.0,811,113.44465676002008,1.4210854715202004e-14,817,113.18632693001224,3.0063695959107295,1235,0,40,1195,0,0,1143,0,30,1121,0,0
2,150.0,598,164.79572781619694,0.0,598,164.79572781619694,0.0,811,0,65,746,0,0,678,0,19,659,0,0
3,200.0,282,205.230325391608,0.0,282,205.230325391608,0.0,880,0,255,625,0,0,405,0,30,375,0,0
4,250.0,159,237.0691292852373,2.842170943040401e-14,238,245.3907994272555,11.805802498716181,238,0,35,203,0,0,301,0,96,205,0,0
5,300.0,79,262.1394773080263,1.7053025658242404e-13,80,291.18951785167246,12.31741860735487,80,0,9,71,0,0,119,0,29,90,0,0
6,350.0,85,293.8494097323168,16.12609923641616,5,336.4076798226255,8.304259953691203,5,0,0,5,0,0,8,0,1,7,0,0
Totals,7,3249,NA,NA,3249,NA,NA,3249,0,404,2845,0,0,2654,0,205,3563,0,0
