Age,Class,N_Initial_Age,AgeSize_Mean,AgeSize_Std,N_Initial_Class,ClassSize_Mean,ClassSize_Std,N_GrowthBack_Class,Capture_Back,PackingDeaths_Emigration_Class,N_AfterEmigration_Class,Deaths_AfterEmiMort_Age,Deaths_AfterEmiMort_Size,N_GrowthOut_Class,Capture_Out,PackingDeaths_Immigration_Class,N_Immigration_Class,Deaths_AfterImmiMort_Age,Deaths_AfterImmiMort_Size
0,50.0,1189,49.54512471932056,9.848397663494215,1187,49.49452393854833,9.779169804139606,0,0,0,0,0,0,0,0,60,938,0,0
1,100.0,918,113.44465676002008,1.4210854715202004e-14,920,113.37103074121055,1.577391150610574,1189,0,9,1161,0,0,1103,0,92,1015,0,0
2,150.0,473,164.79572781619692,2.842170943040401e-14,473,164.79572781619692,2.842170943040401e-14,918,0,129,777,0,0,715,0,76,639,0,0
3,200.0,269,205.230325391608,0.0,269,205.230325391608,0.0,742,0,152,580,0,0,336,0,39,297,0,0
4,250.0,127,237.0691292852373,2.842170943040401e-14,182,244.64533335805822,11.512567248197296,182,0,30,149,0,0,298,0,80,218,0,0
5,300.0,55,262.13947730802647,0.0,71,293.2879541916338,13.002267642118287,71,0,8,63,0,0,96,0,17,79,0,0
6,350.0,79,297.1446128399168,16.87074933108889,8,331.3724583434286,2.5875140210235337,8,0,0,8,0,0,13,0,4,9,0,0
Totals,7,3110,NA,NA,3110,NA,NA,3110,0,328,2738,0,0,2561,0,368,3195,0,0
