Age,Class,N_Initial_Age,AgeSize_Mean,AgeSize_Std,N_Initial_Class,ClassSize_Mean,ClassSize_Std,N_GrowthBack_Class,Capture_Back,PackingDeaths_Emigration_Class,N_AfterEmigration_Class,Deaths_AfterEmiMort_Age,Deaths_AfterEmiMort_Size,N_GrowthOut_Class,Capture_Out,PackingDeaths_Immigration_Class,N_Immigration_Class,Deaths_AfterImmiMort_Age,Deaths_AfterImmiMort_Size
0,50.0,1300,49.680931976131056,9.926787883589741,1296,49.59793693802619,9.828573886027671,0,0,0,0,0,0,0,0,24,1356,0,0
1,100.0,1106,113.44465676002005,1.4210854715202004e-14,1110,113.31177988636993,2.211029819200664,1300,0,82,1190,0,0,1124,0,112,1019,0,0
2,150.0,593,164.79572781619692,2.842170943040401e-14,593,164.79572781619692,2.842170943040401e-14,1106,0,198,898,0,0,826,0,99,727,0,0
3,200.0,310,205.23032539160798,2.842170943040401e-14,310,205.23032539160798,2.842170943040401e-14,903,0,285,605,0,0,376,0,45,331,0,0
4,250.0,162,237.06912928523727,0.0,246,245.6297359271652,11.88837254301505,246,0,33,212,0,0,320,0,84,236,0,0
5,300.0,84,262.13947730802636,1.1368683772161603e-13,116,293.63461168917024,12.660648021849534,116,0,21,95,0,0,148,0,47,101,0,0
6,350.0,126,296.8808982203475,16.506955698477064,10,334.5378219820037,5.793653490483779,10,0,1,9,0,0,17,0,3,14,0,0
Totals,7,3681,NA,NA,3681,NA,NA,3681,0,620,3009,0,0,2811,0,414,3784,0,0
