Age,Class,N_Initial_Age,AgeSize_Mean,AgeSize_Std,N_Initial_Class,ClassSize_Mean,ClassSize_Std,N_GrowthBack_Class,Capture_Back,PackingDeaths_Emigration_Class,N_AfterEmigration_Class,Deaths_AfterEmiMort_Age,Deaths_AfterEmiMort_Size,N_GrowthOut_Class,Capture_Out,PackingDeaths_Immigration_Class,N_Immigration_Class,Deaths_AfterImmiMort_Age,Deaths_AfterImmiMort_Size
0,50.0,1575,49.905365758434414,10.06190321632201,1565,49.72744518312983,9.84221574874919,0,0,0,0,0,0,0,0,30,1479,0,1
1,100.0,972,113.44465676002007,0.0,982,113.08116672981215,3.5911627824600876,1575,0,137,1438,0,0,1385,0,96,1297,0,0
2,150.0,837,164.7957278161969,5.684341886080802e-14,837,164.7957278161969,5.684341886080802e-14,972,0,113,859,0,0,791,0,81,710,0,0
3,200.0,369,205.23032539160798,2.842170943040401e-14,369,205.23032539160798,2.842170943040401e-14,1206,0,398,808,0,0,539,0,118,421,0,0
4,250.0,177,237.06912928523727,0.0,271,245.7651171603007,11.932779948802589,271,0,46,225,0,0,362,0,104,258,0,0
5,300.0,94,262.13947730802636,1.1368683772161603e-13,107,293.3670545072781,12.469541402993208,107,0,29,78,0,0,136,0,48,88,0,0
6,350.0,122,298.5374515404761,18.348338274098445,15,335.41961704395504,8.833606420110934,15,0,2,13,0,0,16,0,3,13,0,0
Totals,7,4146,NA,NA,4146,NA,NA,4146,0,725,3421,0,0,3229,0,480,4266,0,1
