Age,Class,N_Initial_Age,AgeSize_Mean,AgeSize_Std,N_Initial_Class,ClassSize_Mean,ClassSize_Std,N_GrowthBack_Class,Capture_Back,PackingDeaths_Emigration_Class,N_AfterEmigration_Class,Deaths_AfterEmiMort_Age,Deaths_AfterEmiMort_Size,N_GrowthOut_Class,Capture_Out,PackingDeaths_Immigration_Class,N_Immigration_Class,Deaths_AfterImmiMort_Age,Deaths_AfterImmiMort_Size
0,50.0,1469,50.3382165482802,10.033378789924704,1463,50.2313461922684,9.913488099733964,0,0,0,0,0,0,0,0,0,1645,0,21
1,100.0,1236,113.44465676002008,1.4210854715202004e-14,1242,113.2656814698227,2.5706108533180867,1469,0,50,1419,0,12,1351,0,29,1334,0,9
2,150.0,777,164.7957278161969,5.684341886080802e-14,777,164.7957278161969,5.684341886080802e-14,1236,0,167,1069,0,0,968,0,143,825,0,0
3,200.0,365,205.23032539160795,5.684341886080802e-14,365,205.23032539160795,5.684341886080802e-14,1142,0,290,852,0,0,522,0,88,434,0,0
4,250.0,189,237.0691292852373,2.842170943040401e-14,288,245.6870614180711,11.907384413077121,288,0,44,244,0,0,413,0,109,304,0,0
5,300.0,99,262.1394773080264,5.684341886080802e-14,87,289.3934855255169,11.400585144950021,87,0,13,74,0,0,143,0,37,106,0,0
6,350.0,99,294.24040717349493,16.899488330697057,12,329.38058912133545,2.946014308850922,12,0,0,12,0,0,12,0,1,11,0,0
Totals,7,4234,NA,NA,4234,NA,NA,4234,0,564,3670,0,12,3409,0,407,4659,0,30
