Age,Class,N_Initial_Age,AgeSize_Mean,AgeSize_Std,N_Initial_Class,ClassSize_Mean,ClassSize_Std,N_GrowthBack_Class,Capture_Back,PackingDeaths_Emigration_Class,N_AfterEmigration_Class,Deaths_AfterEmiMort_Age,Deaths_AfterEmiMort_Size,N_GrowthOut_Class,Capture_Out,PackingDeaths_Immigration_Class,N_Immigration_Class,Deaths_AfterImmiMort_Age,Deaths_AfterImmiMort_Size
0,50.0,1271,49.64488682700171,10.283021328284065,1265,49.509474189042685,10.113618361646628,0,0,0,0,0,0,0,0,10,1300,0,0
1,100.0,988,113.44465676002007,0.0,994,113.23187845762577,2.74726577589,1271,0,37,1234,0,0,1207,0,77,1137,0,0
2,150.0,607,164.79572781619694,0.0,607,164.79572781619694,0.0,988,0,201,787,0,0,735,0,74,661,0,0
3,200.0,325,205.23032539160798,2.842170943040401e-14,325,205.23032539160798,2.842170943040401e-14,932,0,283,649,0,0,407,0,65,342,0,0
4,250.0,137,237.06912928523727,0.0,213,246.01441778163147,12.01013361645629,213,0,32,181,0,0,322,0,71,251,0,0
5,300.0,76,262.13947730802636,1.1368683772161603e-13,99,291.82356641592025,12.957721581842225,99,0,16,83,0,0,130,0,47,83,0,0
6,350.0,109,295.8686673609106,17.92353731563253,10,335.91516671631535,8.585470044698395,10,0,1,9,0,0,14,0,1,13,0,0
Totals,7,3513,NA,NA,3513,NA,NA,3513,0,570,2943,0,0,2815,0,345,3787,0,0
