Age,Class,N_Initial_Age,AgeSize_Mean,AgeSize_Std,N_Initial_Class,ClassSize_Mean,ClassSize_Std,N_GrowthBack_Class,Capture_Back,PackingDeaths_Emigration_Class,N_AfterEmigration_Class,Deaths_AfterEmiMort_Age,Deaths_AfterEmiMort_Size,N_GrowthOut_Class,Capture_Out,PackingDeaths_Immigration_Class,N_Immigration_Class,Deaths_AfterImmiMort_Age,Deaths_AfterImmiMort_Size
0,50.0,1633,49.84251323411144,9.82196960693166,1622,49.651693956212725,9.571795800966644,0,0,0,0,0,0,0,0,66,1486,0,0
1,100.0,1137,113.44465676002007,0.0,1148,113.1048355840329,3.4753858203615224,1633,0,99,1534,0,0,1470,0,112,1370,0,0
2,150.0,737,164.79572781619692,2.842170943040401e-14,737,164.79572781619692,2.842170943040401e-14,1137,0,270,867,0,0,789,0,78,711,0,0
3,200.0,362,205.23032539160798,2.842170943040401e-14,362,205.23032539160798,2.842170943040401e-14,1099,0,354,745,0,0,471,0,114,357,0,0
4,250.0,144,237.06912928523727,0.0,234,246.71157083246385,12.196830997709661,234,0,35,199,0,0,351,0,109,242,0,0
5,300.0,90,262.1394773080264,5.684341886080802e-14,101,294.01821883561684,13.702097313138111,101,0,18,83,0,0,138,0,35,103,0,0
6,350.0,119,300.20008682428886,19.533249061699568,18,334.88723498294854,7.166134761617194,18,0,4,14,0,0,21,0,2,19,0,0
Totals,7,4222,NA,NA,4222,NA,NA,4222,0,780,3442,0,0,3240,0,516,4288,0,0
