Age,Class,N_Initial_Age,AgeSize_Mean,AgeSize_Std,N_Initial_Class,ClassSize_Mean,ClassSize_Std,N_GrowthBack_Class,Capture_Back,PackingDeaths_Emigration_Class,N_AfterEmigration_Class,Deaths_AfterEmiMort_Age,Deaths_AfterEmiMort_Size,N_GrowthOut_Class,Capture_Out,PackingDeaths_Immigration_Class,N_Immigration_Class,Deaths_AfterImmiMort_Age,Deaths_AfterImmiMort_Size
0,50.0,1255,49.75299067599362,10.268590798812177,1248,49.582864489228236,10.037563408186903,0,0,0,0,0,0,0,0,0,1154,0,0
1,100.0,952,113.44465676002007,0.0,959,113.20114875010871,2.8611464936012343,1255,0,81,1174,0,0,1127,0,75,1059,0,0
2,150.0,724,164.79572781619692,2.842170943040401e-14,724,164.79572781619692,2.842170943040401e-14,952,0,148,804,0,0,754,0,129,625,0,0
3,200.0,292,205.23032539160798,2.842170943040401e-14,292,205.23032539160798,2.842170943040401e-14,1016,0,290,726,0,0,472,0,97,375,0,0
4,250.0,155,237.06912928523727,0.0,266,247.53081586617557,12.362493169732495,266,0,26,240,0,0,332,0,106,226,0,0
5,300.0,111,262.13947730802636,1.1368683772161603e-13,74,293.08968359254584,12.57783674108555,74,0,10,64,0,0,150,0,53,97,0,0
6,350.0,92,301.2980751934895,20.453381908529785,18,335.04368510848036,8.487472931700333,18,0,2,16,0,0,20,0,5,15,0,0
Totals,7,3581,NA,NA,3581,NA,NA,3581,0,557,3024,0,0,2855,0,465,3551,0,0
