Age,Class,N_Initial_Age,AgeSize_Mean,AgeSize_Std,N_Initial_Class,ClassSize_Mean,ClassSize_Std,N_GrowthBack_Class,Capture_Back,PackingDeaths_Emigration_Class,N_AfterEmigration_Class,Deaths_AfterEmiMort_Age,Deaths_AfterEmiMort_Size,N_GrowthOut_Class,Capture_Out,PackingDeaths_Immigration_Class,N_Immigration_Class,Deaths_AfterImmiMort_Age,Deaths_AfterImmiMort_Size
0,50.0,1369,49.89511121762706,9.882184612172624,1360,49.71714697208763,9.667834801190786,0,0,0,0,0,0,0,0,0,1326,0,7
1,100.0,978,113.44465676002005,1.4210854715202004e-14,987,113.11039684517921,3.4882406970336164,1369,0,50,1319,0,3,1276,0,79,1206,0,4
2,150.0,752,164.79572781619692,2.842170943040401e-14,752,164.79572781619692,2.842170943040401e-14,978,0,105,873,0,1,805,0,99,706,0,1
3,200.0,348,205.230325391608,0.0,348,205.230325391608,0.0,1100,0,366,734,0,0,483,0,80,403,0,0
4,250.0,182,237.0691292852373,2.842170943040401e-14,269,245.17738310673414,11.727444953109716,269,0,43,226,0,0,369,0,112,257,0,0
5,300.0,87,262.1394773080263,1.7053025658242404e-13,89,293.600580849019,11.918048924655823,89,0,14,75,0,0,135,0,17,118,0,0
6,350.0,96,296.43633226930575,15.480358718026455,7,332.4908860415235,8.854588447976855,7,0,1,6,0,0,11,0,2,9,0,0
Totals,7,3812,NA,NA,3812,NA,NA,3812,0,579,3233,0,4,3079,0,389,4025,0,12
