Age,Class,N_Initial_Age,AgeSize_Mean,AgeSize_Std,N_Initial_Class,ClassSize_Mean,ClassSize_Std,N_GrowthBack_Class,Capture_Back,PackingDeaths_Emigration_Class,N_AfterEmigration_Class,Deaths_AfterEmiMort_Age,Deaths_AfterEmiMort_Size,N_GrowthOut_Class,Capture_Out,PackingDeaths_Immigration_Class,N_Immigration_Class,Deaths_AfterImmiMort_Age,Deaths_AfterImmiMort_Size
0,50.0,1397,50.091997638702644,9.753066943807424,1390,49.94077190519951,9.538156400221586,0,0,0,0,0,0,0,0,0,1214,0,0
1,100.0,892,113.44465676002007,0.0,899,113.18518529808475,2.945048475429561,1397,0,10,1387,0,0,1325,0,35,1293,0,0
2,150.0,680,164.79572781619692,2.842170943040401e-14,680,164.79572781619692,2.842170943040401e-14,892,0,33,859,0,0,795,0,38,757,0,0
3,200.0,272,205.23032539160798,2.842170943040401e-14,272,205.23032539160798,2.842170943040401e-14,952,0,115,837,0,0,556,0,70,486,0,0
4,250.0,154,237.06912928523727,0.0,212,243.92799808392488,11.176320800162193,212,0,2,210,0,0,367,0,69,298,0,0
5,300.0,58,262.13947730802647,0.0,84,292.27431803148784,11.674707155580265,84,0,11,73,0,0,117,0,24,93,0,0
6,350.0,93,296.63988935403876,17.493164132311904,9,337.3852216978473,7.206298282161044,9,0,1,8,0,0,12,0,5,7,0,0
Totals,7,3546,NA,NA,3546,NA,NA,3546,0,172,3374,0,0,3172,0,241,4148,0,0
