Age,Class,N_Initial_Age,AgeSize_Mean,AgeSize_Std,N_Initial_Class,ClassSize_Mean,ClassSize_Std,N_GrowthBack_Class,Capture_Back,PackingDeaths_Emigration_Class,N_AfterEmigration_Class,Deaths_AfterEmiMort_Age,Deaths_AfterEmiMort_Size,N_GrowthOut_Class,Capture_Out,PackingDeaths_Immigration_Class,N_Immigration_Class,Deaths_AfterImmiMort_Age,Deaths_AfterImmiMort_Size
0,50.0,1515,49.80988313848716,10.086795938046485,1507,49.65848869857296,9.89294526702202,0,0,0,0,0,0,0,0,115,1329,0,0
1,100.0,1254,113.44465676002008,1.4210854715202004e-14,1262,113.22205234795864,2.802528778043415,1515,0,266,1249,0,0,1193,0,150,1051,0,0
2,150.0,684,164.79572781619694,0.0,684,164.79572781619694,0.0,1254,0,215,1039,0,0,963,0,155,808,0,0
3,200.0,405,205.23032539160798,2.842170943040401e-14,405,205.23032539160798,2.842170943040401e-14,1089,0,421,668,0,0,385,0,65,320,0,0
4,250.0,207,237.06912928523724,2.842170943040401e-14,274,243.19946986015285,10.77537452466982,274,0,42,232,0,0,400,0,109,291,0,0
5,300.0,67,262.1394773080264,5.684341886080802e-14,93,293.80382992542513,13.88118423810971,93,0,26,67,0,0,101,0,19,82,0,0
6,350.0,111,300.5639457521173,20.2063767891436,18,335.49121085669384,8.139929828988011,18,0,2,16,0,0,24,0,5,19,0,0
Totals,7,4243,NA,NA,4243,NA,NA,4243,0,972,3271,0,0,3066,0,618,3900,0,0
