Age,Class,N_Initial_Age,AgeSize_Mean,AgeSize_Std,N_Initial_Class,ClassSize_Mean,ClassSize_Std,N_GrowthBack_Class,Capture_Back,PackingDeaths_Emigration_Class,N_AfterEmigration_Class,Deaths_AfterEmiMort_Age,Deaths_AfterEmiMort_Size,N_GrowthOut_Class,Capture_Out,PackingDeaths_Immigration_Class,N_Immigration_Class,Deaths_AfterImmiMort_Age,Deaths_AfterImmiMort_Size
0,50.0,1578,49.75577341043824,10.07211454102258,1568,49.57794131960925,9.851617862566375,0,0,0,0,0,0,0,0,23,1505,0,4
1,100.0,978,113.44465676002005,1.4210854715202004e-14,988,113.08225988241281,3.5948921228145236,1578,0,20,1558,0,2,1518,0,106,1427,0,3
2,150.0,753,164.79572781619692,2.842170943040401e-14,753,164.79572781619692,2.842170943040401e-14,978,0,98,880,0,0,803,0,63,740,0,0
3,200.0,394,205.23032539160798,2.842170943040401e-14,394,205.23032539160798,2.842170943040401e-14,1147,0,358,789,0,0,493,0,86,407,0,0
4,250.0,206,237.06912928523727,0.0,301,244.98169759807774,11.651699620726466,301,0,41,260,0,0,426,0,157,269,0,0
5,300.0,95,262.13947730802636,1.1368683772161603e-13,106,290.4415174782759,11.052795788752281,106,0,18,88,0,0,158,0,47,111,0,0
6,350.0,118,294.8631634906162,16.92406378645681,12,333.9210365996222,6.258318492295039,12,0,1,11,0,0,16,0,1,15,0,0
Totals,7,4122,NA,NA,4122,NA,NA,4122,0,536,3586,0,2,3414,0,483,4474,0,7
