Age,Class,N_Initial_Age,AgeSize_Mean,AgeSize_Std,N_Initial_Class,ClassSize_Mean,ClassSize_Std,N_GrowthBack_Class,Capture_Back,PackingDeaths_Emigration_Class,N_AfterEmigration_Class,Deaths_AfterEmiMort_Age,Deaths_AfterEmiMort_Size,N_GrowthOut_Class,Capture_Out,PackingDeaths_Immigration_Class,N_Immigration_Class,Deaths_AfterImmiMort_Age,Deaths_AfterImmiMort_Size
0,50.0,1304,49.87283417322348,10.174959168107756,1302,49.82895411398863,10.120774425066935,0,0,0,0,0,0,0,0,0,1657,0,0
1,100.0,1394,113.44465676002007,0.0,1396,113.39450503505603,1.3252233779649985,1304,0,95,1209,0,0,1169,0,76,1103,0,2
2,150.0,700,164.79572781619692,2.842170943040401e-14,700,164.79572781619692,2.842170943040401e-14,1394,0,255,1139,0,0,1049,0,122,927,0,0
3,200.0,417,205.230325391608,0.0,417,205.230325391608,0.0,1117,0,258,859,0,0,504,0,102,402,0,0
4,250.0,178,237.06912928523724,2.842170943040401e-14,261,245.04169206643076,11.675322961613757,261,0,13,248,0,0,443,0,148,295,0,0
5,300.0,83,262.1394773080264,5.684341886080802e-14,90,292.50444640661834,12.550310744353556,90,0,9,81,0,0,141,0,25,116,0,0
6,350.0,102,297.4731498853508,18.263649553558615,12,334.7384259758441,8.948712210870445,12,0,2,10,0,0,16,0,0,16,0,0
Totals,7,4178,NA,NA,4178,NA,NA,4178,0,632,3546,0,0,3322,0,473,4516,0,2
