Age,Class,N_Initial_Age,AgeSize_Mean,AgeSize_Std,N_Initial_Class,ClassSize_Mean,ClassSize_Std,N_GrowthBack_Class,Capture_Back,PackingDeaths_Emigration_Class,N_AfterEmigration_Class,Deaths_AfterEmiMort_Age,Deaths_AfterEmiMort_Size,N_GrowthOut_Class,Capture_Out,PackingDeaths_Immigration_Class,N_Immigration_Class,Deaths_AfterImmiMort_Age,Deaths_AfterImmiMort_Size
0,50.0,1415,49.902813264530344,10.030475649032113,1410,49.79813745751778,9.890693436787233,0,0,0,0,0,0,0,0,50,1375,0,0
1,100.0,1037,113.44465676002008,1.4210854715202004e-14,1042,113.2813973266326,2.3628060204391272,1415,0,124,1291,0,0,1259,0,74,1192,0,0
2,150.0,743,164.79572781619692,2.842170943040401e-14,743,164.79572781619692,2.842170943040401e-14,1037,0,173,864,0,0,812,0,117,695,0,0
3,200.0,345,205.230325391608,0.0,345,205.230325391608,0.0,1088,0,341,747,0,0,462,0,78,384,0,0
4,250.0,169,237.06912928523727,0.0,252,245.32642645147337,11.782629468569384,252,0,21,231,0,0,376,0,120,256,0,0
5,300.0,83,262.1394773080264,5.684341886080802e-14,98,291.8604036794081,12.670132957073184,98,0,24,74,0,0,134,0,33,101,0,0
6,350.0,107,295.3301772130939,16.779559305216768,9,333.1121556910063,6.385040539963434,9,0,0,9,0,0,12,0,1,11,0,0
Totals,7,3899,NA,NA,3899,NA,NA,3899,0,683,3216,0,0,3055,0,473,4014,0,0
