Age,Class,N_Initial_Age,AgeSize_Mean,AgeSize_Std,N_Initial_Class,ClassSize_Mean,ClassSize_Std,N_GrowthBack_Class,Capture_Back,PackingDeaths_Emigration_Class,N_AfterEmigration_Class,Deaths_AfterEmiMort_Age,Deaths_AfterEmiMort_Size,N_GrowthOut_Class,Capture_Out,PackingDeaths_Immigration_Class,N_Immigration_Class,Deaths_AfterImmiMort_Age,Deaths_AfterImmiMort_Size
0,50.0,2685,49.747377544492,9.775608510476665,2676,49.64977411895025,9.644275796559304,0,0,0,0,0,0,0,0,43,2481,0,6
1,100.0,1993,113.44465676002007,0.0,2002,113.28876827540967,2.3283514980463664,2685,0,92,2593,0,7,2586,0,352,2244,0,3
2,150.0,1492,164.79572781619692,2.842170943040401e-14,1492,164.79572781619692,2.842170943040401e-14,1993,0,467,1526,0,2,1524,0,281,1243,0,1
3,200.0,545,205.230325391608,0.0,545,205.230325391608,0.0,2037,0,742,1295,0,0,976,0,357,619,0,0
4,250.0,260,237.0691292852372,5.684341886080802e-14,370,244.52247599471508,11.458866382388633,370,0,37,333,0,0,553,0,174,379,0,0
5,300.0,110,262.13947730802636,1.1368683772161603e-13,140,294.29411312860685,14.397030007234186,140,0,14,126,0,0,210,0,57,153,0,0
6,350.0,140,294.2941131286068,14.397030007234186,0,nan,nan,0,0,0,0,0,0,15,0,0,15,0,0
Totals,7,7225,NA,NA,7225,NA,NA,7225,0,1352,5873,0,9,5864,0,1264,7134,0,10
