Age,Class,N_Initial_Age,AgeSize_Mean,AgeSize_Std,N_Initial_Class,ClassSize_Mean,ClassSize_Std,N_GrowthBack_Class,Capture_Back,PackingDeaths_Emigration_Class,N_AfterEmigration_Class,Deaths_AfterEmiMort_Age,Deaths_AfterEmiMort_Size,N_GrowthOut_Class,Capture_Out,PackingDeaths_Immigration_Class,N_Immigration_Class,Deaths_AfterImmiMort_Age,Deaths_AfterImmiMort_Size
0,50.0,2120,50.25153464191227,10.112643171941595,2111,50.137773297965474,9.979004634986378,0,0,0,0,0,0,0,0,36,2140,0,3
1,100.0,1518,113.44465676002008,1.4210854715202004e-14,1527,113.22947149349011,2.8125329307495885,2120,0,232,1888,0,3,1885,0,184,1719,0,2
2,150.0,1243,164.79572781619692,2.842170943040401e-14,1243,164.79572781619692,2.842170943040401e-14,1518,0,319,1199,0,0,1199,0,198,1001,0,0
3,200.0,563,205.23032539160798,2.842170943040401e-14,563,205.23032539160798,2.842170943040401e-14,1806,0,821,985,0,0,671,0,134,537,0,0
4,250.0,280,237.06912928523727,0.0,406,244.84958211989596,11.598414289351885,406,0,57,349,0,0,555,0,241,314,0,0
5,300.0,126,262.13947730802636,1.1368683772161603e-13,137,294.3075726899225,13.18980295151167,137,0,24,113,0,0,211,0,87,124,0,0
6,350.0,165,300.7775182859512,18.837740892113263,28,332.4340378093771,5.742487977179018,28,0,4,24,0,0,34,0,7,27,0,0
Totals,7,6015,NA,NA,6015,NA,NA,6015,0,1457,4558,0,3,4555,0,887,5862,0,5
