Age,Class,N_Initial_Age,AgeSize_Mean,AgeSize_Std,N_Initial_Class,ClassSize_Mean,ClassSize_Std,N_GrowthBack_Class,Capture_Back,PackingDeaths_Emigration_Class,N_AfterEmigration_Class,Deaths_AfterEmiMort_Age,Deaths_AfterEmiMort_Size,N_GrowthOut_Class,Capture_Out,PackingDeaths_Immigration_Class,N_Immigration_Class,Deaths_AfterImmiMort_Age,Deaths_AfterImmiMort_Size
0,50.0,2246,50.535894345694274,9.946913243485799,2230,50.33632155483002,9.694876489637734,0,0,0,0,0,0,0,0,114,2549,0,0
1,100.0,1627,113.44465676002008,1.4210854715202004e-14,1643,113.10290820554538,3.459821040402165,2246,0,352,1894,0,0,1894,0,315,1603,0,0
2,150.0,913,164.79572781619692,2.842170943040401e-14,913,164.79572781619692,2.842170943040401e-14,1627,0,474,1153,0,0,1153,0,200,953,0,0
3,200.0,463,205.23032539160798,2.842170943040401e-14,463,205.23032539160798,2.842170943040401e-14,1376,0,568,808,0,0,521,0,118,403,0,0
4,250.0,204,237.06912928523724,2.842170943040401e-14,311,245.6946187979011,11.909867951254826,311,0,33,278,0,0,473,0,197,276,0,0
5,300.0,107,262.1394773080264,5.684341886080802e-14,126,294.6153737382769,12.697449971775022,126,0,21,105,0,0,190,0,62,128,0,0
6,350.0,150,301.3701026488661,19.59173067552956,24,336.8324294294593,7.444926485885965,24,0,1,23,0,0,30,0,4,26,0,0
Totals,7,5710,NA,NA,5710,NA,NA,5710,0,1449,4261,0,0,4261,0,1010,5938,0,0
