Age,Class,N_Initial_Age,AgeSize_Mean,AgeSize_Std,N_Initial_Class,ClassSize_Mean,ClassSize_Std,N_GrowthBack_Class,Capture_Back,PackingDeaths_Emigration_Class,N_AfterEmigration_Class,Deaths_AfterEmiMort_Age,Deaths_AfterEmiMort_Size,N_GrowthOut_Class,Capture_Out,PackingDeaths_Immigration_Class,N_Immigration_Class,Deaths_AfterImmiMort_Age,Deaths_AfterImmiMort_Size
0,50.0,2154,49.86252355298485,9.864623690545102,2137,49.63645230411629,9.566580512080389,0,0,0,0,0,0,0,0,57,2352,0,7
1,100.0,1700,113.44465676002005,1.4210854715202004e-14,1717,113.09650183533313,3.497553315926647,2154,0,417,1737,0,3,1734,0,249,1497,0,0
2,150.0,1001,164.79572781619694,0.0,1001,164.79572781619694,0.0,1700,0,601,1099,0,0,1099,0,187,912,0,1
3,200.0,537,205.23032539160798,2.842170943040401e-14,537,205.23032539160798,2.842170943040401e-14,1538,0,703,835,0,0,534,0,93,441,0,0
4,250.0,177,237.06912928523727,0.0,314,248.007465842951,12.433048606132958,314,0,35,279,0,0,457,0,178,279,0,0
5,300.0,137,262.13947730802647,0.0,124,292.46444039017115,12.437063450726754,124,0,22,102,0,0,219,0,64,155,0,0
6,350.0,151,299.78692927572575,19.483173207745626,27,333.4161374908653,5.946168704575135,27,0,4,23,0,0,29,0,6,23,0,0
Totals,7,5857,NA,NA,5857,NA,NA,5857,0,1782,4075,0,3,4072,0,834,5659,0,8
