Age,Class,N_Initial_Age,AgeSize_Mean,AgeSize_Std,N_Initial_Class,ClassSize_Mean,ClassSize_Std,N_GrowthBack_Class,Capture_Back,PackingDeaths_Emigration_Class,N_AfterEmigration_Class,Deaths_AfterEmiMort_Age,Deaths_AfterEmiMort_Size,N_GrowthOut_Class,Capture_Out,PackingDeaths_Immigration_Class,N_Immigration_Class,Deaths_AfterImmiMort_Age,Deaths_AfterImmiMort_Size
0,50.0,2336,49.89050834639013,9.951849306895847,2320,49.68922606221802,9.682802388911506,0,0,0,0,0,0,0,0,27,2617,0,0
1,100.0,1889,113.44465676002005,1.4210854715202004e-14,1905,113.15599981758501,3.1462453684959835,2336,0,253,2083,0,0,2083,0,239,1864,0,0
2,150.0,1065,164.79572781619694,0.0,1065,164.79572781619694,0.0,1889,0,630,1259,0,0,1259,0,208,1051,0,0
3,200.0,532,205.230325391608,0.0,532,205.230325391608,0.0,1597,0,626,971,0,0,645,0,155,490,0,0
4,250.0,212,237.06912928523724,2.842170943040401e-14,331,246.0823359762098,12.030225837024913,331,0,50,281,0,0,511,0,173,338,0,0
5,300.0,119,262.13947730802636,1.1368683772161603e-13,173,294.9612530242192,13.975068592256184,173,0,43,130,0,0,208,0,63,145,0,0
6,350.0,199,300.19235383234883,19.00406201282228,26,334.99929382490365,8.43239325978866,26,0,7,19,0,0,37,0,5,32,0,0
Totals,7,6352,NA,NA,6352,NA,NA,6352,0,1609,4743,0,0,4743,0,870,6537,0,0
