Age,Class,N_Initial_Age,AgeSize_Mean,AgeSize_Std,N_Initial_Class,ClassSize_Mean,ClassSize_Std,N_GrowthBack_Class,Capture_Back,PackingDeaths_Emigration_Class,N_AfterEmigration_Class,Deaths_AfterEmiMort_Age,Deaths_AfterEmiMort_Size,N_GrowthOut_Class,Capture_Out,PackingDeaths_Immigration_Class,N_Immigration_Class,Deaths_AfterImmiMort_Age,Deaths_AfterImmiMort_Size
0,50.0,2122,50.14106072831077,10.161914836155034,2110,49.98156877013024,9.966081179736097,0,0,0,0,0,0,0,0,3,2248,0,0
1,100.0,1622,113.44465676002008,1.4210854715202004e-14,1634,113.18571237775595,3.0171156862114517,2122,0,191,1931,0,0,1931,0,170,1774,0,0
2,150.0,1011,164.79572781619694,0.0,1011,164.79572781619694,0.0,1622,0,433,1189,0,0,1189,0,167,1022,0,0
3,200.0,496,205.23032539160798,2.842170943040401e-14,496,205.23032539160798,2.842170943040401e-14,1507,0,622,885,0,0,592,0,125,467,0,0
4,250.0,216,237.0691292852372,5.684341886080802e-14,329,245.67991751190954,11.905031865081757,329,0,29,300,0,0,494,0,182,312,0,0
5,300.0,113,262.13947730802647,0.0,119,293.8111422848879,12.647487744903522,119,0,15,104,0,0,192,0,52,140,0,0
6,350.0,148,302.0984805528541,20.485684644252387,29,336.10514448002584,6.86065871339079,29,0,6,23,0,0,34,0,12,22,0,0
Totals,7,5728,NA,NA,5728,NA,NA,5728,0,1296,4432,0,0,4432,0,711,5985,0,0
