Age,Class,N_Initial_Age,AgeSize_Mean,AgeSize_Std,N_Initial_Class,ClassSize_Mean,ClassSize_Std,N_GrowthBack_Class,Capture_Back,PackingDeaths_Emigration_Class,N_AfterEmigration_Class,Deaths_AfterEmiMort_Age,Deaths_AfterEmiMort_Size,N_GrowthOut_Class,Capture_Out,PackingDeaths_Immigration_Class,N_Immigration_Class,Deaths_AfterImmiMort_Age,Deaths_AfterImmiMort_Size
0,50.0,1999,49.755753539534496,10.037470016921278,1987,49.58597110189017,9.823239854329586,0,0,0,0,0,0,0,0,234,2127,0,0
1,100.0,1608,113.44465676002008,1.4210854715202004e-14,1620,113.18113260258393,3.0628073651596877,1999,0,214,1785,0,0,1785,0,202,1603,0,0
2,150.0,1159,164.79572781619694,0.0,1159,164.79572781619694,0.0,1608,0,376,1232,0,0,1232,0,202,1030,0,0
3,200.0,517,205.23032539160795,5.684341886080802e-14,517,205.23032539160795,5.684341886080802e-14,1676,0,706,970,0,0,685,0,119,566,0,0
4,250.0,203,237.0691292852372,5.684341886080802e-14,329,246.67053916630542,12.187026525102539,329,0,57,272,0,0,444,0,122,322,0,0
5,300.0,126,262.13947730802636,1.1368683772161603e-13,136,292.17804845469095,12.216000990039854,136,0,31,105,0,0,210,0,66,144,0,0
6,350.0,168,299.8477172694217,19.43313672098545,32,332.4438097320278,5.992399044758016,32,0,5,27,0,0,35,0,14,21,0,0
Totals,7,5780,NA,NA,5780,NA,NA,5780,0,1389,4391,0,0,4391,0,959,5813,0,0
