Age,Class,N_Initial_Age,AgeSize_Mean,AgeSize_Std,N_Initial_Class,ClassSize_Mean,ClassSize_Std,N_GrowthBack_Class,Capture_Back,PackingDeaths_Emigration_Class,N_AfterEmigration_Class,Deaths_AfterEmiMort_Age,Deaths_AfterEmiMort_Size,N_GrowthOut_Class,Capture_Out,PackingDeaths_Immigration_Class,N_Immigration_Class,Deaths_AfterImmiMort_Age,Deaths_AfterImmiMort_Size
0,50.0,2172,49.99855572361587,10.028104697186727,2162,49.864790582909635,9.854202501502481,0,0,0,0,0,0,0,0,75,1947,0,0
1,100.0,1757,113.44465676002007,0.0,1767,113.24926299875399,2.5985484328500497,2172,0,375,1797,0,0,1797,0,224,1586,0,0
2,150.0,1045,164.79572781619694,0.0,1045,164.79572781619694,0.0,1757,0,525,1232,0,0,1232,0,284,948,0,0
3,200.0,477,205.23032539160798,2.842170943040401e-14,477,205.23032539160798,2.842170943040401e-14,1522,0,610,912,0,0,633,0,158,475,0,0
4,250.0,181,237.0691292852373,2.842170943040401e-14,288,246.38345997425964,12.114320277616606,288,0,44,244,0,0,434,0,126,308,0,0
5,300.0,107,262.1394773080264,5.684341886080802e-14,140,296.09969460691855,13.320870457097211,140,0,17,123,0,0,200,0,70,130,0,0
6,350.0,166,302.14029471419616,18.87805114985374,26,334.66660298415263,8.08943955400817,26,0,4,22,0,0,34,0,6,28,0,0
Totals,7,5905,NA,NA,5905,NA,NA,5905,0,1575,4330,0,0,4330,0,943,5422,0,0
