Age,Class,N_Initial_Age,AgeSize_Mean,AgeSize_Std,N_Initial_Class,ClassSize_Mean,ClassSize_Std,N_GrowthBack_Class,Capture_Back,PackingDeaths_Emigration_Class,N_AfterEmigration_Class,Deaths_AfterEmiMort_Age,Deaths_AfterEmiMort_Size,N_GrowthOut_Class,Capture_Out,PackingDeaths_Immigration_Class,N_Immigration_Class,Deaths_AfterImmiMort_Age,Deaths_AfterImmiMort_Size
0,50.0,1780,50.03206652643591,10.071468744440763,1766,49.81834580937595,9.816753957646327,0,0,0,0,0,0,0,0,216,2119,0,0
1,100.0,1662,113.44465676002007,0.0,1676,113.14015468547215,3.327645773333713,1780,0,95,1685,0,0,1685,0,136,1559,0,0
2,150.0,1015,164.79572781619694,0.0,1015,164.79572781619694,0.0,1662,0,416,1246,0,0,1246,0,183,1063,0,0
3,200.0,502,205.23032539160798,2.842170943040401e-14,502,205.23032539160798,2.842170943040401e-14,1517,0,521,996,0,0,665,0,139,526,0,0
4,250.0,174,237.0691292852373,2.842170943040401e-14,275,246.2767843772435,12.085454287574589,275,0,32,243,0,0,486,0,143,343,0,0
5,300.0,101,262.13947730802636,1.1368683772161603e-13,148,293.97418053092673,13.044015568589895,148,0,28,120,0,0,196,0,56,140,0,0
6,350.0,172,299.8146889867472,19.116644193205723,24,335.83115779764074,7.890119420947253,24,0,2,22,0,0,34,0,8,26,0,0
Totals,7,5406,NA,NA,5406,NA,NA,5406,0,1094,4312,0,0,4312,0,881,5776,0,0
