Age,Class,N_Initial_Age,AgeSize_Mean,AgeSize_Std,N_Initial_Class,ClassSize_Mean,ClassSize_Std,N_GrowthBack_Class,Capture_Back,PackingDeaths_Emigration_Class,N_AfterEmigration_Class,Deaths_AfterEmiMort_Age,Deaths_AfterEmiMort_Size,N_GrowthOut_Class,Capture_Out,PackingDeaths_Immigration_Class,N_Immigration_Class,Deaths_AfterImmiMort_Age,Deaths_AfterImmiMort_Size
0,50.0,1953,50.125007513979156,10.15481101006954,1941,49.95139052006168,9.938575694048648,0,0,0,0,0,0,0,0,127,2372,0,0
1,100.0,1714,113.44465676002007,0.0,1726,113.1996711251657,2.942582930302028,1953,0,218,1735,0,0,1735,0,128,1619,0,0
2,150.0,1010,164.79572781619694,0.0,1010,164.79572781619694,0.0,1714,0,545,1169,0,0,1169,0,165,1004,0,0
3,200.0,521,205.23032539160798,2.842170943040401e-14,521,205.23032539160798,2.842170943040401e-14,1531,0,576,955,0,0,609,0,140,469,0,0
4,250.0,211,237.0691292852372,5.684341886080802e-14,311,245.13033443725956,11.709576855775325,311,0,46,265,0,0,523,0,205,318,0,0
5,300.0,100,262.1394773080264,5.684341886080802e-14,130,294.5304399652151,14.016809951722406,130,0,13,117,0,0,191,0,52,139,0,0
6,350.0,157,301.7113827083808,20.561992426376563,27,336.2862922125119,8.2946741208282,27,0,0,27,0,0,41,0,23,18,0,0
Totals,7,5666,NA,NA,5666,NA,NA,5666,0,1398,4268,0,0,4268,0,840,5939,0,0
