Age,Class,N_Initial_Age,AgeSize_Mean,AgeSize_Std,N_Initial_Class,ClassSize_Mean,ClassSize_Std,N_GrowthBack_Class,Capture_Back,PackingDeaths_Emigration_Class,N_AfterEmigration_Class,Deaths_AfterEmiMort_Age,Deaths_AfterEmiMort_Size,N_GrowthOut_Class,Capture_Out,PackingDeaths_Immigration_Class,N_Immigration_Class,Deaths_AfterImmiMort_Age,Deaths_AfterImmiMort_Size
0,50.0,1908,50.21802748119061,9.853755282501515,1900,50.10851448450013,9.72818311934868,0,0,0,0,0,0,0,0,34,2050,0,9
1,100.0,2107,113.44465676002007,0.0,2115,113.3038821309332,2.2860662637726348,1908,0,202,1706,0,6,1700,0,218,1500,0,2
2,150.0,1106,164.79572781619694,0.0,1106,164.79572781619694,0.0,2107,0,853,1254,0,1,1253,0,264,989,0,0
3,200.0,531,205.23032539160798,2.842170943040401e-14,531,205.23032539160798,2.842170943040401e-14,1637,0,718,919,0,0,616,0,136,480,0,0
4,250.0,214,237.06912928523727,0.0,339,246.31335790720968,12.095464684739628,339,0,58,281,0,0,480,0,196,284,0,0
5,300.0,125,262.1394773080264,5.684341886080802e-14,137,293.5979725320891,12.599416545664145,137,0,25,112,0,0,204,0,82,122,0,0
6,350.0,164,300.7704334672768,20.073690600692238,27,337.16403154582207,7.520349819702184,27,0,7,20,0,0,32,0,5,27,0,0
Totals,7,6155,NA,NA,6155,NA,NA,6155,0,1863,4292,0,7,4285,0,935,5452,0,11
