Age,Class,N_Initial_Age,AgeSize_Mean,AgeSize_Std,N_Initial_Class,ClassSize_Mean,ClassSize_Std,N_GrowthBack_Class,Capture_Back,PackingDeaths_Emigration_Class,N_AfterEmigration_Class,Deaths_AfterEmiMort_Age,Deaths_AfterEmiMort_Size,N_GrowthOut_Class,Capture_Out,PackingDeaths_Immigration_Class,N_Immigration_Class,Deaths_AfterImmiMort_Age,Deaths_AfterImmiMort_Size
0,50.0,2128,49.908078753533225,10.053058339091246,2119,49.79522474451368,9.923666598245275,0,0,0,0,0,0,0,0,68,2339,0,0
1,100.0,1550,113.4446567600201,2.842170943040401e-14,1559,113.2312561461997,2.8011872568936744,2128,0,360,1768,0,0,1768,0,236,1541,0,0
2,150.0,1063,164.79572781619694,0.0,1063,164.79572781619694,0.0,1550,0,415,1135,0,0,1135,0,174,961,0,0
3,200.0,526,205.230325391608,0.0,526,205.230325391608,0.0,1589,0,674,915,0,0,610,0,129,481,0,0
4,250.0,229,237.06912928523724,2.842170943040401e-14,343,245.40154816161618,11.809633219158078,343,0,59,284,0,0,491,0,176,315,0,0
5,300.0,114,262.1394773080264,5.684341886080802e-14,140,294.34525751315505,13.436041194191448,140,0,39,101,0,0,188,0,61,127,0,0
6,350.0,166,301.00115117676614,20.052310779377805,26,336.8405785962105,8.493848539111388,26,0,2,24,0,0,35,0,3,32,0,0
Totals,7,5776,NA,NA,5776,NA,NA,5776,0,1549,4227,0,0,4227,0,847,5796,0,0
