Age,Class,N_Initial_Age,AgeSize_Mean,AgeSize_Std,N_Initial_Class,ClassSize_Mean,ClassSize_Std,N_GrowthBack_Class,Capture_Back,PackingDeaths_Emigration_Class,N_AfterEmigration_Class,Deaths_AfterEmiMort_Age,Deaths_AfterEmiMort_Size,N_GrowthOut_Class,Capture_Out,PackingDeaths_Immigration_Class,N_Immigration_Class,Deaths_AfterImmiMort_Age,Deaths_AfterImmiMort_Size
0,50.0,2469,49.98031452026611,9.891765886418812,2453,49.80463047886444,9.680083084359609,0,0,0,0,0,0,0,0,47,1901,0,18
1,100.0,1941,113.44465676002007,0.0,1957,113.14599732094098,3.2929983554575926,2469,0,152,2317,0,23,2294,0,337,1972,0,12
2,150.0,1050,164.79572781619694,0.0,1050,164.79572781619694,0.0,1941,0,702,1239,0,0,1239,0,263,976,0,0
3,200.0,486,205.23032539160795,5.684341886080802e-14,486,205.23032539160795,5.684341886080802e-14,1536,0,517,1019,0,0,692,0,139,553,0,0
4,250.0,209,237.06912928523724,2.842170943040401e-14,305,244.9601240727381,11.643117573583822,305,0,35,270,0,0,515,0,208,307,0,0
5,300.0,96,262.13947730802647,0.0,151,292.49012505716945,12.346897159809458,151,0,33,118,0,0,195,0,62,133,0,0
6,350.0,171,296.8979860809125,16.802986209465928,20,330.17733681017273,2.972827278513041,20,0,3,17,0,0,22,0,0,22,0,0
Totals,7,6422,NA,NA,6422,NA,NA,6422,0,1442,4980,0,23,4957,0,1056,5864,0,30
