Age,Class,N_Initial_Age,AgeSize_Mean,AgeSize_Std,N_Initial_Class,ClassSize_Mean,ClassSize_Std,N_GrowthBack_Class,Capture_Back,PackingDeaths_Emigration_Class,N_AfterEmigration_Class,Deaths_AfterEmiMort_Age,Deaths_AfterEmiMort_Size,N_GrowthOut_Class,Capture_Out,PackingDeaths_Immigration_Class,N_Immigration_Class,Deaths_AfterImmiMort_Age,Deaths_AfterImmiMort_Size
0,50.0,2261,49.987515930114704,9.818352889387965,2248,49.82538810643153,9.609032804951115,0,0,0,0,0,0,0,0,77,1766,0,0
1,100.0,1761,113.44465676002008,1.4210854715202004e-14,1774,113.1850854617399,3.0320608955462225,2261,0,377,1884,0,0,1884,0,225,1676,0,0
2,150.0,1022,164.79572781619694,0.0,1022,164.79572781619694,0.0,1761,0,506,1255,0,0,1255,0,240,1015,0,0
3,200.0,467,205.23032539160798,2.842170943040401e-14,467,205.23032539160798,2.842170943040401e-14,1489,0,541,948,0,0,651,0,149,502,0,0
4,250.0,185,237.06912928523727,0.0,312,247.27404658938545,12.316675329579637,312,0,30,282,0,0,463,0,188,275,0,0
5,300.0,127,262.13947730802636,1.1368683772161603e-13,140,293.06954564048823,12.53898283562156,140,0,12,128,0,0,236,0,88,148,0,0
6,350.0,162,298.72698380510326,18.621205807165445,22,334.72886303447154,7.279588990269126,22,0,3,19,0,0,27,0,3,24,0,0
Totals,7,5985,NA,NA,5985,NA,NA,5985,0,1469,4516,0,0,4516,0,970,5406,0,0
