Age,Class,N_Initial_Age,AgeSize_Mean,AgeSize_Std,N_Initial_Class,ClassSize_Mean,ClassSize_Std,N_GrowthBack_Class,Capture_Back,PackingDeaths_Emigration_Class,N_AfterEmigration_Class,Deaths_AfterEmiMort_Age,Deaths_AfterEmiMort_Size,N_GrowthOut_Class,Capture_Out,PackingDeaths_Immigration_Class,N_Immigration_Class,Deaths_AfterImmiMort_Age,Deaths_AfterImmiMort_Size
0,50.0,2106,49.65180981050929,9.940113540247046,2092,49.45798852014242,9.683189730637318,0,0,0,0,0,0,0,0,4,2320,0,0
1,100.0,1672,113.44465676002007,0.0,1686,113.15543628680199,3.170853295311852,2106,0,45,2061,0,0,2061,0,172,1905,0,0
2,150.0,997,164.79572781619694,0.0,997,164.79572781619694,0.0,1672,0,329,1343,0,0,1343,0,278,1065,0,0
3,200.0,482,205.23032539160798,2.842170943040401e-14,482,205.23032539160798,2.842170943040401e-14,1479,0,445,1034,0,0,703,0,171,532,0,0
4,250.0,224,237.0691292852372,5.684341886080802e-14,335,245.37602071965395,11.800517528700508,335,0,46,289,0,0,523,0,192,331,0,0
5,300.0,111,262.13947730802636,1.1368683772161603e-13,133,295.54705989998257,13.081176388504176,133,0,14,119,0,0,206,0,33,173,0,0
6,350.0,160,302.2357916756202,19.330384691295503,27,335.18398894079814,8.088754336850284,27,0,3,24,0,0,34,0,8,26,0,0
Totals,7,5752,NA,NA,5752,NA,NA,5752,0,882,4870,0,0,4870,0,858,6352,0,0
