Age,Class,N_Initial_Age,AgeSize_Mean,AgeSize_Std,N_Initial_Class,ClassSize_Mean,ClassSize_Std,N_GrowthBack_Class,Capture_Back,PackingDeaths_Emigration_Class,N_AfterEmigration_Class,Deaths_AfterEmiMort_Age,Deaths_AfterEmiMort_Size,N_GrowthOut_Class,Capture_Out,PackingDeaths_Immigration_Class,N_Immigration_Class,Deaths_AfterImmiMort_Age,Deaths_AfterImmiMort_Size
0,50.0,2635,50.06825242570252,10.019805679097495,2617,49.87562928699999,9.778164600988731,0,0,0,0,0,0,0,0,96,2444,0,0
1,100.0,1846,113.44465676002007,0.0,1864,113.10308995528123,3.4677478417605743,2635,0,623,2012,0,0,2012,0,231,1797,0,0
2,150.0,1051,164.79572781619694,0.0,1051,164.79572781619694,0.0,1846,0,655,1191,0,0,1191,0,247,944,0,0
3,200.0,490,205.23032539160798,2.842170943040401e-14,490,205.23032539160798,2.842170943040401e-14,1541,0,608,933,0,0,626,0,146,480,0,0
4,250.0,205,237.06912928523727,0.0,338,246.93408871432297,12.247470823821851,338,0,54,284,0,0,483,0,181,302,0,0
5,300.0,133,262.1394773080264,5.684341886080802e-14,145,293.1430900779842,12.577308612047796,145,0,27,118,0,0,218,0,74,144,0,0
6,350.0,177,300.29014500089795,19.302590722289594,32,332.6752376203513,7.990226226182175,32,0,7,25,0,0,33,0,10,23,0,0
Totals,7,6537,NA,NA,6537,NA,NA,6537,0,1974,4563,0,0,4563,0,985,6134,0,0
