Age,Class,N_Initial_Age,AgeSize_Mean,AgeSize_Std,N_Initial_Class,ClassSize_Mean,ClassSize_Std,N_GrowthBack_Class,Capture_Back,PackingDeaths_Emigration_Class,N_AfterEmigration_Class,Deaths_AfterEmiMort_Age,Deaths_AfterEmiMort_Size,N_GrowthOut_Class,Capture_Out,PackingDeaths_Immigration_Class,N_Immigration_Class,Deaths_AfterImmiMort_Age,Deaths_AfterImmiMort_Size
0,50.0,1552,50.05468578820235,9.997191050064076,1540,49.84388836082831,9.743634580719217,0,0,0,0,0,0,0,0,0,1645,0,11
1,100.0,1162,113.44465676002007,0.0,1174,113.0732328984308,3.6616259106676052,1552,0,76,1476,0,11,1419,0,124,1306,0,8
2,150.0,748,164.79572781619692,2.842170943040401e-14,748,164.79572781619692,2.842170943040401e-14,1162,0,186,976,0,2,905,0,112,793,0,2
3,200.0,397,205.23032539160795,5.684341886080802e-14,397,205.23032539160795,5.684341886080802e-14,1145,0,381,764,0,0,498,0,102,396,0,0
4,250.0,187,237.06912928523724,2.842170943040401e-14,281,245.45565139962227,11.828747817642462,281,0,27,254,0,0,391,0,142,249,0,0
5,300.0,94,262.13947730802636,1.1368683772161603e-13,96,290.3962276494803,11.188809996807892,96,0,13,83,0,0,151,0,66,85,0,0
6,350.0,106,294.56841755964206,16.78030265957371,10,334.621440697195,3.4000474445167224,10,0,0,10,0,0,14,0,0,14,0,0
Totals,7,4246,NA,NA,4246,NA,NA,4246,0,683,3563,0,13,3378,0,546,4488,0,21
