Age,Class,N_Initial_Age,AgeSize_Mean,AgeSize_Std,N_Initial_Class,ClassSize_Mean,ClassSize_Std,N_GrowthBack_Class,Capture_Back,PackingDeaths_Emigration_Class,N_AfterEmigration_Class,Deaths_AfterEmiMort_Age,Deaths_AfterEmiMort_Size,N_GrowthOut_Class,Capture_Out,PackingDeaths_Immigration_Class,N_Immigration_Class,Deaths_AfterImmiMort_Age,Deaths_AfterImmiMort_Size
0,50.0,1469,50.1139800230173,10.159403342167952,1453,49.81173840277117,9.790184826167607,0,0,0,0,0,0,0,0,9,1576,0,0
1,100.0,1118,113.44465676002007,0.0,1134,112.93836597203558,4.249558054012435,1469,0,113,1356,0,0,1319,0,118,1214,0,0
2,150.0,750,164.7957278161969,5.684341886080802e-14,750,164.7957278161969,5.684341886080802e-14,1118,0,171,947,0,0,881,0,103,778,0,0
3,200.0,383,205.23032539160795,5.684341886080802e-14,383,205.23032539160795,5.684341886080802e-14,1133,0,409,724,0,0,453,0,39,414,0,0
4,250.0,169,237.06912928523727,0.0,243,244.70372086419357,11.537542169752646,243,0,33,210,0,0,368,0,114,254,0,0
5,300.0,74,262.1394773080264,5.684341886080802e-14,103,292.96767880177725,11.971928991730822,103,0,13,90,0,0,139,0,25,114,0,0
6,350.0,116,297.840562410164,17.907540090119685,13,336.4487940766133,6.865257125189902,13,0,4,9,0,0,14,0,4,10,0,0
Totals,7,4079,NA,NA,4079,NA,NA,4079,0,743,3336,0,0,3174,0,412,4360,0,0
