Age,Class,N_Initial_Age,AgeSize_Mean,AgeSize_Std,N_Initial_Class,ClassSize_Mean,ClassSize_Std,N_GrowthBack_Class,Capture_Back,PackingDeaths_Emigration_Class,N_AfterEmigration_Class,Deaths_AfterEmiMort_Age,Deaths_AfterEmiMort_Size,N_GrowthOut_Class,Capture_Out,PackingDeaths_Immigration_Class,N_Immigration_Class,Deaths_AfterImmiMort_Age,Deaths_AfterImmiMort_Size
0,50.0,1359,50.05210960223492,9.8428244770089,1350,49.85893804928912,9.583619438772383,0,0,0,0,0,0,0,0,8,1349,0,0
1,100.0,1127,113.44465676002007,0.0,1136,113.17198833753483,3.060315784591908,1359,0,54,1305,0,0,1263,0,106,1164,0,0
2,150.0,566,164.79572781619697,2.842170943040401e-14,566,164.79572781619697,2.842170943040401e-14,1127,0,223,904,0,0,861,0,153,708,0,0
3,200.0,334,205.23032539160798,2.842170943040401e-14,334,205.23032539160798,2.842170943040401e-14,900,0,282,618,0,0,362,0,63,299,0,0
4,250.0,158,237.06912928523732,5.684341886080802e-14,258,246.78631844135708,12.214317371486006,258,0,52,206,0,0,335,0,83,252,0,0
5,300.0,100,262.1394773080264,5.684341886080802e-14,89,293.71846169484,13.252396237837681,89,0,20,69,0,0,129,0,29,100,0,0
6,350.0,103,299.0852940855765,18.56521195332227,14,333.2030142838294,8.494853023357415,14,0,2,12,0,0,20,0,0,20,0,0
Totals,7,3747,NA,NA,3747,NA,NA,3747,0,633,3114,0,0,2970,0,442,3892,0,0
