Age,Class,N_Initial_Age,AgeSize_Mean,AgeSize_Std,N_Initial_Class,ClassSize_Mean,ClassSize_Std,N_GrowthBack_Class,Capture_Back,PackingDeaths_Emigration_Class,N_AfterEmigration_Class,Deaths_AfterEmiMort_Age,Deaths_AfterEmiMort_Size,N_GrowthOut_Class,Capture_Out,PackingDeaths_Immigration_Class,N_Immigration_Class,Deaths_AfterImmiMort_Age,Deaths_AfterImmiMort_Size
0,50.0,1603,50.0947120699151,9.810182346075287,1593,49.92233311683286,9.594898129580917,0,0,0,0,0,0,0,0,0,1590,0,0
1,100.0,1013,113.44465676002007,0.0,1023,113.09382609077171,3.5351169674310388,1603,0,84,1519,0,0,1466,0,85,1390,0,0
2,150.0,764,164.79572781619692,2.842170943040401e-14,764,164.79572781619692,2.842170943040401e-14,1013,0,111,902,0,0,837,0,85,752,0,0
3,200.0,425,205.23032539160798,2.842170943040401e-14,425,205.23032539160798,2.842170943040401e-14,1189,0,347,842,0,0,505,0,45,460,0,0
4,250.0,142,237.06912928523735,8.526512829121202e-14,222,246.10348893308918,12.036398393537672,222,0,33,189,0,0,398,0,98,300,0,0
5,300.0,80,262.13947730802647,0.0,116,293.80504278875856,13.083375280226878,116,0,34,82,0,0,130,0,27,103,0,0
6,350.0,132,298.95288132405886,18.651702964188942,16,336.274710704986,6.633050241262393,16,0,3,13,0,0,21,0,2,19,0,0
Totals,7,4159,NA,NA,4159,NA,NA,4159,0,612,3547,0,0,3357,0,342,4614,0,0
