Age,Class,N_Initial_Age,AgeSize_Mean,AgeSize_Std,N_Initial_Class,ClassSize_Mean,ClassSize_Std,N_GrowthBack_Class,Capture_Back,PackingDeaths_Emigration_Class,N_AfterEmigration_Class,Deaths_AfterEmiMort_Age,Deaths_AfterEmiMort_Size,N_GrowthOut_Class,Capture_Out,PackingDeaths_Immigration_Class,N_Immigration_Class,Deaths_AfterImmiMort_Age,Deaths_AfterImmiMort_Size
0,50.0,1467,49.87788133583286,10.362206316118362,1459,49.72291713434978,10.17454673339379,0,0,0,0,0,0,0,0,13,1472,0,7
1,100.0,977,113.44465676002005,1.4210854715202004e-14,985,113.15791418801024,3.177929637331457,1467,0,113,1354,0,1,1303,0,105,1205,0,0
2,150.0,584,164.79572781619692,2.842170943040401e-14,584,164.79572781619692,2.842170943040401e-14,977,0,150,827,0,0,767,0,73,694,0,0
3,200.0,324,205.23032539160798,2.842170943040401e-14,324,205.23032539160798,2.842170943040401e-14,908,0,236,672,0,0,394,0,45,349,0,0
4,250.0,160,237.06912928523724,2.842170943040401e-14,228,244.54625062536735,11.469380570486658,228,0,22,206,0,0,367,0,136,231,0,0
5,300.0,68,262.13947730802636,1.1368683772161603e-13,88,294.27510020261775,14.093331720166727,88,0,14,74,0,0,109,0,36,73,0,0
6,350.0,100,298.70339176754646,17.994802757864413,12,331.1775299103561,6.595841607037613,12,0,1,11,0,0,20,0,7,13,0,0
Totals,7,3680,NA,NA,3680,NA,NA,3680,0,536,3144,0,1,2960,0,415,4037,0,7
