Age,Class,N_Initial_Age,AgeSize_Mean,AgeSize_Std,N_Initial_Class,ClassSize_Mean,ClassSize_Std,N_GrowthBack_Class,Capture_Back,PackingDeaths_Emigration_Class,N_AfterEmigration_Class,Deaths_AfterEmiMort_Age,Deaths_AfterEmiMort_Size,N_GrowthOut_Class,Capture_Out,PackingDeaths_Immigration_Class,N_Immigration_Class,Deaths_AfterImmiMort_Age,Deaths_AfterImmiMort_Size
0,50.0,1375,49.82391012193933,9.981580114427642,1366,49.638102243292444,9.743669229072802,0,0,0,0,0,0,0,0,0,1431,0,9
1,100.0,1118,113.44465676002007,0.0,1127,113.16180568858167,3.1668444760811783,1375,0,198,1177,0,5,1144,0,57,1097,0,4
2,150.0,694,164.79572781619694,0.0,694,164.79572781619694,0.0,1118,0,162,956,0,0,895,0,71,824,0,1
3,200.0,370,205.23032539160798,2.842170943040401e-14,370,205.23032539160798,2.842170943040401e-14,1064,0,266,798,0,0,493,0,105,388,0,0
4,250.0,149,237.06912928523735,8.526512829121202e-14,212,244.5192798769151,11.457448420869088,212,0,16,196,0,0,377,0,92,285,0,0
5,300.0,63,262.1394773080265,5.684341886080802e-14,91,291.76934253217007,12.439737154724966,91,0,17,74,0,0,114,0,19,95,0,0
6,350.0,96,294.3514091410384,16.402148808585643,5,341.3450214224434,4.3873214243184036,5,0,1,4,0,0,9,0,1,8,0,0
Totals,7,3865,NA,NA,3865,NA,NA,3865,0,660,3205,0,5,3032,0,345,4128,0,14
