Age,Class,N_Initial_Age,AgeSize_Mean,AgeSize_Std,N_Initial_Class,ClassSize_Mean,ClassSize_Std,N_GrowthBack_Class,Capture_Back,PackingDeaths_Emigration_Class,N_AfterEmigration_Class,Deaths_AfterEmiMort_Age,Deaths_AfterEmiMort_Size,N_GrowthOut_Class,Capture_Out,PackingDeaths_Immigration_Class,N_Immigration_Class,Deaths_AfterImmiMort_Age,Deaths_AfterImmiMort_Size
0,50.0,1547,50.73455475228948,9.914450424218519,1536,50.54439572514203,9.688442687725324,0,0,0,0,0,0,0,0,21,1429,0,9
1,100.0,1171,113.44465676002005,1.4210854715202004e-14,1182,113.10817041789946,3.4808939440949813,1547,0,104,1443,0,3,1374,0,143,1240,0,4
2,150.0,710,164.79572781619692,2.842170943040401e-14,710,164.79572781619692,2.842170943040401e-14,1171,0,234,937,0,1,875,0,128,747,0,1
3,200.0,363,205.23032539160798,2.842170943040401e-14,363,205.23032539160798,2.842170943040401e-14,1073,0,332,741,0,0,460,0,58,402,0,0
4,250.0,143,237.06912928523732,5.684341886080802e-14,233,246.75295470176522,12.20657194655793,233,0,31,202,0,0,357,0,119,238,0,0
5,300.0,90,262.1394773080264,5.684341886080802e-14,79,291.8031787297115,11.243100944696009,79,0,12,67,0,0,136,0,39,97,0,0
6,350.0,90,297.3133019267063,18.234426307596678,11,336.88600488694175,5.340811057577824,11,0,3,8,0,0,8,0,2,6,0,0
Totals,7,4114,NA,NA,4114,NA,NA,4114,0,716,3398,0,4,3210,0,510,4159,0,14
