Age,Class,N_Initial_Age,AgeSize_Mean,AgeSize_Std,N_Initial_Class,ClassSize_Mean,ClassSize_Std,N_GrowthBack_Class,Capture_Back,PackingDeaths_Emigration_Class,N_AfterEmigration_Class,Deaths_AfterEmiMort_Age,Deaths_AfterEmiMort_Size,N_GrowthOut_Class,Capture_Out,PackingDeaths_Immigration_Class,N_Immigration_Class,Deaths_AfterImmiMort_Age,Deaths_AfterImmiMort_Size
0,50.0,1194,50.393462099974165,9.887205474923391,1187,50.229878205795146,9.68170922274048,0,0,0,0,0,0,0,0,38,1631,0,5
1,100.0,1035,113.44465676002007,0.0,1042,113.2074357617189,2.891111208175353,1194,0,71,1123,0,0,1095,0,19,1087,0,0
2,150.0,602,164.79572781619692,2.842170943040401e-14,602,164.79572781619692,2.842170943040401e-14,1035,0,53,982,0,0,896,0,62,834,0,0
3,200.0,345,205.230325391608,0.0,345,205.230325391608,0.0,947,0,156,791,0,0,479,0,43,436,0,0
4,250.0,152,237.06912928523727,0.0,233,245.78457216011242,11.939021799990439,233,0,6,227,0,0,404,0,75,329,0,0
5,300.0,81,262.13947730802647,0.0,90,291.2876499091417,12.85338907238955,90,0,19,71,0,0,133,0,18,115,0,0
6,350.0,104,296.92844627013824,18.82010672125685,14,333.1907085908303,7.043571164144647,14,0,3,11,0,0,14,0,0,14,0,0
Totals,7,3513,NA,NA,3513,NA,NA,3513,0,308,3205,0,0,3021,0,255,4446,0,5
