Age,Class,N_Initial_Age,AgeSize_Mean,AgeSize_Std,N_Initial_Class,ClassSize_Mean,ClassSize_Std,N_GrowthBack_Class,Capture_Back,PackingDeaths_Emigration_Class,N_AfterEmigration_Class,Deaths_AfterEmiMort_Age,Deaths_AfterEmiMort_Size,N_GrowthOut_Class,Capture_Out,PackingDeaths_Immigration_Class,N_Immigration_Class,Deaths_AfterImmiMort_Age,Deaths_AfterImmiMort_Size
0,50.0,1422,49.53863752969836,9.997869288935766,1415,49.397527347464695,9.817567944827418,0,0,0,0,0,0,0,0,37,1324,0,0
1,100.0,1059,113.44465676002007,0.0,1066,113.21231977432438,2.862865279980319,1422,0,196,1226,0,0,1176,0,86,1097,0,0
2,150.0,674,164.79572781619692,2.842170943040401e-14,674,164.79572781619692,2.842170943040401e-14,1059,0,198,861,0,0,807,0,145,662,0,0
3,200.0,323,205.230325391608,0.0,323,205.230325391608,0.0,997,0,324,673,0,0,408,0,52,356,0,0
4,250.0,146,237.0691292852373,2.842170943040401e-14,246,247.26032766848488,12.314071859080398,246,0,16,230,0,0,338,0,111,227,0,0
5,300.0,100,262.1394773080264,5.684341886080802e-14,80,293.2029242991358,12.418837534278715,80,0,7,73,0,0,150,0,47,103,0,0
6,350.0,89,297.452821196345,17.46431572997491,9,335.2296825048712,7.58839485630025,9,0,0,9,0,0,14,0,3,11,0,0
Totals,7,3813,NA,NA,3813,NA,NA,3813,0,741,3072,0,0,2893,0,481,3780,0,0
