Age,Class,N_Initial_Age,AgeSize_Mean,AgeSize_Std,N_Initial_Class,ClassSize_Mean,ClassSize_Std,N_GrowthBack_Class,Capture_Back,PackingDeaths_Emigration_Class,N_AfterEmigration_Class,Deaths_AfterEmiMort_Age,Deaths_AfterEmiMort_Size,N_GrowthOut_Class,Capture_Out,PackingDeaths_Immigration_Class,N_Immigration_Class,Deaths_AfterImmiMort_Age,Deaths_AfterImmiMort_Size
0,50.0,1613,50.14420274847904,9.83434601722818,1599,49.897674729816465,9.513429506261218,0,0,0,0,0,0,0,0,9,1563,0,22
1,100.0,1257,113.44465676002007,0.0,1271,113.05755364883196,3.6771765062571884,1613,0,123,1490,0,3,1450,0,66,1390,0,2
2,150.0,770,164.79572781619692,2.842170943040401e-14,770,164.79572781619692,2.842170943040401e-14,1257,0,233,1024,0,1,942,0,83,859,0,0
3,200.0,509,205.23032539160798,2.842170943040401e-14,509,205.23032539160798,2.842170943040401e-14,1279,0,480,799,0,0,464,0,57,407,0,0
4,250.0,170,237.06912928523727,0.0,265,246.05661253868996,12.02266516966835,265,0,15,250,0,0,458,0,158,300,0,0
5,300.0,95,262.13947730802636,1.1368683772161603e-13,66,294.2299967376029,13.377282846746338,66,0,1,65,0,0,128,0,34,94,0,0
6,350.0,74,297.7608892625884,16.200616769591722,8,326.890752593719,0.0,8,0,1,7,0,0,16,0,3,13,0,0
Totals,7,4488,NA,NA,4488,NA,NA,4488,0,853,3635,0,4,3458,0,410,4626,0,24
