Age,Class,N_Initial_Age,AgeSize_Mean,AgeSize_Std,N_Initial_Class,ClassSize_Mean,ClassSize_Std,N_GrowthBack_Class,Capture_Back,PackingDeaths_Emigration_Class,N_AfterEmigration_Class,Deaths_AfterEmiMort_Age,Deaths_AfterEmiMort_Size,N_GrowthOut_Class,Capture_Out,PackingDeaths_Immigration_Class,N_Immigration_Class,Deaths_AfterImmiMort_Age,Deaths_AfterImmiMort_Size
0,50.0,1416,49.868168711531055,10.00236941562073,1410,49.743263569513026,9.830729332638096,0,0,0,0,0,0,0,0,13,1263,0,0
1,100.0,1179,113.44465676002008,1.4210854715202004e-14,1185,113.2713717996441,2.4650597216856087,1416,0,191,1225,0,3,1181,0,82,1106,0,0
2,150.0,640,164.79572781619692,2.842170943040401e-14,640,164.79572781619692,2.842170943040401e-14,1179,0,270,909,0,0,842,0,127,715,0,0
3,200.0,388,205.23032539160798,2.842170943040401e-14,388,205.23032539160798,2.842170943040401e-14,1028,0,316,712,0,0,396,0,78,318,0,0
4,250.0,142,237.06912928523735,8.526512829121202e-14,241,247.36773697924605,12.33403253619343,241,0,34,207,0,0,383,0,164,219,0,0
5,300.0,99,262.1394773080264,5.684341886080802e-14,81,292.4961005993736,12.447710205337325,81,0,7,74,0,0,142,0,53,89,0,0
6,350.0,93,297.9167741442343,18.43755590801086,12,334.50632057204405,7.179479691247157,12,0,0,12,0,0,15,0,0,15,0,0
Totals,7,3957,NA,NA,3957,NA,NA,3957,0,818,3139,0,3,2959,0,517,3725,0,0
