Age,Class,N_Initial_Age,AgeSize_Mean,AgeSize_Std,N_Initial_Class,ClassSize_Mean,ClassSize_Std,N_GrowthBack_Class,Capture_Back,PackingDeaths_Emigration_Class,N_AfterEmigration_Class,Deaths_AfterEmiMort_Age,Deaths_AfterEmiMort_Size,N_GrowthOut_Class,Capture_Out,PackingDeaths_Immigration_Class,N_Immigration_Class,Deaths_AfterImmiMort_Age,Deaths_AfterImmiMort_Size
0,50.0,1397,50.10334662221254,9.816572580901754,1392,49.99687531921645,9.668876755655743,0,0,0,0,0,0,0,0,52,1836,0,8
1,100.0,1205,113.44465676002007,0.0,1210,113.3054018038891,2.176863418532274,1397,0,161,1236,0,5,1178,0,78,1111,0,4
2,150.0,725,164.79572781619692,2.842170943040401e-14,725,164.79572781619692,2.842170943040401e-14,1205,0,233,972,0,0,893,0,77,816,0,0
3,200.0,360,205.230325391608,0.0,360,205.230325391608,0.0,1085,0,374,711,0,0,448,0,58,390,0,0
4,250.0,149,237.06912928523735,8.526512829121202e-14,235,246.24380983825796,12.076326892402715,235,0,40,195,0,0,349,0,114,235,0,0
5,300.0,86,262.13947730802636,1.1368683772161603e-13,96,292.54676159912657,12.701053015273715,96,0,28,68,0,0,124,0,37,87,0,0
6,350.0,108,297.17225912204583,17.991363620606638,12,334.17623930539906,9.06709075169027,12,0,4,8,0,0,13,0,1,12,0,0
Totals,7,4030,NA,NA,4030,NA,NA,4030,0,840,3190,0,5,3005,0,417,4487,0,12
