Age,Class,N_Initial_Age,AgeSize_Mean,AgeSize_Std,N_Initial_Class,ClassSize_Mean,ClassSize_Std,N_GrowthBack_Class,Capture_Back,PackingDeaths_Emigration_Class,N_AfterEmigration_Class,Deaths_AfterEmiMort_Age,Deaths_AfterEmiMort_Size,N_GrowthOut_Class,Capture_Out,PackingDeaths_Immigration_Class,N_Immigration_Class,Deaths_AfterImmiMort_Age,Deaths_AfterImmiMort_Size
0,50.0,3065,49.89611615008156,9.94655154739777,3073,49.92135209892613,9.9186102820628,0,0,0,0,0,0,0,0,14437,30641,0,1762
1,100.0,3144,99.8047417302799,10.274802714689484,3127,99.79109977614328,9.921224249547436,3065,0,0,3065,0,0,3065,0,853,2411,0,9
2,150.0,3259,150.22624884934027,9.861140558827472,3269,150.17421046191495,9.759476916330723,3144,0,541,2603,0,0,2529,0,1075,1454,0,0
3,200.0,3410,200.19627008797653,9.774820817765809,3410,200.19903401759532,9.586872394168424,6669,0,5417,1252,0,0,637,0,183,454,0,0
4,250.0,3494,249.9427189467659,9.953681020595408,3503,250.01718898087353,9.798567020042936,6971,0,6701,270,0,0,732,0,378,354,0,0
5,300.0,3477,299.438792637331,10.037904315795233,3471,299.53958110054737,9.762542317057699,3451,0,3341,110,0,0,263,0,97,166,0,0
6,350.0,3451,349.78199188640974,10.040905251923972,3447,349.8564383521903,9.898810353905402,0,0,0,0,0,0,0,0,0,0,0,0
Totals,7,23300,NA,NA,23300,NA,NA,23300,0,16000,7300,0,0,7226,0,17023,35480,0,1771
