Age,Class,N_Initial_Age,AgeSize_Mean,AgeSize_Std,N_Initial_Class,ClassSize_Mean,ClassSize_Std,N_GrowthBack_Class,Capture_Back,PackingDeaths_Emigration_Class,N_AfterEmigration_Class,Deaths_AfterEmiMort_Age,Deaths_AfterEmiMort_Size,N_GrowthOut_Class,Capture_Out,PackingDeaths_Immigration_Class,N_Immigration_Class,Deaths_AfterImmiMort_Age,Deaths_AfterImmiMort_Size
0,50.0,2009,49.46283504424436,10.0889253244285,1994,49.25204097205999,9.827744333701922,0,0,0,0,0,0,0,0,12,1466,0,0
1,100.0,1300,113.44465676002008,1.4210854715202004e-14,1315,113.03446364534251,3.821932521349607,2009,0,146,1863,0,0,1802,0,189,1624,0,0
2,150.0,704,164.79572781619692,2.842170943040401e-14,704,164.79572781619692,2.842170943040401e-14,1300,0,253,1047,0,0,1018,0,154,864,0,0
3,200.0,340,205.23032539160798,2.842170943040401e-14,340,205.23032539160798,2.842170943040401e-14,1044,0,250,794,0,0,520,0,97,423,0,0
4,250.0,157,237.06912928523732,5.684341886080802e-14,241,245.8073418740932,11.946282746180763,241,0,32,209,0,0,379,0,117,262,0,0
5,300.0,84,262.13947730802636,1.1368683772161603e-13,90,292.5044464066183,12.550310744353558,90,0,8,82,0,0,146,0,30,116,0,0
6,350.0,111,300.15030471774395,19.77281427535632,21,332.9182689082822,8.197691386255752,21,0,5,16,0,0,19,0,5,14,0,0
Totals,7,4705,NA,NA,4705,NA,NA,4705,0,694,4011,0,0,3884,0,604,4769,0,0
