Age,Class,N_Initial_Age,AgeSize_Mean,AgeSize_Std,N_Initial_Class,ClassSize_Mean,ClassSize_Std,N_GrowthBack_Class,Capture_Back,PackingDeaths_Emigration_Class,N_AfterEmigration_Class,Deaths_AfterEmiMort_Age,Deaths_AfterEmiMort_Size,N_GrowthOut_Class,Capture_Out,PackingDeaths_Immigration_Class,N_Immigration_Class,Deaths_AfterImmiMort_Age,Deaths_AfterImmiMort_Size
0,50.0,1369,50.28238937517654,9.978395527820746,1363,50.15765874100081,9.819419528619148,0,0,0,0,0,0,0,0,0,1865,0,0
1,100.0,1477,113.44465676002008,1.4210854715202004e-14,1483,113.30374930895633,2.2182508916772177,1369,0,0,1369,0,0,1338,0,31,1317,0,0
2,150.0,866,164.79572781619692,2.842170943040401e-14,866,164.79572781619692,2.842170943040401e-14,1477,0,352,1125,0,0,1092,0,148,944,0,0
3,200.0,446,205.23032539160798,2.842170943040401e-14,446,205.23032539160798,2.842170943040401e-14,1312,0,432,880,0,0,578,0,107,471,0,0
4,250.0,160,237.06912928523724,2.842170943040401e-14,243,245.63225227244507,11.88921352138986,243,0,9,234,0,0,415,0,142,273,0,0
5,300.0,83,262.1394773080264,5.684341886080802e-14,113,296.1608882883296,13.73650755610163,113,0,6,107,0,0,164,0,44,120,0,0
6,350.0,132,301.79724201656074,19.007709047059503,19,335.3187141897247,8.671155049492375,19,0,0,19,0,0,30,0,10,20,0,0
Totals,7,4533,NA,NA,4533,NA,NA,4533,0,799,3734,0,0,3617,0,482,5010,0,0
