Age,Class,N_Initial_Age,AgeSize_Mean,AgeSize_Std,N_Initial_Class,ClassSize_Mean,ClassSize_Std,N_GrowthBack_Class,Capture_Back,PackingDeaths_Emigration_Class,N_AfterEmigration_Class,Deaths_AfterEmiMort_Age,Deaths_AfterEmiMort_Size,N_GrowthOut_Class,Capture_Out,PackingDeaths_Immigration_Class,N_Immigration_Class,Deaths_AfterImmiMort_Age,Deaths_AfterImmiMort_Size
0,50.0,1512,50.30411423477639,10.210794636204158,1505,50.16845424822832,10.035229961436846,0,0,0,0,0,0,0,0,80,2049,0,8
1,100.0,1561,113.44465676002007,0.0,1568,113.29298870012093,2.2784571171925156,1512,0,66,1446,0,6,1411,0,163,1258,0,3
2,150.0,1554,164.79572781619692,2.842170943040401e-14,1554,164.79572781619692,2.842170943040401e-14,1561,0,495,1066,0,3,1037,0,157,880,0,1
3,200.0,462,205.23032539160798,2.842170943040401e-14,462,205.23032539160798,2.842170943040401e-14,2016,0,875,1141,0,0,903,0,380,523,0,0
4,250.0,267,237.06912928523724,2.842170943040401e-14,344,242.68080602289646,10.449678128847857,344,0,82,262,0,0,425,0,142,283,0,0
5,300.0,77,262.13947730802636,1.1368683772161603e-13,112,294.38877075512534,15.115340337395104,112,0,24,88,0,0,124,0,45,79,0,0
6,350.0,112,294.38877075512534,15.115340337395105,0,nan,nan,0,0,0,0,0,0,12,0,0,12,0,0
Totals,7,5545,NA,NA,5545,NA,NA,5545,0,1542,4003,0,9,3912,0,967,5084,0,12
