Age,Class,N_Initial_Age,AgeSize_Mean,AgeSize_Std,N_Initial_Class,ClassSize_Mean,ClassSize_Std,N_GrowthBack_Class,Capture_Back,PackingDeaths_Emigration_Class,N_AfterEmigration_Class,Deaths_AfterEmiMort_Age,Deaths_AfterEmiMort_Size,N_GrowthOut_Class,Capture_Out,PackingDeaths_Immigration_Class,N_Immigration_Class,Deaths_AfterImmiMort_Age,Deaths_AfterImmiMort_Size
0,50.0,1832,50.22619893826488,9.862304793467555,1819,50.03456764534955,9.631030545792248,0,0,0,0,0,0,0,0,0,1637,0,0
1,100.0,1214,113.44465676002005,1.4210854715202004e-14,1227,113.05894964521174,3.7329486268756313,1832,0,67,1765,0,0,1745,0,88,1666,0,0
2,150.0,732,164.79572781619692,2.842170943040401e-14,732,164.79572781619692,2.842170943040401e-14,1214,0,136,1078,0,0,1033,0,130,903,0,0
3,200.0,355,205.230325391608,0.0,355,205.230325391608,0.0,1087,0,266,821,0,0,530,0,62,468,0,0
4,250.0,145,237.0691292852373,2.842170943040401e-14,213,245.0728084662216,11.687435223260396,213,0,7,206,0,0,399,0,80,319,0,0
5,300.0,68,262.13947730802636,1.1368683772161603e-13,96,291.9590383375943,11.41321709842375,96,0,7,89,0,0,146,0,27,119,0,0
6,350.0,110,297.34894292614825,17.831311080957743,14,334.30828867623234,6.308766477229529,14,0,0,14,0,0,17,0,4,13,0,0
Totals,7,4456,NA,NA,4456,NA,NA,4456,0,483,3973,0,0,3870,0,391,5125,0,0
