Age,Class,N_Initial_Age,AgeSize_Mean,AgeSize_Std,N_Initial_Class,ClassSize_Mean,ClassSize_Std,N_GrowthBack_Class,Capture_Back,PackingDeaths_Emigration_Class,N_AfterEmigration_Class,Deaths_AfterEmiMort_Age,Deaths_AfterEmiMort_Size,N_GrowthOut_Class,Capture_Out,PackingDeaths_Immigration_Class,N_Immigration_Class,Deaths_AfterImmiMort_Age,Deaths_AfterImmiMort_Size
0,50.0,1384,49.75651537697681,10.015798435628602,1380,49.678923436227,9.925837397919354,0,0,0,0,0,0,0,0,48,1865,0,0
1,100.0,1124,113.44465676002007,0.0,1128,113.31373859752232,2.1950469674993243,1384,0,30,1354,0,0,1319,0,118,1211,0,0
2,150.0,821,164.79572781619692,2.842170943040401e-14,821,164.79572781619692,2.842170943040401e-14,1124,0,256,868,0,0,837,0,146,691,0,0
3,200.0,436,205.23032539160798,2.842170943040401e-14,436,205.23032539160798,2.842170943040401e-14,1257,0,490,767,0,0,500,0,118,382,0,0
4,250.0,188,237.06912928523727,0.0,280,245.30652934986801,11.77538647342245,280,0,66,214,0,0,403,0,174,229,0,0
5,300.0,92,262.1394773080264,5.684341886080802e-14,106,293.31954991876944,13.149457232124359,106,0,12,94,0,0,145,0,40,105,0,0
6,350.0,121,298.58560619743577,18.868406108876698,15,335.79907056667804,8.317062045714119,15,0,1,14,0,0,21,0,3,18,0,0
Totals,7,4166,NA,NA,4166,NA,NA,4166,0,855,3311,0,0,3225,0,647,4501,0,0
