Age,Class,N_Initial_Age,AgeSize_Mean,AgeSize_Std,N_Initial_Class,ClassSize_Mean,ClassSize_Std,N_GrowthBack_Class,Capture_Back,PackingDeaths_Emigration_Class,N_AfterEmigration_Class,Deaths_AfterEmiMort_Age,Deaths_AfterEmiMort_Size,N_GrowthOut_Class,Capture_Out,PackingDeaths_Immigration_Class,N_Immigration_Class,Deaths_AfterImmiMort_Age,Deaths_AfterImmiMort_Size
0,50.0,1986,49.96644362740647,9.659773652221501,1979,49.86723072073945,9.530799663877987,0,0,0,0,0,0,0,0,0,1611,0,28
1,100.0,1181,113.44465676002008,1.4210854715202004e-14,1188,113.23589821655688,2.715397729013263,1986,0,87,1899,0,5,1842,0,156,1697,0,2
2,150.0,843,164.7957278161969,5.684341886080802e-14,843,164.7957278161969,5.684341886080802e-14,1181,0,129,1052,0,1,1009,0,109,900,0,0
3,200.0,503,205.230325391608,0.0,503,205.230325391608,0.0,1346,0,497,849,0,0,510,0,60,450,0,0
4,250.0,146,237.0691292852373,2.842170943040401e-14,275,248.82940163047297,12.511199578926345,275,0,39,236,0,0,442,0,143,299,0,0
5,300.0,129,262.13947730802647,0.0,77,293.86972959056317,12.837777145690447,77,0,14,63,0,0,155,0,21,134,0,0
6,350.0,89,298.3220023550336,16.425072812214335,12,326.89075259371896,5.684341886080802e-14,12,0,0,12,0,0,20,0,2,18,0,0
Totals,7,4877,NA,NA,4877,NA,NA,4877,0,766,4111,0,6,3978,0,491,5109,0,30
