Age,Class,N_Initial_Age,AgeSize_Mean,AgeSize_Std,N_Initial_Class,ClassSize_Mean,ClassSize_Std,N_GrowthBack_Class,Capture_Back,PackingDeaths_Emigration_Class,N_AfterEmigration_Class,Deaths_AfterEmiMort_Age,Deaths_AfterEmiMort_Size,N_GrowthOut_Class,Capture_Out,PackingDeaths_Immigration_Class,N_Immigration_Class,Deaths_AfterImmiMort_Age,Deaths_AfterImmiMort_Size
0,50.0,1892,50.27897953759512,10.092559395853721,1883,50.15135413185421,9.944555101547488,0,0,0,0,0,0,0,0,215,1767,0,0
1,100.0,1511,113.44465676002008,1.4210854715202004e-14,1520,113.22875382844657,2.8037503928955037,1892,0,319,1573,0,0,1541,0,173,1383,0,0
2,150.0,874,164.79572781619692,2.842170943040401e-14,874,164.79572781619692,2.842170943040401e-14,1511,0,526,985,0,0,955,0,191,764,0,0
3,200.0,407,205.23032539160798,2.842170943040401e-14,407,205.23032539160798,2.842170943040401e-14,1281,0,588,693,0,0,464,0,88,376,0,0
4,250.0,159,237.0691292852373,2.842170943040401e-14,263,246.98287907371665,12.258006466773297,263,0,50,213,0,0,336,0,121,215,0,0
5,300.0,104,262.13947730802647,0.0,135,295.02568179059523,12.697076237039683,135,0,16,119,0,0,187,0,70,117,0,0
6,350.0,159,301.18751816360316,18.91280529345016,24,335.8478477617729,6.926457177104469,24,0,5,19,0,0,26,0,8,18,0,0
Totals,7,5106,NA,NA,5106,NA,NA,5106,0,1504,3602,0,0,3509,0,866,4640,0,0
