Age,Class,N_Initial_Age,AgeSize_Mean,AgeSize_Std,N_Initial_Class,ClassSize_Mean,ClassSize_Std,N_GrowthBack_Class,Capture_Back,PackingDeaths_Emigration_Class,N_AfterEmigration_Class,Deaths_AfterEmiMort_Age,Deaths_AfterEmiMort_Size,N_GrowthOut_Class,Capture_Out,PackingDeaths_Immigration_Class,N_Immigration_Class,Deaths_AfterImmiMort_Age,Deaths_AfterImmiMort_Size
0,50.0,1537,49.99937993119853,9.930623612164572,1530,49.876368633624445,9.784683006454339,0,0,0,0,0,0,0,0,17,1509,0,0
1,100.0,1358,113.44465676002008,1.4210854715202004e-14,1365,113.25717716110915,2.6125648162633355,1537,0,162,1375,0,0,1346,0,108,1249,0,0
2,150.0,721,164.79572781619692,2.842170943040401e-14,721,164.79572781619692,2.842170943040401e-14,1358,0,321,1037,0,0,1000,0,126,874,0,0
3,200.0,339,205.230325391608,0.0,339,205.230325391608,0.0,1060,0,364,696,0,0,467,0,68,399,0,0
4,250.0,155,237.06912928523727,0.0,226,244.94521207115773,11.637158435316282,226,0,20,206,0,0,348,0,112,236,0,0
5,300.0,71,262.1394773080263,1.7053025658242404e-13,90,294.12142800147245,12.530266758753788,90,0,11,79,0,0,134,0,32,102,0,0
6,350.0,109,301.0649022008984,19.114769978542334,19,333.95504314554756,6.499389643839388,19,0,1,18,0,0,24,0,6,18,0,0
Totals,7,4290,NA,NA,4290,NA,NA,4290,0,879,3411,0,0,3319,0,469,4387,0,0
