Age,Class,N_Initial_Age,AgeSize_Mean,AgeSize_Std,N_Initial_Class,ClassSize_Mean,ClassSize_Std,N_GrowthBack_Class,Capture_Back,PackingDeaths_Emigration_Class,N_AfterEmigration_Class,Deaths_AfterEmiMort_Age,Deaths_AfterEmiMort_Size,N_GrowthOut_Class,Capture_Out,PackingDeaths_Immigration_Class,N_Immigration_Class,Deaths_AfterImmiMort_Age,Deaths_AfterImmiMort_Size
0,50.0,3194,50.12057670632436,10.025760015127789,3182,49.984191389063476,9.81585961970108,0,0,0,0,0,0,0,0,14088,27369,0,1733
1,100.0,3071,100.36679094757409,9.861478196962784,3076,100.21537873862158,9.697060942834886,3194,0,7,3182,0,0,3182,0,1003,2392,0,12
2,150.0,3435,150.00647452692868,9.873740508857354,3446,149.97943818920487,9.765556325652298,3071,0,423,2646,0,0,2598,0,1097,1501,0,0
3,200.0,3439,200.1127525443443,9.917805678599347,3429,200.09777456984546,9.616093919978553,6874,0,5784,1085,0,0,553,0,105,448,0,0
4,250.0,3370,249.97074925816023,10.01700615933618,3382,249.9649751626257,9.885107295174507,6737,0,6386,349,0,0,702,0,351,351,0,0
5,300.0,3367,299.67686605286605,9.98547453439439,3364,299.7423549346017,9.70907472030968,3424,0,3267,152,0,0,331,0,163,168,0,0
6,350.0,3424,349.65254789719626,9.807313564789444,3421,349.72342794504533,9.663810308390431,0,0,0,0,0,0,0,0,0,0,0,0
Totals,7,23300,NA,NA,23300,NA,NA,23300,0,15867,7414,0,0,7366,0,16807,32229,0,1745
