Age,Class,N_Initial_Age,AgeSize_Mean,AgeSize_Std,N_Initial_Class,ClassSize_Mean,ClassSize_Std,N_GrowthBack_Class,Capture_Back,PackingDeaths_Emigration_Class,N_AfterEmigration_Class,Deaths_AfterEmiMort_Age,Deaths_AfterEmiMort_Size,N_GrowthOut_Class,Capture_Out,PackingDeaths_Immigration_Class,N_Immigration_Class,Deaths_AfterImmiMort_Age,Deaths_AfterImmiMort_Size
0,50.0,1593,50.63212616141689,9.714878229532342,1579,50.403184738632675,9.446452404766369,0,0,0,0,0,0,0,0,117,1550,0,0
1,100.0,1197,113.4446567600201,2.842170943040401e-14,1211,113.01701272880274,3.9569338645460697,1593,0,173,1420,0,3,1374,0,94,1286,0,0
2,150.0,704,164.79572781619692,2.842170943040401e-14,704,164.79572781619692,2.842170943040401e-14,1197,0,225,972,0,1,943,0,151,792,0,0
3,200.0,415,205.23032539160795,5.684341886080802e-14,415,205.23032539160795,5.684341886080802e-14,1119,0,377,742,0,0,449,0,91,358,0,0
4,250.0,188,237.06912928523727,0.0,272,244.81144264521626,11.582705826880645,272,0,37,235,0,0,425,0,173,252,0,0
5,300.0,84,262.13947730802636,1.1368683772161603e-13,126,295.56666625527896,13.128931496426063,126,0,10,116,0,0,178,0,62,116,0,0
6,350.0,143,300.28533734230865,17.90690568265547,17,335.2590171638229,5.616817837897132,17,0,1,16,0,0,22,0,6,16,0,0
Totals,7,4324,NA,NA,4324,NA,NA,4324,0,823,3501,0,4,3391,0,694,4370,0,0
