Age,Class,N_Initial_Age,AgeSize_Mean,AgeSize_Std,N_Initial_Class,ClassSize_Mean,ClassSize_Std,N_GrowthBack_Class,Capture_Back,PackingDeaths_Emigration_Class,N_AfterEmigration_Class,Deaths_AfterEmiMort_Age,Deaths_AfterEmiMort_Size,N_GrowthOut_Class,Capture_Out,PackingDeaths_Immigration_Class,N_Immigration_Class,Deaths_AfterImmiMort_Age,Deaths_AfterImmiMort_Size
0,50.0,1569,50.033235648599614,10.045229695379193,1558,49.839160184885834,9.809613031645005,0,0,0,0,0,0,0,0,49,1699,0,7
1,100.0,1602,113.44465676002008,1.4210854715202004e-14,1613,113.19967470189262,2.9594004963542195,1569,0,135,1434,0,11,1395,0,128,1274,0,12
2,150.0,855,164.79572781619694,0.0,855,164.79572781619694,0.0,1602,0,490,1112,0,0,1085,0,162,923,0,0
3,200.0,435,205.23032539160798,2.842170943040401e-14,435,205.23032539160798,2.842170943040401e-14,1290,0,506,784,0,0,504,0,89,415,0,0
4,250.0,217,237.06912928523724,2.842170943040401e-14,292,243.50843100341947,10.953124142489553,292,0,57,235,0,0,419,0,168,251,0,0
5,300.0,75,262.1394773080264,5.684341886080802e-14,126,289.7045419946075,11.780165215462155,126,0,25,101,0,0,147,0,29,118,0,0
6,350.0,142,294.31535499635805,17.073321017252262,16,330.6255073851437,2.8929286218712202,16,0,2,14,0,0,19,0,1,18,0,0
Totals,7,4895,NA,NA,4895,NA,NA,4895,0,1215,3680,0,11,3569,0,626,4698,0,19
