Age,Class,N_Initial_Age,AgeSize_Mean,AgeSize_Std,N_Initial_Class,ClassSize_Mean,ClassSize_Std,N_GrowthBack_Class,Capture_Back,PackingDeaths_Emigration_Class,N_AfterEmigration_Class,Deaths_AfterEmiMort_Age,Deaths_AfterEmiMort_Size,N_GrowthOut_Class,Capture_Out,PackingDeaths_Immigration_Class,N_Immigration_Class,Deaths_AfterImmiMort_Age,Deaths_AfterImmiMort_Size
0,50.0,1918,49.93979058312798,9.737974582070219,1905,49.7461047400392,9.481659858696203,0,0,0,0,0,0,0,0,102,1601,0,0
1,100.0,1283,113.44465676002007,0.0,1296,113.09234832698344,3.5080709007678887,1918,0,353,1565,0,0,1524,0,216,1325,0,0
2,150.0,871,164.79572781619692,2.842170943040401e-14,871,164.79572781619692,2.842170943040401e-14,1283,0,321,962,0,0,929,0,133,796,0,0
3,200.0,397,205.23032539160795,5.684341886080802e-14,397,205.23032539160795,5.684341886080802e-14,1268,0,509,759,0,0,506,0,93,413,0,0
4,250.0,170,237.06912928523727,0.0,267,246.17708343583854,12.057559932329871,267,0,29,238,0,0,384,0,121,263,0,0
5,300.0,97,262.13947730802647,0.0,97,293.04812801069613,13.187741903631863,97,0,11,86,0,0,157,0,49,108,0,0
6,350.0,113,299.0032734425521,19.34083876188724,16,335.1063426231791,8.309989557321666,16,0,2,14,0,0,23,0,4,19,0,0
Totals,7,4849,NA,NA,4849,NA,NA,4849,0,1225,3624,0,0,3523,0,718,4525,0,0
