Age,Class,N_Initial_Age,AgeSize_Mean,AgeSize_Std,N_Initial_Class,ClassSize_Mean,ClassSize_Std,N_GrowthBack_Class,Capture_Back,PackingDeaths_Emigration_Class,N_AfterEmigration_Class,Deaths_AfterEmiMort_Age,Deaths_AfterEmiMort_Size,N_GrowthOut_Class,Capture_Out,PackingDeaths_Immigration_Class,N_Immigration_Class,Deaths_AfterImmiMort_Age,Deaths_AfterImmiMort_Size
0,50.0,1628,50.170529768778145,9.878053161548584,1619,50.02086424966568,9.698258298279354,0,0,0,0,0,0,0,0,24,1704,0,8
1,100.0,1153,113.44465676002005,1.4210854715202004e-14,1162,113.16310885341241,3.1889784708431907,1628,0,39,1589,0,1,1555,0,60,1506,0,2
2,150.0,775,164.79572781619692,2.842170943040401e-14,775,164.79572781619692,2.842170943040401e-14,1153,0,77,1076,0,0,1030,0,80,950,0,1
3,200.0,404,205.23032539160798,2.842170943040401e-14,404,205.23032539160798,2.842170943040401e-14,1179,0,227,952,0,0,600,0,53,547,0,0
4,250.0,178,237.06912928523724,2.842170943040401e-14,270,245.61161824115067,11.882300010674674,270,0,5,265,0,0,480,0,163,317,0,0
5,300.0,92,262.1394773080264,5.684341886080802e-14,116,293.7055838782387,12.935304096365963,116,0,2,114,0,0,183,0,58,125,0,0
6,350.0,141,300.83761490359524,19.51539965738205,25,333.93023886124917,6.362763377476993,25,0,1,24,0,0,32,0,6,26,0,0
Totals,7,4371,NA,NA,4371,NA,NA,4371,0,351,4020,0,1,3880,0,444,5175,0,11
