Age,Class,N_Initial_Age,AgeSize_Mean,AgeSize_Std,N_Initial_Class,ClassSize_Mean,ClassSize_Std,N_GrowthBack_Class,Capture_Back,PackingDeaths_Emigration_Class,N_AfterEmigration_Class,Deaths_AfterEmiMort_Age,Deaths_AfterEmiMort_Size,N_GrowthOut_Class,Capture_Out,PackingDeaths_Immigration_Class,N_Immigration_Class,Deaths_AfterImmiMort_Age,Deaths_AfterImmiMort_Size
0,50.0,1501,50.08296221011555,10.137491126583173,1492,49.91111699943432,9.919915047732838,0,0,0,0,0,0,0,0,65,1853,0,0
1,100.0,1195,113.44465676002008,1.4210854715202004e-14,1204,113.18397387246797,3.0159443324458004,1501,0,124,1377,0,0,1341,0,61,1288,0,0
2,150.0,815,164.7957278161969,5.684341886080802e-14,815,164.7957278161969,5.684341886080802e-14,1195,0,214,981,0,0,946,0,154,792,0,0
3,200.0,447,205.23032539160795,5.684341886080802e-14,447,205.23032539160795,5.684341886080802e-14,1262,0,486,776,0,0,463,0,56,407,0,0
4,250.0,174,237.0691292852373,2.842170943040401e-14,276,246.33425790235498,12.101131790676085,276,0,50,226,0,0,426,0,138,288,0,0
5,300.0,102,262.13947730802636,1.1368683772161603e-13,108,294.55093824636924,13.116404800819565,108,0,22,86,0,0,153,0,51,102,0,0
6,350.0,128,300.6236719966938,18.735306760870035,20,333.41643424844665,6.553749283120726,20,0,6,14,0,0,21,0,2,19,0,0
Totals,7,4362,NA,NA,4362,NA,NA,4362,0,902,3460,0,0,3350,0,527,4749,0,0
