Age,Class,N_Initial_Age,AgeSize_Mean,AgeSize_Std,N_Initial_Class,ClassSize_Mean,ClassSize_Std,N_GrowthBack_Class,Capture_Back,PackingDeaths_Emigration_Class,N_AfterEmigration_Class,Deaths_AfterEmiMort_Age,Deaths_AfterEmiMort_Size,N_GrowthOut_Class,Capture_Out,PackingDeaths_Immigration_Class,N_Immigration_Class,Deaths_AfterImmiMort_Age,Deaths_AfterImmiMort_Size
0,50.0,1590,50.253684285846276,10.035701530968806,1580,50.077414970465476,9.817368546126543,0,0,0,0,0,0,0,0,0,2037,0,0
1,100.0,1135,113.44465676002007,0.0,1145,113.13600679806366,3.2949001610945103,1590,0,63,1527,0,0,1477,0,59,1429,0,0
2,150.0,883,164.79572781619692,2.842170943040401e-14,883,164.79572781619692,2.842170943040401e-14,1135,0,137,998,0,0,931,0,112,819,0,0
3,200.0,424,205.230325391608,0.0,424,205.230325391608,0.0,1307,0,495,812,0,0,527,0,116,411,0,0
4,250.0,209,237.06912928523724,2.842170943040401e-14,312,245.3455582799401,11.789558023045043,312,0,40,272,0,0,416,0,125,291,0,0
5,300.0,103,262.13947730802636,1.1368683772161603e-13,116,293.7019042944326,12.496726920747484,116,0,19,97,0,0,170,0,41,129,0,0
6,350.0,129,297.70214521782725,16.943337955076892,13,333.396602688119,6.188921348349523,13,0,2,11,0,0,12,0,1,11,0,0
Totals,7,4473,NA,NA,4473,NA,NA,4473,0,756,3717,0,0,3533,0,454,5127,0,0
