Age,Class,N_Initial_Age,AgeSize_Mean,AgeSize_Std,N_Initial_Class,ClassSize_Mean,ClassSize_Std,N_GrowthBack_Class,Capture_Back,PackingDeaths_Emigration_Class,N_AfterEmigration_Class,Deaths_AfterEmiMort_Age,Deaths_AfterEmiMort_Size,N_GrowthOut_Class,Capture_Out,PackingDeaths_Immigration_Class,N_Immigration_Class,Deaths_AfterImmiMort_Age,Deaths_AfterImmiMort_Size
0,50.0,2116,50.00845116468293,10.01126054127933,2106,49.87754520238801,9.851804240354351,0,0,0,0,0,0,0,0,27,1812,0,0
1,100.0,1353,113.44465676002007,0.0,1363,113.18150628360021,3.065250224282972,2116,0,264,1801,0,0,1716,0,204,1519,0,0
2,150.0,895,164.79572781619692,2.842170943040401e-14,895,164.79572781619692,2.842170943040401e-14,1353,0,241,1101,0,0,1028,0,161,867,0,0
3,200.0,382,205.23032539160798,2.842170943040401e-14,382,205.23032539160798,2.842170943040401e-14,1277,0,397,879,0,0,585,0,100,485,0,0
4,250.0,180,237.06912928523727,0.0,278,245.90687786881048,11.977463533722078,278,0,36,242,0,0,393,0,122,271,0,0
5,300.0,98,262.1394773080264,5.684341886080802e-14,114,293.2626885140197,12.519968836068553,114,0,10,104,0,0,167,0,52,115,0,0
6,350.0,131,298.67866160397426,18.406746087701578,17,334.997539971905,6.626417566074375,17,0,3,14,0,0,22,0,3,19,0,0
Totals,7,5155,NA,NA,5155,NA,NA,5155,0,951,4141,0,0,3911,0,669,5088,0,0
