Age,Class,N_Initial_Age,AgeSize_Mean,AgeSize_Std,N_Initial_Class,ClassSize_Mean,ClassSize_Std,N_GrowthBack_Class,Capture_Back,PackingDeaths_Emigration_Class,N_AfterEmigration_Class,Deaths_AfterEmiMort_Age,Deaths_AfterEmiMort_Size,N_GrowthOut_Class,Capture_Out,PackingDeaths_Immigration_Class,N_Immigration_Class,Deaths_AfterImmiMort_Age,Deaths_AfterImmiMort_Size
0,50.0,1322,49.69927012923941,9.917996356945881,1315,49.541843477890154,9.701296921879864,0,0,0,0,0,0,0,0,0,1826,0,0
1,100.0,1202,113.44465676002007,0.0,1209,113.2468059247089,2.6124097629546887,1322,0,83,1239,0,0,1199,0,35,1174,0,0
2,150.0,816,164.79572781619694,0.0,816,164.79572781619694,0.0,1202,0,179,1023,0,0,961,0,96,865,0,0
3,200.0,453,205.23032539160795,5.684341886080802e-14,453,205.23032539160795,5.684341886080802e-14,1269,0,449,820,0,0,513,0,78,435,0,0
4,250.0,218,237.0691292852372,5.684341886080802e-14,317,244.89867015039857,11.618416595604286,317,0,35,282,0,0,458,0,163,295,0,0
5,300.0,99,262.1394773080264,5.684341886080802e-14,107,293.3604892834319,12.546771523709822,107,0,7,100,0,0,174,0,56,118,0,0
6,350.0,125,299.28927434714797,18.80740286421469,18,334.5326077814603,8.339776868849409,18,0,3,15,0,0,20,0,1,19,0,0
Totals,7,4235,NA,NA,4235,NA,NA,4235,0,756,3479,0,0,3325,0,429,4732,0,0
