Age,Class,N_Initial_Age,AgeSize_Mean,AgeSize_Std,N_Initial_Class,ClassSize_Mean,ClassSize_Std,N_GrowthBack_Class,Capture_Back,PackingDeaths_Emigration_Class,N_AfterEmigration_Class,Deaths_AfterEmiMort_Age,Deaths_AfterEmiMort_Size,N_GrowthOut_Class,Capture_Out,PackingDeaths_Immigration_Class,N_Immigration_Class,Deaths_AfterImmiMort_Age,Deaths_AfterImmiMort_Size
0,50.0,1552,49.800807465516385,9.993047663609378,1541,49.59734043394601,9.732267740437667,0,0,0,0,0,0,0,0,55,1580,0,0
1,100.0,1443,113.44465676002005,1.4210854715202004e-14,1454,113.17881106085255,3.0476019872789446,1552,0,124,1428,0,0,1375,0,65,1322,0,0
2,150.0,741,164.79572781619692,2.842170943040401e-14,741,164.79572781619692,2.842170943040401e-14,1443,0,277,1166,0,0,1072,0,176,896,0,0
3,200.0,382,205.23032539160798,2.842170943040401e-14,382,205.23032539160798,2.842170943040401e-14,1123,0,340,783,0,0,487,0,92,395,0,0
4,250.0,151,237.06912928523732,5.684341886080802e-14,249,246.93617388858402,12.247925251153884,249,0,23,226,0,0,377,0,130,247,0,0
5,300.0,98,262.1394773080264,5.684341886080802e-14,117,291.8070167436639,13.058278227158683,117,0,12,105,0,0,178,0,64,114,0,0
6,350.0,135,297.50733366997093,19.235347664233366,18,334.55939369096654,9.085965268561463,18,0,3,15,0,0,20,0,1,19,0,0
Totals,7,4502,NA,NA,4502,NA,NA,4502,0,779,3723,0,0,3509,0,583,4573,0,0
