Age,Class,N_Initial_Age,AgeSize_Mean,AgeSize_Std,N_Initial_Class,ClassSize_Mean,ClassSize_Std,N_GrowthBack_Class,Capture_Back,PackingDeaths_Emigration_Class,N_AfterEmigration_Class,Deaths_AfterEmiMort_Age,Deaths_AfterEmiMort_Size,N_GrowthOut_Class,Capture_Out,PackingDeaths_Immigration_Class,N_Immigration_Class,Deaths_AfterImmiMort_Age,Deaths_AfterImmiMort_Size
0,50.0,1518,49.83753521908184,10.116928126027393,1506,49.61779224196243,9.850666777054576,0,0,0,0,0,0,0,0,10,1687,0,0
1,100.0,1390,113.44465676002008,1.4210854715202004e-14,1402,113.13627406747413,3.32285388847079,1518,0,0,1518,0,0,1478,0,11,1480,0,0
2,150.0,935,164.7957278161969,5.684341886080802e-14,935,164.7957278161969,5.684341886080802e-14,1390,0,106,1284,0,0,1203,0,187,1016,0,0
3,200.0,433,205.23032539160798,2.842170943040401e-14,433,205.23032539160798,2.842170943040401e-14,1368,0,423,945,0,0,614,0,87,527,0,0
4,250.0,190,237.06912928523727,0.0,278,245.00506678885404,11.660943831502912,278,0,35,243,0,0,435,0,111,324,0,0
5,300.0,88,262.13947730802647,0.0,112,292.1835461067122,12.521326647945806,112,0,14,98,0,0,151,0,28,123,0,0
6,350.0,135,299.17754495484877,19.356765888521384,23,333.2352784762095,6.134933443723516,23,0,0,23,0,0,26,0,1,25,0,0
Totals,7,4689,NA,NA,4689,NA,NA,4689,0,578,4111,0,0,3907,0,435,5182,0,0
