Age,Class,N_Initial_Age,AgeSize_Mean,AgeSize_Std,N_Initial_Class,ClassSize_Mean,ClassSize_Std,N_GrowthBack_Class,Capture_Back,PackingDeaths_Emigration_Class,N_AfterEmigration_Class,Deaths_AfterEmiMort_Age,Deaths_AfterEmiMort_Size,N_GrowthOut_Class,Capture_Out,PackingDeaths_Immigration_Class,N_Immigration_Class,Deaths_AfterImmiMort_Age,Deaths_AfterImmiMort_Size
0,50.0,1950,49.867909020182175,9.98494168382294,1940,49.7177439232551,9.784255847959482,0,0,0,0,0,0,0,0,64,1797,0,0
1,100.0,1289,113.44465676002008,1.4210854715202004e-14,1299,113.17949341178308,3.0313092018179093,1950,0,290,1660,0,0,1586,0,133,1463,0,0
2,150.0,740,164.79572781619692,2.842170943040401e-14,740,164.79572781619692,2.842170943040401e-14,1289,0,223,1066,0,0,992,0,102,890,0,0
3,200.0,369,205.23032539160798,2.842170943040401e-14,369,205.23032539160798,2.842170943040401e-14,1109,0,251,858,0,0,526,0,79,447,0,0
4,250.0,158,237.06912928523732,5.684341886080802e-14,268,247.35919750354623,12.332480994260484,268,0,34,234,0,0,399,0,113,286,0,0
5,300.0,110,262.13947730802636,1.1368683772161603e-13,120,292.8700242561514,12.746115972054929,120,0,20,100,0,0,173,0,37,136,0,0
6,350.0,130,296.2376242756293,17.012196162254014,10,336.6488245093642,6.6088657057757,10,0,2,8,0,0,12,0,2,10,0,0
Totals,7,4746,NA,NA,4746,NA,NA,4746,0,820,3926,0,0,3688,0,530,5029,0,0
