Age,Class,N_Initial_Age,AgeSize_Mean,AgeSize_Std,N_Initial_Class,ClassSize_Mean,ClassSize_Std,N_GrowthBack_Class,Capture_Back,PackingDeaths_Emigration_Class,N_AfterEmigration_Class,Deaths_AfterEmiMort_Age,Deaths_AfterEmiMort_Size,N_GrowthOut_Class,Capture_Out,PackingDeaths_Immigration_Class,N_Immigration_Class,Deaths_AfterImmiMort_Age,Deaths_AfterImmiMort_Size
0,50.0,1854,49.70272435940973,9.917108483549775,1841,49.505595751463396,9.666675487232496,0,0,0,0,0,0,0,0,37,1632,0,0
1,100.0,1307,113.44465676002005,1.4210854715202004e-14,1320,113.09182997670287,3.548955642756906,1854,0,220,1634,0,0,1592,0,149,1455,0,0
2,150.0,872,164.79572781619692,2.842170943040401e-14,872,164.79572781619692,2.842170943040401e-14,1307,0,246,1061,0,0,983,0,157,826,0,0
3,200.0,416,205.23032539160798,2.842170943040401e-14,416,205.23032539160798,2.842170943040401e-14,1288,0,307,981,0,0,623,0,134,489,0,0
4,250.0,191,237.06912928523727,0.0,288,245.5129617790239,11.848692420779605,288,0,37,251,0,0,460,0,138,322,0,0
5,300.0,97,262.13947730802647,0.0,106,294.53854973164187,13.485174829187208,106,0,17,89,0,0,151,0,34,117,0,0
6,350.0,121,299.5375183390401,18.49824374097824,15,334.8635631646545,7.120137925813095,15,0,3,12,0,0,23,0,2,21,0,0
Totals,7,4858,NA,NA,4858,NA,NA,4858,0,830,4028,0,0,3832,0,651,4862,0,0
