Age,Class,N_Initial_Age,AgeSize_Mean,AgeSize_Std,N_Initial_Class,ClassSize_Mean,ClassSize_Std,N_GrowthBack_Class,Capture_Back,PackingDeaths_Emigration_Class,N_AfterEmigration_Class,Deaths_AfterEmiMort_Age,Deaths_AfterEmiMort_Size,N_GrowthOut_Class,Capture_Out,PackingDeaths_Immigration_Class,N_Immigration_Class,Deaths_AfterImmiMort_Age,Deaths_AfterImmiMort_Size
0,50.0,1037,49.642449002410814,9.707682226416368,1032,49.50889009717676,9.538636673088629,0,0,0,0,0,0,0,0,46,1255,0,0
1,100.0,974,113.44465676002007,0.0,979,113.2595921547223,2.5851010437032618,1037,0,88,931,0,0,895,0,33,870,0,0
2,150.0,669,164.79572781619694,0.0,669,164.79572781619694,0.0,974,0,131,837,0,0,772,0,88,684,0,0
3,200.0,352,205.23032539160798,2.842170943040401e-14,352,205.23032539160798,2.842170943040401e-14,1021,0,269,745,0,0,452,0,66,386,0,0
4,250.0,170,237.06912928523727,0.0,267,246.17708343583854,12.057559932329871,267,0,40,224,0,0,370,0,105,265,0,0
5,300.0,97,262.13947730802647,0.0,92,293.0823593815557,12.461473671991584,92,0,6,85,0,0,151,0,32,119,0,0
6,350.0,108,299.3666792579056,19.299177985696133,16,335.50151854691785,9.400848609129095,16,0,0,15,0,0,22,0,7,15,0,0
Totals,7,3407,NA,NA,3407,NA,NA,3407,0,534,2837,0,0,2662,0,377,3594,0,0
