Age,Class,N_Initial_Age,AgeSize_Mean,AgeSize_Std,N_Initial_Class,ClassSize_Mean,ClassSize_Std,N_GrowthBack_Class,Capture_Back,PackingDeaths_Emigration_Class,N_AfterEmigration_Class,Deaths_AfterEmiMort_Age,Deaths_AfterEmiMort_Size,N_GrowthOut_Class,Capture_Out,PackingDeaths_Immigration_Class,N_Immigration_Class,Deaths_AfterImmiMort_Age,Deaths_AfterImmiMort_Size
0,50.0,1518,50.6048826135729,9.95679244927514,1508,50.422021933042245,9.730328109795453,0,0,0,0,0,0,0,0,0,1536,0,0
1,100.0,1200,113.44465676002005,1.4210854715202004e-14,1210,113.15321557388431,3.2003663300425362,1518,0,27,1467,0,0,1421,0,91,1338,0,0
2,150.0,809,164.7957278161969,5.684341886080802e-14,809,164.7957278161969,5.684341886080802e-14,1200,0,188,988,0,0,918,0,136,782,0,0
3,200.0,357,205.23032539160798,2.842170943040401e-14,357,205.23032539160798,2.842170943040401e-14,1166,0,318,837,0,0,540,0,85,455,0,0
4,250.0,159,237.0691292852373,2.842170943040401e-14,230,244.8082367183591,11.581378712084243,230,0,10,220,0,0,384,0,87,297,0,0
5,300.0,71,262.1394773080263,1.7053025658242404e-13,103,292.85566682488115,11.781308028078687,103,0,11,92,0,0,139,0,38,101,0,0
6,350.0,120,299.19121110504847,19.322034525038788,17,337.57715586135663,8.81542869349786,17,0,2,15,0,0,18,0,2,16,0,0
Totals,7,4234,NA,NA,4234,NA,NA,4234,0,556,3619,0,0,3420,0,439,4525,0,0
