Age,Class,N_Initial_Age,AgeSize_Mean,AgeSize_Std,N_Initial_Class,ClassSize_Mean,ClassSize_Std,N_GrowthBack_Class,Capture_Back,PackingDeaths_Emigration_Class,N_AfterEmigration_Class,Deaths_AfterEmiMort_Age,Deaths_AfterEmiMort_Size,N_GrowthOut_Class,Capture_Out,PackingDeaths_Immigration_Class,N_Immigration_Class,Deaths_AfterImmiMort_Age,Deaths_AfterImmiMort_Size
0,50.0,1347,50.12983686903404,9.824585308644366,1338,49.94952388519774,9.606845471235577,0,0,0,0,0,0,0,0,0,1362,0,0
1,100.0,1193,113.44465676002008,1.4210854715202004e-14,1202,113.17130018211165,3.14973547102967,1347,0,6,1341,0,0,1310,0,90,1234,0,0
2,150.0,678,164.79572781619694,0.0,678,164.79572781619694,0.0,1193,0,150,1043,0,0,962,0,113,849,0,0
3,200.0,409,205.23032539160798,2.842170943040401e-14,409,205.23032539160798,2.842170943040401e-14,1087,0,226,861,0,0,508,0,66,442,0,0
4,250.0,158,237.06912928523732,5.684341886080802e-14,251,246.3581426960715,12.10756081344679,251,0,27,224,0,0,435,0,124,311,0,0
5,300.0,93,262.13947730802636,1.1368683772161603e-13,99,292.1929396808094,12.174702681605291,99,0,15,84,0,0,151,0,47,104,0,0
6,350.0,113,297.4989931972155,18.34745232486968,14,335.02037163465894,7.872840615177065,14,0,3,11,0,0,15,0,2,13,0,0
Totals,7,3991,NA,NA,3991,NA,NA,3991,0,427,3564,0,0,3381,0,442,4315,0,0
