Age,Class,N_Initial_Age,AgeSize_Mean,AgeSize_Std,N_Initial_Class,ClassSize_Mean,ClassSize_Std,N_GrowthBack_Class,Capture_Back,PackingDeaths_Emigration_Class,N_AfterEmigration_Class,Deaths_AfterEmiMort_Age,Deaths_AfterEmiMort_Size,N_GrowthOut_Class,Capture_Out,PackingDeaths_Immigration_Class,N_Immigration_Class,Deaths_AfterImmiMort_Age,Deaths_AfterImmiMort_Size
0,50.0,1310,50.563712374880105,10.077060644681557,1301,50.35770363365052,9.790335304663033,0,0,0,0,0,0,0,0,80,1642,0,0
1,100.0,1175,113.44465676002007,0.0,1184,113.19304263237939,2.91701488964822,1310,0,41,1269,0,0,1229,0,115,1125,0,0
2,150.0,744,164.79572781619692,2.842170943040401e-14,744,164.79572781619692,2.842170943040401e-14,1175,0,193,982,0,0,900,0,184,716,0,0
3,200.0,437,205.23032539160798,2.842170943040401e-14,437,205.23032539160798,2.842170943040401e-14,1181,0,418,763,0,0,452,0,88,364,0,0
4,250.0,178,237.06912928523724,2.842170943040401e-14,287,246.59062034615718,12.167510122040623,287,0,53,234,0,0,414,0,147,267,0,0
5,300.0,109,262.1394773080264,5.684341886080802e-14,97,292.91470335581585,13.167250689036123,97,0,18,79,0,0,151,0,48,103,0,0
6,350.0,109,297.431819290299,18.063536071905656,12,333.9451730940375,8.012049585890736,12,0,1,11,0,0,16,0,0,16,0,0
Totals,7,4062,NA,NA,4062,NA,NA,4062,0,724,3338,0,0,3162,0,662,4233,0,0
