Age,Class,N_Initial_Age,AgeSize_Mean,AgeSize_Std,N_Initial_Class,ClassSize_Mean,ClassSize_Std,N_GrowthBack_Class,Capture_Back,PackingDeaths_Emigration_Class,N_AfterEmigration_Class,Deaths_AfterEmiMort_Age,Deaths_AfterEmiMort_Size,N_GrowthOut_Class,Capture_Out,PackingDeaths_Immigration_Class,N_Immigration_Class,Deaths_AfterImmiMort_Age,Deaths_AfterImmiMort_Size
0,50.0,1770,49.86948732847902,9.96747921899398,1759,49.6970593344358,9.754171147674613,0,0,0,0,0,0,0,0,0,1393,0,0
1,100.0,1262,113.44465676002008,1.4210854715202004e-14,1273,113.13356012040899,3.341297557497093,1770,0,159,1611,0,0,1548,0,109,1448,0,0
2,150.0,857,164.79572781619692,2.842170943040401e-14,857,164.79572781619692,2.842170943040401e-14,1262,0,203,1059,0,0,976,0,112,864,0,0
3,200.0,393,205.230325391608,0.0,393,205.230325391608,0.0,1250,0,361,889,0,0,571,0,119,452,0,0
4,250.0,186,237.06912928523724,2.842170943040401e-14,282,245.60371584618673,11.879641726385687,282,0,44,238,0,0,402,0,104,298,0,0
5,300.0,96,262.13947730802647,0.0,105,292.58104382143705,12.631172377499027,105,0,13,92,0,0,152,0,31,121,0,0
6,350.0,121,298.6109018007414,19.661908849974214,16,338.1818447899257,8.49124014523475,16,0,0,16,0,0,24,0,5,19,0,0
Totals,7,4685,NA,NA,4685,NA,NA,4685,0,780,3905,0,0,3673,0,480,4595,0,0
