Age,Class,N_Initial_Age,AgeSize_Mean,AgeSize_Std,N_Initial_Class,ClassSize_Mean,ClassSize_Std,N_GrowthBack_Class,Capture_Back,PackingDeaths_Emigration_Class,N_AfterEmigration_Class,Deaths_AfterEmiMort_Age,Deaths_AfterEmiMort_Size,N_GrowthOut_Class,Capture_Out,PackingDeaths_Immigration_Class,N_Immigration_Class,Deaths_AfterImmiMort_Age,Deaths_AfterImmiMort_Size
0,50.0,2051,49.34744607212767,10.047724955700819,2040,49.18713276139504,9.831477016518214,0,0,0,0,0,0,0,0,8,2064,0,0
1,100.0,1347,113.4446567600201,2.842170943040401e-14,1358,113.16628403272091,3.0929239399751367,2051,0,110,1941,0,0,1901,0,261,1655,0,0
2,150.0,878,164.79572781619692,2.842170943040401e-14,878,164.79572781619692,2.842170943040401e-14,1347,0,237,1110,0,0,1030,0,183,847,0,0
3,200.0,469,205.23032539160795,5.684341886080802e-14,469,205.23032539160795,5.684341886080802e-14,1347,0,450,897,0,0,559,0,101,458,0,0
4,250.0,199,237.06912928523727,0.0,307,245.8886653974888,11.971826197301507,307,0,36,271,0,0,463,0,157,306,0,0
5,300.0,108,262.1394773080264,5.684341886080802e-14,130,293.536922814549,12.75699592263472,130,0,10,120,0,0,189,0,65,124,0,0
6,350.0,148,298.19854661120064,17.444297913437826,18,331.86582958701786,6.022443395292042,18,0,2,16,0,0,23,0,4,19,0,0
Totals,7,5200,NA,NA,5200,NA,NA,5200,0,845,4355,0,0,4165,0,779,5473,0,0
