Age,Class,N_Initial_Age,AgeSize_Mean,AgeSize_Std,N_Initial_Class,ClassSize_Mean,ClassSize_Std,N_GrowthBack_Class,Capture_Back,PackingDeaths_Emigration_Class,N_AfterEmigration_Class,Deaths_AfterEmiMort_Age,Deaths_AfterEmiMort_Size,N_GrowthOut_Class,Capture_Out,PackingDeaths_Immigration_Class,N_Immigration_Class,Deaths_AfterImmiMort_Age,Deaths_AfterImmiMort_Size
0,50.0,1550,50.011191268281614,10.108418782141795,1541,49.84949312712846,9.912625355760781,0,0,0,0,0,0,0,0,0,1707,0,0
1,100.0,1390,113.44465676002008,1.4210854715202004e-14,1399,113.21468938767654,2.8605905870365906,1550,0,106,1444,0,0,1399,0,136,1272,0,0
2,150.0,749,164.79572781619692,2.842170943040401e-14,749,164.79572781619692,2.842170943040401e-14,1390,0,282,1108,0,0,1021,0,129,892,0,0
3,200.0,417,205.230325391608,0.0,417,205.230325391608,0.0,1166,0,215,951,0,0,564,0,95,469,0,0
4,250.0,163,237.06912928523727,0.0,257,246.2388285620551,12.074939639885084,257,0,26,231,0,0,466,0,108,358,0,0
5,300.0,94,262.13947730802636,1.1368683772161603e-13,115,295.7706652009018,14.129134040260995,115,0,10,105,0,0,162,0,44,118,0,0
6,350.0,136,301.7076583870654,19.335082344997176,21,334.21976393034237,8.820868343007973,21,0,3,18,0,0,35,0,12,23,0,0
Totals,7,4499,NA,NA,4499,NA,NA,4499,0,642,3857,0,0,3647,0,524,4839,0,0
