Age,Class,N_Initial_Age,AgeSize_Mean,AgeSize_Std,N_Initial_Class,ClassSize_Mean,ClassSize_Std,N_GrowthBack_Class,Capture_Back,PackingDeaths_Emigration_Class,N_AfterEmigration_Class,Deaths_AfterEmiMort_Age,Deaths_AfterEmiMort_Size,N_GrowthOut_Class,Capture_Out,PackingDeaths_Immigration_Class,N_Immigration_Class,Deaths_AfterImmiMort_Age,Deaths_AfterImmiMort_Size
0,50.0,28569,50.03037477997231,9.964559141935213,28396,49.85937477764203,9.74781489243507,0,0,0,0,0,0,0,0,0,2268,0,0
1,100.0,2321,113.44465676002005,1.4210854715202004e-14,2494,110.99279039419093,9.0115109243564,28569,0,18737,9832,0,0,9676,0,5071,4619,0,0
2,150.0,1540,164.79572781619692,2.842170943040401e-14,1540,164.79572781619692,2.842170943040401e-14,2321,0,710,1611,0,0,1530,0,382,1148,0,0
3,200.0,456,205.230325391608,0.0,456,205.230325391608,0.0,1996,0,722,1274,0,0,954,0,298,656,0,0
4,250.0,341,237.06912928523727,0.0,383,239.81835805013844,7.83363664772468,383,0,62,321,0,0,535,0,171,364,0,0
5,300.0,42,262.13947730802647,0.0,142,290.637522594021,7.709391387360499,142,0,19,123,0,0,143,0,40,103,0,0
6,350.0,142,290.637522594021,7.709391387360499,0,nan,nan,0,0,0,0,0,0,0,0,0,0,0,0
Totals,7,33411,NA,NA,33411,NA,NA,33411,0,20250,13161,0,0,12838,0,5962,9158,0,0
