Age,Class,N_Initial_Age,AgeSize_Mean,AgeSize_Std,N_Initial_Class,ClassSize_Mean,ClassSize_Std,N_GrowthBack_Class,Capture_Back,PackingDeaths_Emigration_Class,N_AfterEmigration_Class,Deaths_AfterEmiMort_Age,Deaths_AfterEmiMort_Size,N_GrowthOut_Class,Capture_Out,PackingDeaths_Immigration_Class,N_Immigration_Class,Deaths_AfterImmiMort_Age,Deaths_AfterImmiMort_Size
0,50.0,1640,49.98194261401524,10.263979169772698,1624,49.70410975761565,9.919682984764833,0,0,0,0,0,0,0,0,0,1410,0,0
1,100.0,1154,113.44465676002007,0.0,1170,112.96243208690629,4.108051613054679,1640,0,78,1506,0,0,1447,0,117,1340,0,0
2,150.0,755,164.79572781619692,2.842170943040401e-14,755,164.79572781619692,2.842170943040401e-14,1154,0,122,1018,0,0,938,0,119,819,0,0
3,200.0,328,205.230325391608,0.0,328,205.230325391608,0.0,1083,0,247,827,0,0,540,0,96,444,0,0
4,250.0,146,237.0691292852373,2.842170943040401e-14,246,247.2603276684849,12.314071859080396,246,0,21,225,0,0,360,0,53,307,0,0
5,300.0,100,262.1394773080264,5.684341886080802e-14,87,293.05927913743193,13.692690613050848,87,0,11,76,0,0,149,0,46,103,0,0
6,350.0,103,299.3991274013695,19.55071386459181,16,333.8720523365299,5.847816353116117,16,0,1,15,0,0,23,0,8,15,0,0
Totals,7,4226,NA,NA,4226,NA,NA,4226,0,480,3667,0,0,3457,0,439,4438,0,0
