Age,Class,N_Initial_Age,AgeSize_Mean,AgeSize_Std,N_Initial_Class,ClassSize_Mean,ClassSize_Std,N_GrowthBack_Class,Capture_Back,PackingDeaths_Emigration_Class,N_AfterEmigration_Class,Deaths_AfterEmiMort_Age,Deaths_AfterEmiMort_Size,N_GrowthOut_Class,Capture_Out,PackingDeaths_Immigration_Class,N_Immigration_Class,Deaths_AfterImmiMort_Age,Deaths_AfterImmiMort_Size
0,50.0,1534,50.30653913670622,9.77456040043641,1520,50.034636856093265,9.387918992785906,0,0,0,0,0,0,0,0,14,1422,0,0
1,100.0,1361,113.4446567600201,2.842170943040401e-14,1375,113.1023715380603,3.4055385855246723,1534,0,110,1424,0,0,1384,0,67,1329,0,0
2,150.0,780,164.7957278161969,5.684341886080802e-14,780,164.7957278161969,5.684341886080802e-14,1361,0,232,1129,0,0,1048,0,138,910,0,0
3,200.0,374,205.230325391608,0.0,374,205.230325391608,0.0,1154,0,334,820,0,0,512,0,79,433,0,0
4,250.0,189,237.0691292852373,2.842170943040401e-14,262,244.05437892517466,11.239614182303972,262,0,23,239,0,0,401,0,107,294,0,0
5,300.0,73,262.13947730802647,0.0,110,293.1191135928252,13.61361919257141,110,0,11,99,0,0,145,0,49,96,0,0
6,350.0,126,297.9464353407122,18.00374641779183,16,331.13427235743535,4.095517369949927,16,0,2,14,0,0,23,0,2,21,0,0
Totals,7,4437,NA,NA,4437,NA,NA,4437,0,712,3725,0,0,3513,0,456,4505,0,0
