Age,Class,N_Initial_Age,AgeSize_Mean,AgeSize_Std,N_Initial_Class,ClassSize_Mean,ClassSize_Std,N_GrowthBack_Class,Capture_Back,PackingDeaths_Emigration_Class,N_AfterEmigration_Class,Deaths_AfterEmiMort_Age,Deaths_AfterEmiMort_Size,N_GrowthOut_Class,Capture_Out,PackingDeaths_Immigration_Class,N_Immigration_Class,Deaths_AfterImmiMort_Age,Deaths_AfterImmiMort_Size
0,50.0,1751,50.151130475857165,9.949787539092014,1735,49.89285230054678,9.618656283049443,0,0,0,0,0,0,0,0,44,1577,0,0
1,100.0,1214,113.44465676002005,1.4210854715202004e-14,1230,112.98564555157853,4.014533997306908,1751,0,26,1725,0,0,1665,0,175,1507,0,0
2,150.0,666,164.79572781619694,0.0,666,164.79572781619694,0.0,1214,0,147,1067,0,0,997,0,147,850,0,0
3,200.0,437,205.23032539160798,2.842170943040401e-14,437,205.23032539160798,2.842170943040401e-14,1103,0,277,826,0,0,471,0,56,415,0,0
4,250.0,183,237.06912928523727,0.0,299,246.79541815026585,12.216413210532258,299,0,70,229,0,0,437,0,162,275,0,0
5,300.0,116,262.1394773080264,5.684341886080802e-14,113,295.25268370278826,13.497758874796135,113,0,27,86,0,0,155,0,36,119,0,0
6,350.0,127,299.39842183417517,17.471960803319163,14,332.86045103751184,6.345706082398509,14,0,3,11,0,0,23,0,6,17,0,0
Totals,7,4494,NA,NA,4494,NA,NA,4494,0,550,3944,0,0,3748,0,626,4760,0,0
