Age,Class,N_Initial_Age,AgeSize_Mean,AgeSize_Std,N_Initial_Class,ClassSize_Mean,ClassSize_Std,N_GrowthBack_Class,Capture_Back,PackingDeaths_Emigration_Class,N_AfterEmigration_Class,Deaths_AfterEmiMort_Age,Deaths_AfterEmiMort_Size,N_GrowthOut_Class,Capture_Out,PackingDeaths_Immigration_Class,N_Immigration_Class,Deaths_AfterImmiMort_Age,Deaths_AfterImmiMort_Size
0,50.0,1313,49.7524218011912,9.889485956640907,1308,49.64079593979169,9.740340182376032,0,0,0,0,0,0,0,0,8,1588,0,0
1,100.0,986,113.44465676002007,0.0,991,113.27063602532422,2.4516859354297917,1313,0,19,1294,0,0,1262,0,54,1222,0,0
2,150.0,701,164.79572781619692,2.842170943040401e-14,701,164.79572781619692,2.842170943040401e-14,986,0,50,936,0,0,861,0,63,798,0,0
3,200.0,411,205.23032539160798,2.842170943040401e-14,411,205.23032539160798,2.842170943040401e-14,1112,0,164,948,0,0,556,0,70,486,0,0
4,250.0,182,237.0691292852373,2.842170943040401e-14,265,244.92135149614853,11.627577130696368,265,0,9,256,0,0,501,0,164,337,0,0
5,300.0,83,262.1394773080264,5.684341886080802e-14,108,290.182128077273,12.105426002740945,108,0,8,100,0,0,157,0,37,120,0,0
6,350.0,125,296.0761095627023,18.757110994955063,17,333.52022723484106,5.76663829055268,17,0,1,16,0,0,21,0,1,20,0,0
Totals,7,3801,NA,NA,3801,NA,NA,3801,0,251,3550,0,0,3358,0,397,4571,0,0
