Age,Class,N_Initial_Age,AgeSize_Mean,AgeSize_Std,N_Initial_Class,ClassSize_Mean,ClassSize_Std,N_GrowthBack_Class,Capture_Back,PackingDeaths_Emigration_Class,N_AfterEmigration_Class,Deaths_AfterEmiMort_Age,Deaths_AfterEmiMort_Size,N_GrowthOut_Class,Capture_Out,PackingDeaths_Immigration_Class,N_Immigration_Class,Deaths_AfterImmiMort_Age,Deaths_AfterImmiMort_Size
0,50.0,1155,49.97771909426247,10.003768757666231,1148,49.79959733185709,9.76181573423609,0,0,0,0,0,0,0,0,36,1765,0,0
1,100.0,1202,113.44465676002007,0.0,1209,113.24632360830878,2.627575865765228,1155,0,34,1121,0,0,1085,0,49,1051,0,0
2,150.0,770,164.79572781619692,2.842170943040401e-14,770,164.79572781619692,2.842170943040401e-14,1202,0,188,1014,0,0,941,0,128,813,0,0
3,200.0,437,205.23032539160798,2.842170943040401e-14,437,205.23032539160798,2.842170943040401e-14,1207,0,378,829,0,0,506,0,64,442,0,0
4,250.0,165,237.06912928523732,5.684341886080802e-14,252,245.72436848358112,11.919592834590441,252,0,22,230,0,0,437,0,137,300,0,0
5,300.0,87,262.1394773080263,1.7053025658242404e-13,103,291.93921688085965,11.540879187748502,103,0,18,85,0,0,153,0,45,108,0,0
6,350.0,123,299.0850988008547,19.564951295046924,20,335.8863906888299,7.133792538918303,20,0,1,19,0,0,21,0,4,17,0,0
Totals,7,3939,NA,NA,3939,NA,NA,3939,0,641,3298,0,0,3143,0,463,4496,0,0
