Age,Class,N_Initial_Age,AgeSize_Mean,AgeSize_Std,N_Initial_Class,ClassSize_Mean,ClassSize_Std,N_GrowthBack_Class,Capture_Back,PackingDeaths_Emigration_Class,N_AfterEmigration_Class,Deaths_AfterEmiMort_Age,Deaths_AfterEmiMort_Size,N_GrowthOut_Class,Capture_Out,PackingDeaths_Immigration_Class,N_Immigration_Class,Deaths_AfterImmiMort_Age,Deaths_AfterImmiMort_Size
0,50.0,1301,49.88350018534118,10.151589661323314,1296,49.76661254658632,9.991849304338592,0,0,0,0,0,0,0,0,0,1336,0,0
1,100.0,1013,113.44465676002007,0.0,1018,113.28127817156513,2.341930791732166,1301,0,62,1239,0,0,1210,0,34,1181,0,0
2,150.0,687,164.79572781619694,0.0,687,164.79572781619694,0.0,1013,0,119,894,0,0,820,0,32,788,0,0
3,200.0,373,205.23032539160798,2.842170943040401e-14,373,205.23032539160798,2.842170943040401e-14,1060,0,336,724,0,0,443,0,38,405,0,0
4,250.0,162,237.06912928523727,0.0,271,247.1527747999384,12.293111710459756,271,0,39,232,0,0,372,0,97,275,0,0
5,300.0,109,262.1394773080264,5.684341886080802e-14,76,293.6055587542628,13.818376778475411,76,0,6,70,0,0,132,0,28,104,0,0
6,350.0,87,299.3798849877803,20.146364459120665,11,339.2752298739007,8.296325594888861,11,0,1,10,0,0,15,0,2,13,0,0
Totals,7,3732,NA,NA,3732,NA,NA,3732,0,563,3169,0,0,2992,0,231,4102,0,0
