Age,Class,N_Initial_Age,AgeSize_Mean,AgeSize_Std,N_Initial_Class,ClassSize_Mean,ClassSize_Std,N_GrowthBack_Class,Capture_Back,PackingDeaths_Emigration_Class,N_AfterEmigration_Class,Deaths_AfterEmiMort_Age,Deaths_AfterEmiMort_Size,N_GrowthOut_Class,Capture_Out,PackingDeaths_Immigration_Class,N_Immigration_Class,Deaths_AfterImmiMort_Age,Deaths_AfterImmiMort_Size
0,50.0,1521,49.91659658352347,9.885353379317932,1511,49.732226153639,9.653053732966496,0,0,0,0,0,0,0,0,0,1589,0,0
1,100.0,1064,113.44465676002008,1.4210854715202004e-14,1074,113.1125367579628,3.4289577782544107,1521,0,81,1440,0,0,1386,0,63,1336,0,0
2,150.0,650,164.79572781619692,2.842170943040401e-14,650,164.79572781619692,2.842170943040401e-14,1064,0,174,890,0,0,824,0,55,769,0,0
3,200.0,339,205.230325391608,0.0,339,205.230325391608,0.0,989,0,323,666,0,0,408,0,50,358,0,0
4,250.0,150,237.06912928523732,5.684341886080802e-14,242,246.6000053930744,12.16983079597343,242,0,28,214,0,0,349,0,81,268,0,0
5,300.0,92,262.1394773080264,5.684341886080802e-14,83,291.32082807284644,12.366082957681357,83,0,7,76,0,0,136,0,41,95,0,0
6,350.0,95,297.4225628676121,19.986903291604204,12,339.6262285314075,8.13382092407208,12,0,0,12,0,0,19,0,2,17,0,0
Totals,7,3911,NA,NA,3911,NA,NA,3911,0,613,3298,0,0,3122,0,292,4432,0,0
