Age,Class,N_Initial_Age,AgeSize_Mean,AgeSize_Std,N_Initial_Class,ClassSize_Mean,ClassSize_Std,N_GrowthBack_Class,Capture_Back,PackingDeaths_Emigration_Class,N_AfterEmigration_Class,Deaths_AfterEmiMort_Age,Deaths_AfterEmiMort_Size,N_GrowthOut_Class,Capture_Out,PackingDeaths_Immigration_Class,N_Immigration_Class,Deaths_AfterImmiMort_Age,Deaths_AfterImmiMort_Size
0,50.0,1447,49.84682916833257,9.810785409296717,1441,49.728156603201256,9.654010847682079,0,0,0,0,0,0,0,0,65,1329,0,0
1,100.0,1322,113.44465676002008,1.4210854715202004e-14,1328,113.28608763411955,2.3666054992300616,1447,0,123,1324,0,0,1277,0,36,1249,0,0
2,150.0,771,164.79572781619694,0.0,771,164.79572781619694,0.0,1322,0,213,1109,0,0,1024,0,102,922,0,0
3,200.0,389,205.23032539160798,2.842170943040401e-14,389,205.23032539160798,2.842170943040401e-14,1160,0,371,789,0,0,515,0,95,420,0,0
4,250.0,171,237.06912928523724,2.842170943040401e-14,253,245.19469662859186,11.733965933524772,253,0,15,238,0,0,380,0,86,294,0,0
5,300.0,82,262.1394773080264,5.684341886080802e-14,91,292.24850411812884,11.82180602018083,91,0,5,86,0,0,143,0,22,121,0,0
6,350.0,105,298.1508469384131,18.833036032227387,14,336.51607527026096,7.306212235067446,14,0,0,14,0,0,18,0,1,17,0,0
Totals,7,4287,NA,NA,4287,NA,NA,4287,0,727,3560,0,0,3357,0,407,4352,0,0
