Age,Class,N_Initial_Age,AgeSize_Mean,AgeSize_Std,N_Initial_Class,ClassSize_Mean,ClassSize_Std,N_GrowthBack_Class,Capture_Back,PackingDeaths_Emigration_Class,N_AfterEmigration_Class,Deaths_AfterEmiMort_Age,Deaths_AfterEmiMort_Size,N_GrowthOut_Class,Capture_Out,PackingDeaths_Immigration_Class,N_Immigration_Class,Deaths_AfterImmiMort_Age,Deaths_AfterImmiMort_Size
0,50.0,1614,49.75082462115613,9.955928453910902,1601,49.52617286113418,9.676634225754604,0,0,0,0,0,0,0,0,45,2048,0,0
1,100.0,1451,113.44465676002008,1.4210854715202004e-14,1464,113.12474395263612,3.383420785394316,1614,0,74,1540,0,0,1474,0,85,1404,0,0
2,150.0,790,164.79572781619692,2.842170943040401e-14,790,164.79572781619692,2.842170943040401e-14,1451,0,178,1273,0,0,1183,0,135,1048,0,0
3,200.0,469,205.23032539160795,5.684341886080802e-14,469,205.23032539160795,5.684341886080802e-14,1259,0,289,970,0,0,566,0,56,510,0,0
4,250.0,173,237.06912928523732,5.684341886080802e-14,263,245.64833583295976,11.894574768452662,263,0,13,250,0,0,507,0,151,356,0,0
5,300.0,90,262.1394773080264,5.684341886080802e-14,119,294.4755882397297,13.40560252540763,119,0,22,97,0,0,159,0,27,132,0,0
6,350.0,141,300.6164440704916,19.076274083507943,22,333.832891518703,7.274394749654137,22,0,6,16,0,0,22,0,2,20,0,0
Totals,7,4728,NA,NA,4728,NA,NA,4728,0,582,4146,0,0,3911,0,501,5518,0,0
