Age,Class,N_Initial_Age,AgeSize_Mean,AgeSize_Std,N_Initial_Class,ClassSize_Mean,ClassSize_Std,N_GrowthBack_Class,Capture_Back,PackingDeaths_Emigration_Class,N_AfterEmigration_Class,Deaths_AfterEmiMort_Age,Deaths_AfterEmiMort_Size,N_GrowthOut_Class,Capture_Out,PackingDeaths_Immigration_Class,N_Immigration_Class,Deaths_AfterImmiMort_Age,Deaths_AfterImmiMort_Size
0,50.0,1693,49.981515099645286,10.356948556109483,1678,49.731332506680424,10.056062164847956,0,0,0,0,0,0,0,0,23,1662,0,0
1,100.0,934,113.44465676002007,0.0,949,112.88391836812274,4.432010352778344,1693,0,101,1592,0,0,1530,0,64,1482,0,0
2,150.0,746,164.79572781619692,2.842170943040401e-14,746,164.79572781619692,2.842170943040401e-14,934,0,66,868,0,0,793,0,27,766,0,0
3,200.0,408,205.23032539160798,2.842170943040401e-14,408,205.23032539160798,2.842170943040401e-14,1154,0,289,865,0,0,518,0,53,465,0,0
4,250.0,187,237.06912928523724,2.842170943040401e-14,284,245.63188899724628,11.889092149107912,284,0,16,268,0,0,443,0,136,307,0,0
5,300.0,97,262.13947730802647,0.0,104,293.1891184231654,12.330799710711732,104,0,16,88,0,0,159,0,34,125,0,0
6,350.0,120,299.2983261255805,19.520564572701474,16,339.0081761912791,7.078796180651421,16,0,0,16,0,0,19,0,2,17,0,0
Totals,7,4185,NA,NA,4185,NA,NA,4185,0,488,3697,0,0,3462,0,339,4824,0,0
