Age,Class,N_Initial_Age,AgeSize_Mean,AgeSize_Std,N_Initial_Class,ClassSize_Mean,ClassSize_Std,N_GrowthBack_Class,Capture_Back,PackingDeaths_Emigration_Class,N_AfterEmigration_Class,Deaths_AfterEmiMort_Age,Deaths_AfterEmiMort_Size,N_GrowthOut_Class,Capture_Out,PackingDeaths_Immigration_Class,N_Immigration_Class,Deaths_AfterImmiMort_Age,Deaths_AfterImmiMort_Size
0,50.0,1151,49.97907078550111,10.066793034197746,1148,49.90420978359458,9.971994343611186,0,0,0,0,0,0,0,0,0,1414,0,0
1,100.0,781,134.4593188156105,0.0,3,78.62588084839619,2.3428844285787775,1151,0,64,1087,0,0,0,0,0,8,0,0
2,150.0,363,181.34298546680157,8.526512829121202e-14,781,134.4593188156105,0.0,781,0,61,720,0,0,1050,0,202,848,0,0
3,200.0,194,218.2598823281493,5.684341886080802e-14,557,194.2009351815259,17.588312386368873,557,0,49,508,0,0,955,0,317,638,0,0
4,250.0,83,247.32879632779213,5.684341886080802e-14,142,256.83913741487737,11.2800008791578,142,0,13,129,0,0,233,0,30,203,0,0
5,300.0,59,270.21809182552283,5.684341886080802e-14,68,298.4145188068357,11.595183024917388,68,0,14,54,0,0,92,0,17,75,0,0
6,350.0,82,304.12013614494236,16.495597473680423,14,331.8331346443171,3.8199226564521394,14,0,3,11,0,0,13,0,1,12,0,0
Totals,7,2713,NA,NA,2713,NA,NA,2713,0,204,2509,0,0,2343,0,567,3198,0,0
