Age,Class,N_Initial_Age,AgeSize_Mean,AgeSize_Std,N_Initial_Class,ClassSize_Mean,ClassSize_Std,N_GrowthBack_Class,Capture_Back,PackingDeaths_Emigration_Class,N_AfterEmigration_Class,Deaths_AfterEmiMort_Age,Deaths_AfterEmiMort_Size,N_GrowthOut_Class,Capture_Out,PackingDeaths_Immigration_Class,N_Immigration_Class,Deaths_AfterImmiMort_Age,Deaths_AfterImmiMort_Size
0,50.0,1444,49.95168193249481,9.588486617425545,1434,49.76090065117485,9.343343472831608,0,0,0,0,0,0,0,0,11,1549,0,0
1,100.0,823,134.4593188156105,0.0,10,77.30971767377598,1.9437473808509271,1444,0,54,1351,0,0,0,0,0,7,0,0
2,150.0,403,181.34298546680154,5.684341886080802e-14,823,134.4593188156105,0.0,823,0,89,730,0,0,1312,0,349,963,0,0
3,200.0,192,218.2598823281493,5.684341886080802e-14,595,193.2556647901272,17.258830356114363,595,0,87,505,0,0,988,0,327,661,0,0
4,250.0,102,247.32879632779208,1.1368683772161603e-13,173,256.72266904651394,11.25940868213546,173,0,27,146,0,0,228,0,46,182,0,0
5,300.0,71,270.21809182552266,1.1368683772161603e-13,68,296.9535908807606,11.88717200837409,68,0,9,59,0,0,98,0,15,83,0,0
6,350.0,78,301.3435397750878,16.012067445423526,10,331.19519225651277,4.095332555137583,10,0,2,8,0,0,13,0,2,11,0,0
Totals,7,3113,NA,NA,3113,NA,NA,3113,0,268,2799,0,0,2639,0,750,3456,0,0
