Age,Class,N_Initial_Age,AgeSize_Mean,AgeSize_Std,N_Initial_Class,ClassSize_Mean,ClassSize_Std,N_GrowthBack_Class,Capture_Back,PackingDeaths_Emigration_Class,N_AfterEmigration_Class,Deaths_AfterEmiMort_Age,Deaths_AfterEmiMort_Size,N_GrowthOut_Class,Capture_Out,PackingDeaths_Immigration_Class,N_Immigration_Class,Deaths_AfterImmiMort_Age,Deaths_AfterImmiMort_Size
0,50.0,1183,50.56328764291552,10.018028442013234,1175,50.373119914014836,9.77824954857695,0,0,0,0,0,0,0,0,0,1683,0,0
1,100.0,910,134.4593188156105,0.0,8,78.4941728252028,3.477198342434094,1183,0,121,1062,0,0,0,0,0,9,0,0
2,150.0,441,181.3429854668015,2.842170943040401e-14,910,134.4593188156105,0.0,910,0,103,807,0,0,1022,0,162,860,0,0
3,200.0,191,218.25988232814927,8.526512829121202e-14,632,192.49983246129113,16.952903436726125,632,0,103,529,0,0,1088,0,435,653,0,0
4,250.0,100,247.3287963277921,8.526512829121202e-14,158,255.7311959408831,11.032891206568888,158,0,4,154,0,0,237,0,41,196,0,0
5,300.0,58,270.21809182552283,5.684341886080802e-14,85,300.91156471934414,12.230783915531502,85,0,18,67,0,0,106,0,20,86,0,0
6,350.0,97,304.98946275118766,15.852284372486656,12,333.87457381007914,4.4215258590811235,12,0,2,10,0,0,16,0,2,14,0,0
Totals,7,2980,NA,NA,2980,NA,NA,2980,0,351,2629,0,0,2469,0,660,3501,0,0
