Age,Class,N_Initial_Age,AgeSize_Mean,AgeSize_Std,N_Initial_Class,ClassSize_Mean,ClassSize_Std,N_GrowthBack_Class,Capture_Back,PackingDeaths_Emigration_Class,N_AfterEmigration_Class,Deaths_AfterEmiMort_Age,Deaths_AfterEmiMort_Size,N_GrowthOut_Class,Capture_Out,PackingDeaths_Immigration_Class,N_Immigration_Class,Deaths_AfterImmiMort_Age,Deaths_AfterImmiMort_Size
0,50.0,1074,50.1676515265762,9.819292035433367,1068,50.00583152671657,9.600731447684632,0,0,0,0,0,0,0,0,65,1119,0,0
1,100.0,742,134.4593188156105,0.0,6,78.97161150159047,4.1954427566428665,1074,0,28,1046,0,0,0,0,0,14,0,0
2,150.0,411,181.34298546680154,5.684341886080802e-14,742,134.4593188156105,0.0,742,0,53,689,0,0,991,0,169,822,0,0
3,200.0,185,218.2598823281493,5.684341886080802e-14,596,192.8020893583273,17.07991494387914,596,0,63,533,0,0,989,0,342,647,0,0
4,250.0,83,247.32879632779213,5.684341886080802e-14,132,255.82558026255577,11.058483667714908,132,0,12,120,0,0,219,0,26,193,0,0
5,300.0,49,270.21809182552283,5.684341886080802e-14,64,301.47560900200654,11.585907862428662,64,0,5,59,0,0,89,0,15,74,0,0
6,350.0,71,304.8128042822004,15.013286244939193,7,335.32430398682976,5.112483348733119,7,0,0,7,0,0,9,0,1,8,0,0
Totals,7,2615,NA,NA,2615,NA,NA,2615,0,161,2454,0,0,2297,0,618,2877,0,0
