Age,Class,N_Initial_Age,AgeSize_Mean,AgeSize_Std,N_Initial_Class,ClassSize_Mean,ClassSize_Std,N_GrowthBack_Class,Capture_Back,PackingDeaths_Emigration_Class,N_AfterEmigration_Class,Deaths_AfterEmiMort_Age,Deaths_AfterEmiMort_Size,N_GrowthOut_Class,Capture_Out,PackingDeaths_Immigration_Class,N_Immigration_Class,Deaths_AfterImmiMort_Age,Deaths_AfterImmiMort_Size
0,50.0,1305,49.9780540664859,9.882530553135414,1296,49.79032365858967,9.654033355345973,0,0,0,0,0,0,0,0,54,1263,0,0
1,100.0,770,134.45931881561046,2.842170943040401e-14,9,77.01123280354334,2.149400687664813,1305,0,55,1250,0,0,0,0,0,6,0,0
2,150.0,357,181.34298546680154,5.684341886080802e-14,770,134.45931881561046,2.842170943040401e-14,770,0,74,696,0,0,1202,0,259,943,0,0
3,200.0,150,218.25988232814936,0.0,507,192.2651443015198,16.84988598162433,507,0,57,450,0,0,927,0,250,677,0,0
4,250.0,104,247.32879632779216,2.842170943040401e-14,173,256.4580529135922,11.207984915122202,173,0,32,141,0,0,196,0,25,171,0,0
5,300.0,69,270.2180918255227,5.684341886080802e-14,68,296.86282627633517,10.75412159497145,68,0,19,49,0,0,93,0,11,82,0,0
6,350.0,75,300.6128034888718,15.71752703293753,7,337.04115355351365,7.73083878168845,7,0,3,4,0,0,7,0,0,7,0,0
Totals,7,2830,NA,NA,2830,NA,NA,2830,0,240,2590,0,0,2425,0,599,3149,0,0
