Age,Class,N_Initial_Age,AgeSize_Mean,AgeSize_Std,N_Initial_Class,ClassSize_Mean,ClassSize_Std,N_GrowthBack_Class,Capture_Back,PackingDeaths_Emigration_Class,N_AfterEmigration_Class,Deaths_AfterEmiMort_Age,Deaths_AfterEmiMort_Size,N_GrowthOut_Class,Capture_Out,PackingDeaths_Immigration_Class,N_Immigration_Class,Deaths_AfterImmiMort_Age,Deaths_AfterImmiMort_Size
0,50.0,1401,50.18388079825287,9.752150488909706,1391,49.982140766257956,9.486694564812023,0,0,0,0,0,0,0,0,113,1145,0,0
1,100.0,821,134.4593188156105,0.0,10,78.24591924874419,3.5153942448412985,1401,0,289,1112,0,0,0,0,0,7,0,0
2,150.0,397,181.34298546680154,5.684341886080802e-14,821,134.4593188156105,0.0,821,0,130,691,0,0,1086,0,330,756,0,0
3,200.0,179,218.25988232814927,8.526512829121202e-14,576,192.815423901144,17.085373358490187,576,0,117,459,0,0,919,0,355,564,0,0
4,250.0,101,247.3287963277921,8.526512829121202e-14,173,256.8549771129748,11.282705642037543,173,0,31,142,0,0,206,0,64,142,0,0
5,300.0,72,270.2180918255228,0.0,75,297.8855504018124,12.489543008802121,75,0,19,56,0,0,96,0,20,76,0,0
6,350.0,84,301.8139739772816,16.459482929084675,9,334.55083710619175,5.3220190626847765,9,0,1,8,0,0,15,0,6,9,0,0
Totals,7,3055,NA,NA,3055,NA,NA,3055,0,587,2468,0,0,2322,0,888,2699,0,0
