Age,Class,N_Initial_Age,AgeSize_Mean,AgeSize_Std,N_Initial_Class,ClassSize_Mean,ClassSize_Std,N_GrowthBack_Class,Capture_Back,PackingDeaths_Emigration_Class,N_AfterEmigration_Class,Deaths_AfterEmiMort_Age,Deaths_AfterEmiMort_Size,N_GrowthOut_Class,Capture_Out,PackingDeaths_Immigration_Class,N_Immigration_Class,Deaths_AfterImmiMort_Age,Deaths_AfterImmiMort_Size
0,50.0,1214,49.67108843910954,10.05106182136091,1206,49.488862796277914,9.83068749992083,0,0,0,0,0,0,0,0,0,1124,0,0
1,100.0,691,134.4593188156105,0.0,8,77.1416040959776,1.374373867539314,1214,0,8,1199,0,0,0,0,0,11,0,0
2,150.0,416,181.34298546680154,5.684341886080802e-14,691,134.4593188156105,0.0,691,0,57,632,0,0,1150,0,308,842,0,0
3,200.0,196,218.25988232814927,8.526512829121202e-14,612,193.16604393873644,17.224573102498503,612,0,79,533,0,0,914,0,407,507,0,0
4,250.0,110,247.3287963277921,8.526512829121202e-14,167,255.14131035995163,10.852998053974611,167,0,17,150,0,0,243,0,38,205,0,0
5,300.0,57,270.21809182552283,5.684341886080802e-14,60,298.1483064473559,11.33766527057246,60,0,8,52,0,0,95,0,20,75,0,0
6,350.0,69,303.35968018804107,17.265081794244427,9,338.1021717926095,6.344723939131792,9,0,1,8,0,0,9,0,3,6,0,0
Totals,7,2753,NA,NA,2753,NA,NA,2753,0,170,2574,0,0,2411,0,776,2770,0,0
