Age,Class,N_Initial_Age,AgeSize_Mean,AgeSize_Std,N_Initial_Class,ClassSize_Mean,ClassSize_Std,N_GrowthBack_Class,Capture_Back,PackingDeaths_Emigration_Class,N_AfterEmigration_Class,Deaths_AfterEmiMort_Age,Deaths_AfterEmiMort_Size,N_GrowthOut_Class,Capture_Out,PackingDeaths_Immigration_Class,N_Immigration_Class,Deaths_AfterImmiMort_Age,Deaths_AfterImmiMort_Size
0,50.0,32417,49.88074824125703,9.96755037538186,32221,49.70938471860448,9.749770606583855,0,0,0,0,0,0,0,0,0,1226,0,0
1,100.0,1347,134.45931881561046,2.842170943040401e-14,196,78.05168734017542,2.613662634260628,32417,0,21674,10594,0,0,0,0,0,10,0,0
2,150.0,771,181.34298546680157,8.526512829121202e-14,1347,134.45931881561046,2.842170943040401e-14,1347,0,29,1315,0,0,10344,0,7717,2627,0,0
3,200.0,142,218.25988232814933,2.842170943040401e-14,913,187.08471531818313,13.379065252958824,913,0,93,820,0,0,1881,0,1115,766,0,0
4,250.0,280,247.32879632779216,2.842170943040401e-14,285,247.73036291547163,3.0050491781450934,285,0,33,249,0,0,348,0,64,284,0,0
5,300.0,5,270.2180918255228,0.0,10,292.4990251320239,6.503532440225288,10,0,0,10,0,0,13,0,0,13,0,0
6,350.0,10,292.4990251320239,6.503532440225288,0,nan,nan,0,0,0,0,0,0,0,0,0,0,0,0
Totals,7,34972,NA,NA,34972,NA,NA,34972,0,21829,12988,0,0,12586,0,8896,4926,0,0
