Age,Class,N_Initial_Age,AgeSize_Mean,AgeSize_Std,N_Initial_Class,ClassSize_Mean,ClassSize_Std,N_GrowthBack_Class,Capture_Back,PackingDeaths_Emigration_Class,N_AfterEmigration_Class,Deaths_AfterEmiMort_Age,Deaths_AfterEmiMort_Size,N_GrowthOut_Class,Capture_Out,PackingDeaths_Immigration_Class,N_Immigration_Class,Deaths_AfterImmiMort_Age,Deaths_AfterImmiMort_Size
0,50.0,1103,50.43841017419617,10.057227925235432,1097,50.291742645746695,9.885483425179471,0,0,0,0,0,0,0,0,0,1006,0,0
1,100.0,674,134.45931881561046,2.842170943040401e-14,6,77.25412329237537,2.084672298435106,1103,0,8,1095,0,0,0,0,0,7,0,0
2,150.0,359,181.34298546680154,5.684341886080802e-14,674,134.45931881561046,2.842170943040401e-14,674,0,16,658,0,0,1064,0,233,831,0,0
3,200.0,167,218.2598823281493,5.684341886080802e-14,526,193.06374929920662,17.18481669154782,526,0,24,502,0,0,916,0,252,664,0,0
4,250.0,79,247.32879632779205,1.4210854715202004e-13,127,255.97986864189497,11.098463784952381,127,0,7,120,0,0,221,0,19,202,0,0
5,300.0,48,270.2180918255228,0.0,69,296.70344978396616,10.807670602352383,69,0,11,58,0,0,85,0,23,62,0,0
6,350.0,77,300.66710671881685,15.62415306007788,8,334.8536477819039,6.158403020428568,8,0,0,8,0,0,10,0,1,9,0,0
Totals,7,2507,NA,NA,2507,NA,NA,2507,0,66,2441,0,0,2296,0,528,2781,0,0
