Age,Class,N_Initial_Age,AgeSize_Mean,AgeSize_Std,N_Initial_Class,ClassSize_Mean,ClassSize_Std,N_GrowthBack_Class,Capture_Back,PackingDeaths_Emigration_Class,N_AfterEmigration_Class,Deaths_AfterEmiMort_Age,Deaths_AfterEmiMort_Size,N_GrowthOut_Class,Capture_Out,PackingDeaths_Immigration_Class,N_Immigration_Class,Deaths_AfterImmiMort_Age,Deaths_AfterImmiMort_Size
0,50.0,1147,49.50630989934207,9.82128458607672,1143,49.403815400798564,9.683897533452969,0,0,0,0,0,0,0,0,2,1330,0,0
1,100.0,747,134.4593188156105,0.0,4,78.79411285814973,1.1923347490967455,1147,0,165,982,0,0,0,0,0,8,0,0
2,150.0,452,181.34298546680154,5.684341886080802e-14,747,134.4593188156105,0.0,747,0,41,706,0,0,929,0,69,860,0,0
3,200.0,188,218.25988232814927,8.526512829121202e-14,640,192.18732391982243,16.814863892284535,640,0,44,596,0,0,1029,0,366,663,0,0
4,250.0,106,247.32879632779213,5.684341886080802e-14,165,255.51345350576855,10.970525218663093,165,0,11,154,0,0,253,0,36,217,0,0
5,300.0,59,270.21809182552283,5.684341886080802e-14,54,299.7865687426211,11.095216864397697,54,0,5,49,0,0,84,0,14,70,0,0
6,350.0,68,307.4926782121861,18.259853002628784,14,337.2162433090795,5.666300015767282,14,0,0,14,0,0,16,0,4,12,0,0
Totals,7,2767,NA,NA,2767,NA,NA,2767,0,266,2501,0,0,2311,0,491,3160,0,0
