Age,Class,N_Initial_Age,AgeSize_Mean,AgeSize_Std,N_Initial_Class,ClassSize_Mean,ClassSize_Std,N_GrowthBack_Class,Capture_Back,PackingDeaths_Emigration_Class,N_AfterEmigration_Class,Deaths_AfterEmiMort_Age,Deaths_AfterEmiMort_Size,N_GrowthOut_Class,Capture_Out,PackingDeaths_Immigration_Class,N_Immigration_Class,Deaths_AfterImmiMort_Age,Deaths_AfterImmiMort_Size
0,50.0,1182,50.159265393669884,10.117372271343687,1173,49.940291550334045,9.838353782245614,0,0,0,0,0,0,0,0,0,1353,0,0
1,100.0,720,134.4593188156105,0.0,9,78.69885630844085,2.702166334256473,1182,0,26,1156,0,0,0,0,0,8,0,0
2,150.0,368,181.3429854668015,2.842170943040401e-14,720,134.4593188156105,0.0,720,0,38,670,0,0,1108,0,258,850,0,0
3,200.0,183,218.25988232814925,1.1368683772161603e-13,551,193.60395121204044,17.386935521580067,551,0,56,490,0,0,919,0,259,660,0,0
4,250.0,110,247.3287963277921,8.526512829121202e-14,180,256.230189021354,11.158486269171151,180,0,27,152,0,0,227,0,44,183,0,0
5,300.0,70,270.21809182552266,1.1368683772161603e-13,72,298.4406770513931,11.361714923612569,72,0,7,65,0,0,108,0,34,74,0,0
6,350.0,77,301.0550631956957,14.916533338606113,5,338.70222367365415,7.20676294223005,5,0,1,4,0,0,10,0,1,9,0,0
Totals,7,2710,NA,NA,2710,NA,NA,2710,0,155,2537,0,0,2372,0,596,3137,0,0
