Age,Class,N_Initial_Age,AgeSize_Mean,AgeSize_Std,N_Initial_Class,ClassSize_Mean,ClassSize_Std,N_GrowthBack_Class,Capture_Back,PackingDeaths_Emigration_Class,N_AfterEmigration_Class,Deaths_AfterEmiMort_Age,Deaths_AfterEmiMort_Size,N_GrowthOut_Class,Capture_Out,PackingDeaths_Immigration_Class,N_Immigration_Class,Deaths_AfterImmiMort_Age,Deaths_AfterImmiMort_Size
0,50.0,1107,49.87082257227938,10.270343080132589,1098,49.63366190483326,9.966745352183267,0,0,0,0,0,0,0,0,8,1242,0,0
1,100.0,754,134.45931881561046,2.842170943040401e-14,9,78.80442400070753,3.320346288881642,1107,0,37,1070,0,0,0,0,0,4,0,0
2,150.0,411,181.34298546680154,5.684341886080802e-14,754,134.45931881561046,2.842170943040401e-14,754,0,56,698,0,0,1006,0,222,784,0,0
3,200.0,166,218.25988232814927,8.526512829121202e-14,577,191.96379114961564,16.711842346814116,577,0,80,497,0,0,974,0,372,602,0,0
4,250.0,113,247.32879632779216,2.842170943040401e-14,153,253.3129258696825,10.057967140874073,153,0,11,142,0,0,224,0,32,192,0,0
5,300.0,40,270.2180918255228,0.0,64,296.78964682963124,11.513616884830242,64,0,7,57,0,0,79,0,11,68,0,0
6,350.0,73,301.33994947820156,16.30954149751825,9,333.6976572013683,4.5423937660754135,9,0,1,8,0,0,11,0,0,11,0,0
Totals,7,2664,NA,NA,2664,NA,NA,2664,0,192,2472,0,0,2294,0,645,2903,0,0
