Age,Class,N_Initial_Age,AgeSize_Mean,AgeSize_Std,N_Initial_Class,ClassSize_Mean,ClassSize_Std,N_GrowthBack_Class,Capture_Back,PackingDeaths_Emigration_Class,N_AfterEmigration_Class,Deaths_AfterEmiMort_Age,Deaths_AfterEmiMort_Size,N_GrowthOut_Class,Capture_Out,PackingDeaths_Immigration_Class,N_Immigration_Class,Deaths_AfterImmiMort_Age,Deaths_AfterImmiMort_Size
0,50.0,1483,50.42018075065976,10.161532030568164,1473,50.221597433528636,9.902480581507104,0,0,0,0,0,0,0,0,6,1241,0,0
1,100.0,699,134.4593188156105,0.0,10,79.67150336407504,2.7232726467737556,1483,0,65,1418,0,0,0,0,0,7,0,0
2,150.0,716,181.34298546680154,5.684341886080802e-14,699,134.4593188156105,0.0,699,0,57,642,0,0,1364,0,517,847,0,0
3,200.0,112,218.2598823281493,5.684341886080802e-14,828,186.3365753804138,12.625842688049032,828,0,136,692,0,0,1164,0,509,655,0,0
4,250.0,129,247.3287963277922,0.0,186,254.34325785129022,10.552412620068173,186,0,38,148,0,0,188,0,30,158,0,0
5,300.0,57,270.21809182552283,5.684341886080802e-14,75,288.7689121903927,3.3146476578986532,75,0,22,53,0,0,91,0,23,68,0,0
6,350.0,75,288.7689121903927,3.3146476578986532,0,nan,nan,0,0,0,0,0,0,0,0,0,0,0,0
Totals,7,3271,NA,NA,3271,NA,NA,3271,0,318,2953,0,0,2807,0,1085,2976,0,0
