Age,Class,N_Initial_Age,AgeSize_Mean,AgeSize_Std,N_Initial_Class,ClassSize_Mean,ClassSize_Std,N_GrowthBack_Class,Capture_Back,PackingDeaths_Emigration_Class,N_AfterEmigration_Class,Deaths_AfterEmiMort_Age,Deaths_AfterEmiMort_Size,N_GrowthOut_Class,Capture_Out,PackingDeaths_Immigration_Class,N_Immigration_Class,Deaths_AfterImmiMort_Age,Deaths_AfterImmiMort_Size
0,50.0,1519,49.79123395143596,10.062356145575848,1511,49.62465188443448,9.818442714050352,0,0,0,0,0,0,0,0,57,1417,0,0
1,100.0,877,134.4593188156105,0.0,8,81.25442185634185,4.6871214653366975,1519,0,158,1361,0,0,0,0,0,7,0,0
2,150.0,456,181.34298546680154,5.684341886080802e-14,877,134.4593188156105,0.0,877,0,143,734,0,0,1316,0,460,856,0,0
3,200.0,204,218.2598823281493,5.684341886080802e-14,660,192.75366267849085,17.059989428856678,660,0,118,542,0,0,1027,0,427,600,0,0
4,250.0,123,247.32879632779213,5.684341886080802e-14,196,255.8538910794979,11.065991703972324,196,0,25,171,0,0,247,0,76,171,0,0
5,300.0,73,270.2180918255227,5.684341886080802e-14,77,300.0536075916698,11.747689747853313,77,0,21,56,0,0,106,0,35,71,0,0
6,350.0,86,303.6932948794238,15.490505822647288,9,334.83284167465195,5.4003855869896835,9,0,0,9,0,0,12,0,2,10,0,0
Totals,7,3338,NA,NA,3338,NA,NA,3338,0,465,2873,0,0,2708,0,1057,3132,0,0
