Age,Class,N_Initial_Age,AgeSize_Mean,AgeSize_Std,N_Initial_Class,ClassSize_Mean,ClassSize_Std,N_GrowthBack_Class,Capture_Back,PackingDeaths_Emigration_Class,N_AfterEmigration_Class,Deaths_AfterEmiMort_Age,Deaths_AfterEmiMort_Size,N_GrowthOut_Class,Capture_Out,PackingDeaths_Immigration_Class,N_Immigration_Class,Deaths_AfterImmiMort_Age,Deaths_AfterImmiMort_Size
0,50.0,1493,49.91535314920131,9.775290695136032,1481,49.69578204965081,9.502831886242488,0,0,0,0,0,0,0,0,35,1675,0,0
1,100.0,849,134.45931881561046,2.842170943040401e-14,12,77.01408635205797,1.8735550494376072,1493,0,35,1435,0,0,0,0,0,8,0,0
2,150.0,400,181.34298546680154,5.684341886080802e-14,849,134.45931881561046,2.842170943040401e-14,849,0,59,787,0,0,1372,0,429,943,0,0
3,200.0,184,218.2598823281493,5.684341886080802e-14,584,192.97433653270562,17.149491538812523,584,0,110,473,0,0,1018,0,352,666,0,0
4,250.0,91,247.32879632779213,5.684341886080802e-14,203,259.95737315412623,11.383245320870989,203,0,39,164,0,0,203,0,31,172,0,0
5,300.0,112,270.2180918255227,5.684341886080802e-14,79,301.3381047022761,11.778668957323266,79,0,14,65,0,0,127,0,39,88,0,0
6,350.0,80,301.6880806579037,12.111110591849444,1,329.3361811524784,0.0,1,0,0,1,0,0,8,0,1,7,0,0
Totals,7,3209,NA,NA,3209,NA,NA,3209,0,257,2925,0,0,2728,0,887,3559,0,0
