Age,Class,N_Initial_Age,AgeSize_Mean,AgeSize_Std,N_Initial_Class,ClassSize_Mean,ClassSize_Std,N_GrowthBack_Class,Capture_Back,PackingDeaths_Emigration_Class,N_AfterEmigration_Class,Deaths_AfterEmiMort_Age,Deaths_AfterEmiMort_Size,N_GrowthOut_Class,Capture_Out,PackingDeaths_Immigration_Class,N_Immigration_Class,Deaths_AfterImmiMort_Age,Deaths_AfterImmiMort_Size
0,50.0,1850,49.402156040135736,10.065244846882504,1840,49.24750021641434,9.868714190717478,0,0,0,0,0,0,0,0,0,1789,0,0
1,100.0,807,134.4593188156105,0.0,10,77.85882760487223,2.8232379344342227,1850,0,92,1758,0,0,0,0,0,10,0,0
2,150.0,430,181.34298546680157,8.526512829121202e-14,807,134.4593188156105,0.0,807,0,58,749,0,0,1660,0,790,870,0,0
3,200.0,206,218.25988232814925,1.1368683772161603e-13,636,193.30034514201796,17.275710215835222,636,0,105,531,0,0,1011,0,506,505,0,0
4,250.0,129,247.3287963277922,0.0,207,255.9537482544732,11.091856362483439,207,0,49,158,0,0,256,0,38,218,0,0
5,300.0,78,270.21809182552266,1.1368683772161603e-13,78,301.0343011342615,12.354546052233777,78,0,17,61,0,0,103,0,29,74,0,0
6,350.0,87,304.49354242288206,15.64998454933622,9,334.4736335909272,6.498480756179029,9,0,1,8,0,0,15,0,3,12,0,0
Totals,7,3587,NA,NA,3587,NA,NA,3587,0,322,3265,0,0,3045,0,1366,3478,0,0
