Age,Class,N_Initial_Age,AgeSize_Mean,AgeSize_Std,N_Initial_Class,ClassSize_Mean,ClassSize_Std,N_GrowthBack_Class,Capture_Back,PackingDeaths_Emigration_Class,N_AfterEmigration_Class,Deaths_AfterEmiMort_Age,Deaths_AfterEmiMort_Size,N_GrowthOut_Class,Capture_Out,PackingDeaths_Immigration_Class,N_Immigration_Class,Deaths_AfterImmiMort_Age,Deaths_AfterImmiMort_Size
0,50.0,1415,50.044382360844004,10.08906123181959,1406,49.8658017723076,9.868994290212003,0,0,0,0,0,0,0,0,0,1597,0,0
1,100.0,745,134.45931881561046,2.842170943040401e-14,9,77.94263874775352,2.1538963364773545,1415,0,46,1369,0,0,0,0,0,8,0,0
2,150.0,391,181.34298546680154,5.684341886080802e-14,745,134.45931881561046,2.842170943040401e-14,745,0,35,710,0,0,1304,0,380,924,0,0
3,200.0,172,218.25988232814933,2.842170943040401e-14,563,192.6213269590783,17.00471648752282,563,0,55,508,0,0,995,0,356,639,0,0
4,250.0,126,247.3287963277921,8.526512829121202e-14,180,254.19558497711134,10.489192922256231,180,0,13,167,0,0,245,0,55,190,0,0
5,300.0,54,270.2180918255229,1.1368683772161603e-13,71,300.3616863163564,11.706776061214905,71,0,10,61,0,0,100,0,24,76,0,0
6,350.0,81,304.7172113948868,16.045961203439333,10,335.6414394524527,4.635301719458935,10,0,0,10,0,0,11,0,1,10,0,0
Totals,7,2984,NA,NA,2984,NA,NA,2984,0,159,2825,0,0,2655,0,816,3444,0,0
