Age,Class,N_Initial_Age,AgeSize_Mean,AgeSize_Std,N_Initial_Class,ClassSize_Mean,ClassSize_Std,N_GrowthBack_Class,Capture_Back,PackingDeaths_Emigration_Class,N_AfterEmigration_Class,Deaths_AfterEmiMort_Age,Deaths_AfterEmiMort_Size,N_GrowthOut_Class,Capture_Out,PackingDeaths_Immigration_Class,N_Immigration_Class,Deaths_AfterImmiMort_Age,Deaths_AfterImmiMort_Size
0,50.0,1215,49.73503020641392,9.84164576389253,1209,49.59693138256733,9.666812123376811,0,0,0,0,0,0,0,0,0,1358,0,0
1,100.0,708,134.4593188156105,0.0,6,77.56194321150174,2.4374340437486763,1215,0,87,1128,0,0,0,0,0,9,0,0
2,150.0,326,181.34298546680154,5.684341886080802e-14,708,134.4593188156105,0.0,708,0,56,640,0,0,1064,0,211,853,0,0
3,200.0,192,218.2598823281493,5.684341886080802e-14,518,195.02646847332426,17.830143680464552,518,0,85,431,0,0,851,0,300,551,0,0
4,250.0,113,247.32879632779216,2.842170943040401e-14,172,255.18035699271135,10.865987635865746,172,0,6,166,0,0,243,0,56,187,0,0
5,300.0,59,270.21809182552283,5.684341886080802e-14,70,298.118292969207,10.865617355878571,70,0,12,58,0,0,94,0,20,74,0,0
6,350.0,77,301.68340947221566,15.423016177326666,7,337.33457450230304,6.151518350814933,7,0,1,6,0,0,8,0,1,7,0,0
Totals,7,2690,NA,NA,2690,NA,NA,2690,0,247,2429,0,0,2260,0,588,3039,0,0
