Age,Class,N_Initial_Age,AgeSize_Mean,AgeSize_Std,N_Initial_Class,ClassSize_Mean,ClassSize_Std,N_GrowthBack_Class,Capture_Back,PackingDeaths_Emigration_Class,N_AfterEmigration_Class,Deaths_AfterEmiMort_Age,Deaths_AfterEmiMort_Size,N_GrowthOut_Class,Capture_Out,PackingDeaths_Immigration_Class,N_Immigration_Class,Deaths_AfterImmiMort_Age,Deaths_AfterImmiMort_Size
0,50.0,1219,50.08437946573274,9.79914232893935,1216,50.0163969431585,9.714493520262016,0,0,0,0,0,0,0,0,0,1173,0,0
1,100.0,777,134.45931881561046,2.842170943040401e-14,3,77.63996194916012,2.09088726623458,1219,0,52,1167,0,0,0,0,0,9,0,0
2,150.0,353,181.3429854668015,2.842170943040401e-14,777,134.45931881561046,2.842170943040401e-14,777,0,51,714,0,0,1104,0,266,838,0,0
3,200.0,187,218.2598823281493,5.684341886080802e-14,540,194.12717012063862,17.564653399903083,540,0,94,446,0,0,921,0,298,623,0,0
4,250.0,87,247.32879632779208,1.1368683772161603e-13,152,257.1169819024796,11.324137722631482,152,0,38,114,0,0,200,0,31,169,0,0
5,300.0,65,270.2180918255228,0.0,58,297.52894892957613,12.262073615428813,58,0,12,46,0,0,84,0,16,68,0,0
6,350.0,69,303.05727095491704,17.0095667482933,11,332.2066052703511,3.3510278852705424,11,0,3,8,0,0,12,0,3,9,0,0
Totals,7,2757,NA,NA,2757,NA,NA,2757,0,250,2495,0,0,2321,0,614,2889,0,0
