Age,Class,N_Initial_Age,AgeSize_Mean,AgeSize_Std,N_Initial_Class,ClassSize_Mean,ClassSize_Std,N_GrowthBack_Class,Capture_Back,PackingDeaths_Emigration_Class,N_AfterEmigration_Class,Deaths_AfterEmiMort_Age,Deaths_AfterEmiMort_Size,N_GrowthOut_Class,Capture_Out,PackingDeaths_Immigration_Class,N_Immigration_Class,Deaths_AfterImmiMort_Age,Deaths_AfterImmiMort_Size
0,50.0,1037,49.9481428778133,10.189969685799548,1027,49.673410259503214,9.846053561578039,0,0,0,0,0,0,0,0,50,1381,0,0
1,100.0,846,134.4593188156105,0.0,10,78.16318277825921,2.7697438100549454,1037,0,5,1032,0,0,0,0,0,9,0,0
2,150.0,414,181.34298546680157,8.526512829121202e-14,846,134.4593188156105,0.0,846,0,77,769,0,0,999,0,228,771,0,0
3,200.0,234,218.25988232814925,1.1368683772161603e-13,648,194.67408711117713,17.732022823154878,648,0,97,551,0,0,1031,0,475,556,0,0
4,250.0,102,247.32879632779208,1.1368683772161603e-13,156,255.2520140000835,10.88942111920592,156,0,11,145,0,0,281,0,94,187,0,0
5,300.0,54,270.2180918255229,1.1368683772161603e-13,67,300.48060279132534,13.03031446196535,67,0,7,60,0,0,89,0,20,69,0,0
6,350.0,74,304.0432601183146,16.81332586847659,7,338.14298024806897,8.889010083325044,7,0,0,7,0,0,14,0,1,13,0,0
Totals,7,2761,NA,NA,2761,NA,NA,2761,0,197,2564,0,0,2414,0,868,2986,0,0
