Age,Class,N_Initial_Age,AgeSize_Mean,AgeSize_Std,N_Initial_Class,ClassSize_Mean,ClassSize_Std,N_GrowthBack_Class,Capture_Back,PackingDeaths_Emigration_Class,N_AfterEmigration_Class,Deaths_AfterEmiMort_Age,Deaths_AfterEmiMort_Size,N_GrowthOut_Class,Capture_Out,PackingDeaths_Immigration_Class,N_Immigration_Class,Deaths_AfterImmiMort_Age,Deaths_AfterImmiMort_Size
0,50.0,1040,50.32309241393014,10.241515309652279,1034,50.159528561999394,10.040896746260486,0,0,0,0,0,0,0,0,26,938,0,0
1,100.0,761,134.45931881561046,2.842170943040401e-14,6,78.51059622999624,2.6404601826132366,1040,0,70,970,0,0,0,0,0,5,0,0
2,150.0,336,181.3429854668015,2.842170943040401e-14,761,134.45931881561046,2.842170943040401e-14,761,0,24,737,0,0,939,0,202,737,0,0
3,200.0,140,218.25988232814936,0.0,476,192.20089630837444,16.821003145606728,476,0,70,406,0,0,939,0,243,696,0,0
4,250.0,71,247.3287963277921,8.526512829121202e-14,119,256.56145333528,11.22884940925242,119,0,11,108,0,0,161,0,10,151,0,0
5,300.0,48,270.2180918255228,0.0,51,297.0256261974948,11.34980190112922,51,0,4,47,0,0,81,0,8,73,0,0
6,350.0,62,303.81085183776423,18.050390499269696,11,335.26962526083184,6.005365384389625,11,0,4,7,0,0,8,0,0,8,0,0
Totals,7,2458,NA,NA,2458,NA,NA,2458,0,183,2275,0,0,2128,0,489,2608,0,0
