Age,Class,N_Initial_Age,AgeSize_Mean,AgeSize_Std,N_Initial_Class,ClassSize_Mean,ClassSize_Std,N_GrowthBack_Class,Capture_Back,PackingDeaths_Emigration_Class,N_AfterEmigration_Class,Deaths_AfterEmiMort_Age,Deaths_AfterEmiMort_Size,N_GrowthOut_Class,Capture_Out,PackingDeaths_Immigration_Class,N_Immigration_Class,Deaths_AfterImmiMort_Age,Deaths_AfterImmiMort_Size
0,50.0,1424,49.83096179708178,10.157923070870233,1417,49.69738946127144,10.002592736767967,0,0,0,0,0,0,0,0,0,1324,0,0
1,100.0,778,134.45931881561046,2.842170943040401e-14,7,76.8698189175487,1.5443647174628858,1424,0,176,1248,0,0,0,0,0,4,0,0
2,150.0,401,181.34298546680154,5.684341886080802e-14,778,134.45931881561046,2.842170943040401e-14,778,0,56,722,0,0,1213,0,265,948,0,0
3,200.0,183,218.25988232814925,1.1368683772161603e-13,584,192.91112266821702,17.124191357019008,584,0,74,510,0,0,978,0,347,631,0,0
4,250.0,108,247.3287963277921,8.526512829121202e-14,173,255.92882064774872,11.085489598719176,173,0,12,161,0,0,244,0,29,215,0,0
5,300.0,65,270.2180918255228,0.0,64,297.8983867735276,11.318734028787178,64,0,11,53,0,0,99,0,13,86,0,0
6,350.0,74,302.793879903354,16.439744062064484,10,334.1250359342437,6.709071045290089,10,0,0,10,0,0,13,0,3,10,0,0
Totals,7,3033,NA,NA,3033,NA,NA,3033,0,329,2704,0,0,2547,0,657,3218,0,0
