Age,Class,N_Initial_Age,AgeSize_Mean,AgeSize_Std,N_Initial_Class,ClassSize_Mean,ClassSize_Std,N_GrowthBack_Class,Capture_Back,PackingDeaths_Emigration_Class,N_AfterEmigration_Class,Deaths_AfterEmiMort_Age,Deaths_AfterEmiMort_Size,N_GrowthOut_Class,Capture_Out,PackingDeaths_Immigration_Class,N_Immigration_Class,Deaths_AfterImmiMort_Age,Deaths_AfterImmiMort_Size
0,50.0,1176,50.37898780263374,9.997251493958622,1170,50.24178586295443,9.836229666863924,0,0,0,0,0,0,0,0,0,1243,0,0
1,100.0,840,134.4593188156105,0.0,6,77.13336604009841,1.7983570093311363,1176,0,70,1106,0,0,0,0,0,10,0,0
2,150.0,427,181.34298546680157,8.526512829121202e-14,840,134.4593188156105,0.0,840,0,97,743,0,0,1044,0,258,786,0,0
3,200.0,191,218.25988232814927,8.526512829121202e-14,618,192.75257656796242,17.059540697686433,618,0,97,521,0,0,1013,0,410,603,0,0
4,250.0,96,247.32879632779216,2.842170943040401e-14,157,256.22208948296134,11.15663712024521,157,0,12,145,0,0,237,0,32,205,0,0
5,300.0,61,270.21809182552283,5.684341886080802e-14,71,297.5758670755247,11.718301734389266,71,0,9,62,0,0,101,0,23,78,0,0
6,350.0,78,301.0627404318367,15.944905277085653,7,336.42959876014413,8.125436987850273,7,0,3,4,0,0,7,0,0,7,0,0
Totals,7,2869,NA,NA,2869,NA,NA,2869,0,288,2581,0,0,2402,0,723,2932,0,0
