Age,Class,N_Initial_Age,AgeSize_Mean,AgeSize_Std,N_Initial_Class,ClassSize_Mean,ClassSize_Std,N_GrowthBack_Class,Capture_Back,PackingDeaths_Emigration_Class,N_AfterEmigration_Class,Deaths_AfterEmiMort_Age,Deaths_AfterEmiMort_Size,N_GrowthOut_Class,Capture_Out,PackingDeaths_Immigration_Class,N_Immigration_Class,Deaths_AfterImmiMort_Age,Deaths_AfterImmiMort_Size
0,50.0,1338,49.74430262894536,9.901585552208322,1329,49.542058641709836,9.617849799180174,0,0,0,0,0,0,0,0,0,1480,0,0
1,100.0,763,134.4593188156105,0.0,9,79.60899807739165,4.234715623490534,1338,0,13,1325,0,0,0,0,0,18,0,0
2,150.0,419,181.34298546680154,5.684341886080802e-14,763,134.4593188156105,0.0,763,0,43,715,0,0,1291,0,426,865,0,0
3,200.0,232,218.2598823281493,5.684341886080802e-14,651,194.49923749726648,17.680526909610485,651,0,112,537,0,0,983,0,398,585,0,0
4,250.0,118,247.3287963277921,8.526512829121202e-14,170,254.33022789180387,10.546932825720594,170,0,15,155,0,0,269,0,64,205,0,0
5,300.0,52,270.21809182552283,5.684341886080802e-14,71,298.10311615216085,11.077116269711677,71,0,13,58,0,0,94,0,18,76,0,0
6,350.0,76,300.47431591519245,14.000082885937116,5,334.1453525502404,4.82496065082142,5,0,0,5,0,0,7,0,0,7,0,0
Totals,7,2998,NA,NA,2998,NA,NA,2998,0,196,2795,0,0,2644,0,906,3236,0,0
