Age,Class,N_Initial_Age,AgeSize_Mean,AgeSize_Std,N_Initial_Class,ClassSize_Mean,ClassSize_Std,N_GrowthBack_Class,Capture_Back,PackingDeaths_Emigration_Class,N_AfterEmigration_Class,Deaths_AfterEmiMort_Age,Deaths_AfterEmiMort_Size,N_GrowthOut_Class,Capture_Out,PackingDeaths_Immigration_Class,N_Immigration_Class,Deaths_AfterImmiMort_Age,Deaths_AfterImmiMort_Size
0,50.0,1204,49.87064507010802,9.75685411966429,1198,49.72213434401559,9.54859496862738,0,0,0,0,0,0,0,0,0,1585,0,0
1,100.0,772,134.4593188156105,0.0,6,79.52328671322805,3.7789441973139994,1204,0,0,1204,0,0,0,0,0,4,0,0
2,150.0,299,181.3429854668015,2.842170943040401e-14,772,134.4593188156105,0.0,772,0,31,741,0,0,1174,0,286,888,0,0
3,200.0,319,218.2598823281493,5.684341886080802e-14,618,200.39879468811213,18.44877986625834,618,0,74,544,0,0,920,0,326,594,0,0
4,250.0,68,247.32879632779216,2.842170943040401e-14,147,259.62984628915757,11.412560507880444,147,0,10,137,0,0,314,0,77,237,0,0
5,300.0,79,270.21809182552266,1.1368683772161603e-13,62,295.97544185968565,7.383584086111328,62,0,1,61,0,0,121,0,25,96,0,0
6,350.0,62,295.97544185968565,7.383584086111328,0,nan,nan,0,0,0,0,0,0,0,0,0,0,0,0
Totals,7,2803,NA,NA,2803,NA,NA,2803,0,116,2687,0,0,2529,0,714,3404,0,0
