Age,Class,N_Initial_Age,AgeSize_Mean,AgeSize_Std,N_Initial_Class,ClassSize_Mean,ClassSize_Std,N_GrowthBack_Class,Capture_Back,PackingDeaths_Emigration_Class,N_AfterEmigration_Class,Deaths_AfterEmiMort_Age,Deaths_AfterEmiMort_Size,N_GrowthOut_Class,Capture_Out,PackingDeaths_Immigration_Class,N_Immigration_Class,Deaths_AfterImmiMort_Age,Deaths_AfterImmiMort_Size
0,50.0,1314,49.979687922098336,9.938307200531305,1309,49.86816169389839,9.790586648512443,0,0,0,0,0,0,0,0,0,1413,0,0
1,100.0,800,134.4593188156105,0.0,5,79.17725446484371,2.4486772988168504,1314,0,18,1296,0,0,0,0,0,4,0,0
2,150.0,342,181.34298546680154,5.684341886080802e-14,800,134.4593188156105,0.0,800,0,85,715,0,0,1254,0,342,912,0,0
3,200.0,211,218.25988232814927,8.526512829121202e-14,553,195.4288177231205,17.933057359513985,553,0,85,468,0,0,935,0,303,632,0,0
4,250.0,95,247.32879632779208,1.1368683772161603e-13,150,255.72153801029336,11.030223545227791,150,0,15,135,0,0,236,0,43,193,0,0
5,300.0,55,270.2180918255229,1.1368683772161603e-13,65,299.0035553713452,11.264092208377878,65,0,6,59,0,0,95,0,23,72,0,0
6,350.0,71,302.0199065407047,14.733209040974874,6,334.69704420876604,5.266834898875886,6,0,0,6,0,0,8,0,1,7,0,0
Totals,7,2888,NA,NA,2888,NA,NA,2888,0,209,2679,0,0,2528,0,712,3233,0,0
