Age,Class,N_Initial_Age,AgeSize_Mean,AgeSize_Std,N_Initial_Class,ClassSize_Mean,ClassSize_Std,N_GrowthBack_Class,Capture_Back,PackingDeaths_Emigration_Class,N_AfterEmigration_Class,Deaths_AfterEmiMort_Age,Deaths_AfterEmiMort_Size,N_GrowthOut_Class,Capture_Out,PackingDeaths_Immigration_Class,N_Immigration_Class,Deaths_AfterImmiMort_Age,Deaths_AfterImmiMort_Size
0,50.0,939,49.095982534204865,10.239902233759375,939,49.095982534204865,10.239902233759375,0,0,0,0,0,0,0,0,0,1219,0,0
1,100.0,715,134.4593188156105,0.0,0,nan,nan,939,0,0,939,0,0,0,0,0,9,0,0
2,150.0,360,181.3429854668015,2.842170943040401e-14,715,134.4593188156105,0.0,715,0,5,710,0,0,896,0,91,805,0,0
3,200.0,164,218.2598823281493,5.684341886080802e-14,524,192.8971287592844,17.11855394087358,524,0,34,490,0,0,958,0,274,684,0,0
4,250.0,100,247.3287963277921,8.526512829121202e-14,154,255.3549129308925,10.922161274264464,154,0,7,147,0,0,217,0,14,203,0,0
5,300.0,54,270.2180918255229,1.1368683772161603e-13,59,299.853199639065,12.257783373020569,59,0,2,57,0,0,100,0,16,84,0,0
6,350.0,66,303.3108337964554,15.35760289532748,7,332.4537502658878,2.699894050266253,7,0,2,5,0,0,8,0,0,8,0,0
Totals,7,2398,NA,NA,2398,NA,NA,2398,0,50,2348,0,0,2179,0,395,3012,0,0
