Age,Class,N_Initial_Age,AgeSize_Mean,AgeSize_Std,N_Initial_Class,ClassSize_Mean,ClassSize_Std,N_GrowthBack_Class,Capture_Back,PackingDeaths_Emigration_Class,N_AfterEmigration_Class,Deaths_AfterEmiMort_Age,Deaths_AfterEmiMort_Size,N_GrowthOut_Class,Capture_Out,PackingDeaths_Immigration_Class,N_Immigration_Class,Deaths_AfterImmiMort_Age,Deaths_AfterImmiMort_Size
0,50.0,1361,50.012291642625435,10.070694810552984,1353,49.84676617842746,9.864044374027744,0,0,0,0,0,0,0,0,33,1380,0,0
1,100.0,757,134.4593188156105,0.0,8,78.00678577510966,3.1317156047312147,1361,0,2,1292,0,0,0,0,0,5,0,0
2,150.0,394,181.34298546680154,5.684341886080802e-14,757,134.4593188156105,0.0,757,0,48,709,0,0,1252,0,228,1024,0,0
3,200.0,190,218.2598823281493,5.684341886080802e-14,584,193.3536197196373,17.29566450865414,584,0,61,523,0,0,987,0,302,685,0,0
4,250.0,128,247.32879632779216,2.842170943040401e-14,181,254.03118672215524,10.41589925447041,181,0,14,167,0,0,256,0,33,223,0,0
5,300.0,53,270.2180918255229,1.1368683772161603e-13,69,297.6788267492174,10.94222270067324,69,0,6,63,0,0,95,0,22,73,0,0
6,350.0,80,302.7457665708116,16.358223012133163,11,334.5292981789928,4.881998980630164,11,0,1,10,0,0,13,0,1,12,0,0
Totals,7,2963,NA,NA,2963,NA,NA,2963,0,132,2764,0,0,2603,0,619,3402,0,0
