Age,Class,N_Initial_Age,AgeSize_Mean,AgeSize_Std,N_Initial_Class,ClassSize_Mean,ClassSize_Std,N_GrowthBack_Class,Capture_Back,PackingDeaths_Emigration_Class,N_AfterEmigration_Class,Deaths_AfterEmiMort_Age,Deaths_AfterEmiMort_Size,N_GrowthOut_Class,Capture_Out,PackingDeaths_Immigration_Class,N_Immigration_Class,Deaths_AfterImmiMort_Age,Deaths_AfterImmiMort_Size
0,50.0,1441,49.8745843941266,10.055771735029392,1433,49.71191160571652,9.842357095383262,0,0,0,0,0,0,0,0,21,1436,0,0
1,100.0,858,134.45931881561046,2.842170943040401e-14,8,79.01334761808039,2.823927233774034,1441,0,48,1393,0,0,0,0,0,10,0,0
2,150.0,432,181.3429854668015,2.842170943040401e-14,858,134.45931881561046,2.842170943040401e-14,858,0,136,722,0,0,1344,0,369,975,0,0
3,200.0,168,218.25988232814936,0.0,600,191.6797165879789,16.575645580564085,600,0,87,513,0,0,981,0,358,623,0,0
4,250.0,92,247.3287963277921,8.526512829121202e-14,156,256.7192765319893,11.258790245583207,156,0,12,144,0,0,208,0,35,173,0,0
5,300.0,64,270.2180918255228,0.0,82,298.7146534075612,11.628840776782567,82,0,22,60,0,0,102,0,25,77,0,0
6,350.0,93,303.27200345277726,16.66972610517064,11,337.2449765171158,5.681530218441629,11,0,1,10,0,0,14,0,0,14,0,0
Totals,7,3148,NA,NA,3148,NA,NA,3148,0,306,2842,0,0,2649,0,808,3308,0,0
