Age,Class,N_Initial_Age,AgeSize_Mean,AgeSize_Std,N_Initial_Class,ClassSize_Mean,ClassSize_Std,N_GrowthBack_Class,Capture_Back,PackingDeaths_Emigration_Class,N_AfterEmigration_Class,Deaths_AfterEmiMort_Age,Deaths_AfterEmiMort_Size,N_GrowthOut_Class,Capture_Out,PackingDeaths_Immigration_Class,N_Immigration_Class,Deaths_AfterImmiMort_Age,Deaths_AfterImmiMort_Size
0,50.0,1378,50.34828184435074,9.951031227875802,1367,50.12609016543387,9.674739183581947,0,0,0,0,0,0,0,0,76,1574,0,0
1,100.0,855,134.4593188156105,0.0,11,77.96064776065617,2.075323043837944,1378,0,71,1284,0,0,0,0,0,7,0,0
2,150.0,378,181.34298546680154,5.684341886080802e-14,855,134.4593188156105,0.0,855,0,81,766,0,0,1235,0,237,998,0,0
3,200.0,214,218.25988232814925,1.1368683772161603e-13,592,194.68794480519415,17.736024012471606,592,0,70,519,0,0,1025,0,364,661,0,0
4,250.0,101,247.3287963277921,8.526512829121202e-14,179,257.30290274579767,11.349778424702421,179,0,23,156,0,0,258,0,48,210,0,0
5,300.0,78,270.21809182552266,1.1368683772161603e-13,89,298.73722151051163,10.618760966117442,89,0,22,67,0,0,118,0,27,91,0,0
6,350.0,98,302.1209120421875,14.760333547717934,9,335.5818517443157,4.942296802558076,9,0,1,8,0,0,8,0,1,7,0,0
Totals,7,3102,NA,NA,3102,NA,NA,3102,0,268,2800,0,0,2644,0,753,3548,0,0
