Age,Class,N_Initial_Age,AgeSize_Mean,AgeSize_Std,N_Initial_Class,ClassSize_Mean,ClassSize_Std,N_GrowthBack_Class,Capture_Back,PackingDeaths_Emigration_Class,N_AfterEmigration_Class,Deaths_AfterEmiMort_Age,Deaths_AfterEmiMort_Size,N_GrowthOut_Class,Capture_Out,PackingDeaths_Immigration_Class,N_Immigration_Class,Deaths_AfterImmiMort_Age,Deaths_AfterImmiMort_Size
0,50.0,1168,49.641878975944984,9.965830673443481,1160,49.451506968947506,9.731140508945625,0,0,0,0,0,0,0,0,9,1003,0,0
1,100.0,772,134.4593188156105,0.0,8,77.24581999057851,1.5409697665831712,1168,0,51,1079,0,0,0,0,0,0,0,0
2,150.0,401,181.34298546680154,5.684341886080802e-14,772,134.4593188156105,0.0,772,0,68,689,0,0,1057,0,271,786,0,0
3,200.0,170,218.2598823281493,5.684341886080802e-14,571,192.33400554811348,16.880516352143808,571,0,94,474,0,0,946,0,384,562,0,0
4,250.0,81,247.32879632779216,2.842170943040401e-14,134,256.3820251440587,11.192009541830092,134,0,12,122,0,0,192,0,25,167,0,0
5,300.0,53,270.2180918255229,1.1368683772161603e-13,68,298.7025256796633,11.25725064716445,68,0,14,54,0,0,88,0,27,61,0,0
6,350.0,76,302.12721872221226,14.640393286022606,8,331.23710958387835,3.4632395378915315,8,0,2,6,0,0,10,0,3,7,0,0
Totals,7,2721,NA,NA,2721,NA,NA,2721,0,241,2424,0,0,2293,0,719,2586,0,0
