Age,Class,N_Initial_Age,AgeSize_Mean,AgeSize_Std,N_Initial_Class,ClassSize_Mean,ClassSize_Std,N_GrowthBack_Class,Capture_Back,PackingDeaths_Emigration_Class,N_AfterEmigration_Class,Deaths_AfterEmiMort_Age,Deaths_AfterEmiMort_Size,N_GrowthOut_Class,Capture_Out,PackingDeaths_Immigration_Class,N_Immigration_Class,Deaths_AfterImmiMort_Age,Deaths_AfterImmiMort_Size
0,50.0,1503,49.83733316519209,9.709939062155936,1497,49.7274272969872,9.572013155133574,0,0,0,0,0,0,0,0,11,1967,0,0
1,100.0,907,134.45931881561046,2.842170943040401e-14,6,77.25884728231055,1.6941492282052593,1503,0,131,1326,0,0,0,0,0,10,0,0
2,150.0,415,181.34298546680157,8.526512829121202e-14,907,134.45931881561046,2.842170943040401e-14,907,0,103,804,0,0,1259,0,336,923,0,0
3,200.0,197,218.25988232814925,1.1368683772161603e-13,612,193.22636566563406,17.247689590622844,612,0,43,569,0,0,1105,0,390,715,0,0
4,250.0,129,247.3287963277922,0.0,193,254.91902903170282,10.776058962201107,193,0,23,170,0,0,271,0,55,216,0,0
5,300.0,64,270.2180918255228,0.0,86,300.2340915165149,12.588356813462521,86,0,9,77,0,0,117,0,27,90,0,0
6,350.0,93,303.05524158426726,15.733009506491705,7,337.7150852737959,6.528284142377117,7,0,3,4,0,0,10,0,0,10,0,0
Totals,7,3308,NA,NA,3308,NA,NA,3308,0,312,2950,0,0,2762,0,819,3931,0,0
