Age,Class,N_Initial_Age,AgeSize_Mean,AgeSize_Std,N_Initial_Class,ClassSize_Mean,ClassSize_Std,N_GrowthBack_Class,Capture_Back,PackingDeaths_Emigration_Class,N_AfterEmigration_Class,Deaths_AfterEmiMort_Age,Deaths_AfterEmiMort_Size,N_GrowthOut_Class,Capture_Out,PackingDeaths_Immigration_Class,N_Immigration_Class,Deaths_AfterImmiMort_Age,Deaths_AfterImmiMort_Size
0,50.0,1163,50.01983583120602,9.858780541311926,1159,49.9274563212218,9.749189175206725,0,0,0,0,0,0,0,0,57,1583,0,0
1,100.0,738,134.45931881561046,2.842170943040401e-14,4,76.786798849132,0.9412353804500647,1163,0,88,1075,0,0,0,0,0,10,0,0
2,150.0,370,181.34298546680154,5.684341886080802e-14,738,134.45931881561046,2.842170943040401e-14,738,0,56,682,0,0,1028,0,162,866,0,0
3,200.0,201,218.2598823281493,5.684341886080802e-14,571,194.33825038647035,17.631447597770624,571,0,98,473,0,0,934,0,367,567,0,0
4,250.0,133,247.32879632779213,5.684341886080802e-14,208,255.5821480697623,10.990704795052164,208,0,54,154,0,0,237,0,33,204,0,0
5,300.0,75,270.2180918255227,5.684341886080802e-14,56,300.08311258331406,12.796681391022519,56,0,2,54,0,0,84,0,10,74,0,0
6,350.0,68,306.1017532478947,17.691002240765627,12,334.18874301593786,7.168734920916083,12,0,3,9,0,0,13,0,2,11,0,0
Totals,7,2748,NA,NA,2748,NA,NA,2748,0,301,2447,0,0,2296,0,631,3315,0,0
