Age,Class,N_Initial_Age,AgeSize_Mean,AgeSize_Std,N_Initial_Class,ClassSize_Mean,ClassSize_Std,N_GrowthBack_Class,Capture_Back,PackingDeaths_Emigration_Class,N_AfterEmigration_Class,Deaths_AfterEmiMort_Age,Deaths_AfterEmiMort_Size,N_GrowthOut_Class,Capture_Out,PackingDeaths_Immigration_Class,N_Immigration_Class,Deaths_AfterImmiMort_Age,Deaths_AfterImmiMort_Size
0,50.0,669,50.19586700496082,10.329227836771462,660,49.822711896412656,9.879941836092737,0,0,0,0,0,0,0,0,8,734,0,0
1,100.0,340,134.4593188156105,0.0,9,77.56057496516006,3.6740813102034693,669,0,0,669,0,0,0,0,0,6,0,0
2,150.0,212,181.34298546680157,8.526512829121202e-14,340,134.4593188156105,0.0,340,0,11,329,0,0,648,0,77,571,0,0
3,200.0,132,218.25988232814936,0.0,344,195.50877147173733,17.952363848989506,344,0,50,294,0,0,471,0,78,393,0,0
4,250.0,68,247.32879632779216,2.842170943040401e-14,122,257.46012384318107,11.369043585981588,122,0,16,106,0,0,149,0,13,136,0,0
5,300.0,54,270.2180918255229,1.1368683772161603e-13,36,300.91230249695997,12.256367047302945,36,0,5,31,0,0,63,0,14,49,0,0
6,350.0,41,305.6289220124175,17.203090958827712,5,339.58858252371124,5.63499755401885,5,0,0,5,0,0,8,0,3,5,0,0
Totals,7,1516,NA,NA,1516,NA,NA,1516,0,82,1434,0,0,1339,0,193,1894,0,0
