Age,Class,N_Initial_Age,AgeSize_Mean,AgeSize_Std,N_Initial_Class,ClassSize_Mean,ClassSize_Std,N_GrowthBack_Class,Capture_Back,PackingDeaths_Emigration_Class,N_AfterEmigration_Class,Deaths_AfterEmiMort_Age,Deaths_AfterEmiMort_Size,N_GrowthOut_Class,Capture_Out,PackingDeaths_Immigration_Class,N_Immigration_Class,Deaths_AfterImmiMort_Age,Deaths_AfterImmiMort_Size
0,50.0,516,49.6784057680587,10.063227278880342,514,49.56737883593773,9.922153898055814,0,0,0,0,0,0,0,0,21,641,0,0
1,100.0,414,134.4593188156105,0.0,2,78.2123273231494,2.9159886205007695,516,0,42,474,0,0,0,0,0,0,0,0
2,150.0,282,181.3429854668015,2.842170943040401e-14,414,134.4593188156105,0.0,414,0,32,382,0,0,458,0,60,398,0,0
3,200.0,145,218.2598823281494,2.842170943040401e-14,427,193.87916824173226,17.482593857052628,427,0,27,400,0,0,580,0,164,416,0,0
4,250.0,76,247.3287963277921,8.526512829121202e-14,110,254.40366948163606,10.577572126169308,110,0,13,97,0,0,187,0,41,146,0,0
5,300.0,34,270.21809182552283,5.684341886080802e-14,38,296.444564665075,10.718363339091223,38,0,5,33,0,0,55,0,6,49,0,0
6,350.0,43,300.9282826878679,16.04657793489013,5,335.00453966109376,5.229159807095545,5,0,1,4,0,0,5,0,0,5,0,0
Totals,7,1510,NA,NA,1510,NA,NA,1510,0,120,1390,0,0,1285,0,292,1655,0,0
