Age,Class,N_Initial_Age,AgeSize_Mean,AgeSize_Std,N_Initial_Class,ClassSize_Mean,ClassSize_Std,N_GrowthBack_Class,Capture_Back,PackingDeaths_Emigration_Class,N_AfterEmigration_Class,Deaths_AfterEmiMort_Age,Deaths_AfterEmiMort_Size,N_GrowthOut_Class,Capture_Out,PackingDeaths_Immigration_Class,N_Immigration_Class,Deaths_AfterImmiMort_Age,Deaths_AfterImmiMort_Size
0,50.0,464,50.980134410660625,10.129116037710697,458,50.627480659139756,9.709049190392864,0,0,0,0,0,0,0,0,10,617,0,0
1,100.0,397,134.45931881561046,2.842170943040401e-14,6,77.89937077675381,2.1385369936703036,464,0,7,457,0,0,0,0,0,3,0,0
2,150.0,257,181.34298546680154,5.684341886080802e-14,397,134.45931881561046,2.842170943040401e-14,397,0,26,371,0,0,445,0,30,415,0,0
3,200.0,111,218.25988232814922,1.4210854715202004e-13,368,192.47824511791458,16.943589482950866,368,0,54,314,0,0,541,0,142,399,0,0
4,250.0,91,247.32879632779213,5.684341886080802e-14,130,254.19558497711137,10.489192922256233,130,0,23,107,0,0,152,0,36,116,0,0
5,300.0,39,270.2180918255229,1.1368683772161603e-13,53,296.57294724151467,10.833565844671327,53,0,10,43,0,0,61,0,9,52,0,0
6,350.0,62,301.7688800631438,16.13637319645305,9,332.3671511238486,2.7109819574977707,9,0,1,8,0,0,8,0,1,7,0,0
Totals,7,1421,NA,NA,1421,NA,NA,1421,0,121,1300,0,0,1207,0,228,1609,0,0
