Age,Class,N_Initial_Age,AgeSize_Mean,AgeSize_Std,N_Initial_Class,ClassSize_Mean,ClassSize_Std,N_GrowthBack_Class,Capture_Back,PackingDeaths_Emigration_Class,N_AfterEmigration_Class,Deaths_AfterEmiMort_Age,Deaths_AfterEmiMort_Size,N_GrowthOut_Class,Capture_Out,PackingDeaths_Immigration_Class,N_Immigration_Class,Deaths_AfterImmiMort_Age,Deaths_AfterImmiMort_Size
0,50.0,613,50.33632299171632,10.135600236201746,609,50.16184072873571,9.93546787900138,0,0,0,0,0,0,0,0,28,652,0,0
1,100.0,469,134.45931881561046,2.842170943040401e-14,4,76.90124753051512,1.9921225239653357,613,0,12,601,0,0,0,0,0,1,0,0
2,150.0,243,181.34298546680154,5.684341886080802e-14,469,134.45931881561046,2.842170943040401e-14,469,0,18,451,0,0,575,0,73,502,0,0
3,200.0,130,218.25988232814936,0.0,373,194.2094642656627,17.591025953728032,373,0,41,332,0,0,610,0,163,447,0,0
4,250.0,86,247.32879632779208,1.1368683772161603e-13,128,254.839346412985,10.747224649568578,128,0,8,120,0,0,179,0,32,147,0,0
5,300.0,42,270.21809182552283,5.684341886080802e-14,59,294.97466308772977,10.530977323496987,59,0,14,45,0,0,70,0,16,54,0,0
6,350.0,63,297.32954505845873,13.642882812977794,4,332.0640541267116,2.7278729742332075,4,0,1,3,0,0,5,0,0,5,0,0
Totals,7,1646,NA,NA,1646,NA,NA,1646,0,94,1552,0,0,1439,0,312,1808,0,0
