Age,Class,N_Initial_Age,AgeSize_Mean,AgeSize_Std,N_Initial_Class,ClassSize_Mean,ClassSize_Std,N_GrowthBack_Class,Capture_Back,PackingDeaths_Emigration_Class,N_AfterEmigration_Class,Deaths_AfterEmiMort_Age,Deaths_AfterEmiMort_Size,N_GrowthOut_Class,Capture_Out,PackingDeaths_Immigration_Class,N_Immigration_Class,Deaths_AfterImmiMort_Age,Deaths_AfterImmiMort_Size
0,50.0,435,50.57130264660511,10.038164691021732,430,50.26909595629952,9.694436714025873,0,0,0,0,0,0,0,0,11,774,0,0
1,100.0,374,134.4593188156105,0.0,5,76.56107801288525,0.8658514283038024,435,0,1,434,0,0,0,0,0,4,0,0
2,150.0,242,181.34298546680154,5.684341886080802e-14,374,134.4593188156105,0.0,374,0,28,346,0,0,410,0,49,361,0,0
3,200.0,124,218.25988232814925,1.1368683772161603e-13,366,193.85034943075541,17.4728049304573,366,0,91,275,0,0,483,0,153,330,0,0
4,250.0,77,247.3287963277921,8.526512829121202e-14,130,256.6605860307131,11.247923940589907,130,0,34,96,0,0,132,0,23,109,0,0
5,300.0,53,270.2180918255229,1.1368683772161603e-13,43,299.51554756633703,10.652185704484122,43,0,7,36,0,0,64,0,12,52,0,0
6,350.0,43,299.51554756633703,10.652185704484122,0,nan,nan,0,0,0,0,0,0,2,0,0,2,0,0
Totals,7,1348,NA,NA,1348,NA,NA,1348,0,161,1187,0,0,1091,0,248,1632,0,0
