Age,Class,N_Initial_Age,AgeSize_Mean,AgeSize_Std,N_Initial_Class,ClassSize_Mean,ClassSize_Std,N_GrowthBack_Class,Capture_Back,PackingDeaths_Emigration_Class,N_AfterEmigration_Class,Deaths_AfterEmiMort_Age,Deaths_AfterEmiMort_Size,N_GrowthOut_Class,Capture_Out,PackingDeaths_Immigration_Class,N_Immigration_Class,Deaths_AfterImmiMort_Age,Deaths_AfterImmiMort_Size
0,50.0,709,49.67222863158723,10.105273455169263,705,49.50362418683334,9.878030704289909,0,0,0,0,0,0,0,0,16,880,0,0
1,100.0,312,134.4593188156105,0.0,4,79.38876201945932,3.7941874241971987,709,0,15,694,0,0,0,0,0,5,0,0
2,150.0,202,181.34298546680154,5.684341886080802e-14,312,134.4593188156105,0.0,312,0,11,301,0,0,658,0,94,564,0,0
3,200.0,127,218.2598823281492,1.7053025658242404e-13,329,195.5935809117595,17.97243143590902,329,0,34,295,0,0,442,0,106,336,0,0
4,250.0,101,247.3287963277921,8.526512829121202e-14,141,253.82221349026892,10.318201285883994,141,0,29,112,0,0,176,0,33,143,0,0
5,300.0,40,270.2180918255228,0.0,72,296.825395326187,11.094564668401866,72,0,17,55,0,0,73,0,15,58,0,0
6,350.0,75,298.19857003855145,12.793943128864349,3,331.1547631353005,2.571863304394423,3,0,0,3,0,0,6,0,2,4,0,0
Totals,7,1566,NA,NA,1566,NA,NA,1566,0,106,1460,0,0,1355,0,266,1990,0,0
