Age,Class,N_Initial_Age,AgeSize_Mean,AgeSize_Std,N_Initial_Class,ClassSize_Mean,ClassSize_Std,N_GrowthBack_Class,Capture_Back,PackingDeaths_Emigration_Class,N_AfterEmigration_Class,Deaths_AfterEmiMort_Age,Deaths_AfterEmiMort_Size,N_GrowthOut_Class,Capture_Out,PackingDeaths_Immigration_Class,N_Immigration_Class,Deaths_AfterImmiMort_Age,Deaths_AfterImmiMort_Size
0,50.0,453,49.38462324503134,10.005610350198465,449,49.12640723724878,9.662558602217237,0,0,0,0,0,0,0,0,3,712,0,0
1,100.0,336,134.4593188156105,0.0,4,78.36937011862423,3.144126619645664,453,0,42,411,0,0,0,0,0,4,0,0
2,150.0,220,181.34298546680154,5.684341886080802e-14,336,134.4593188156105,0.0,336,0,9,327,0,0,380,0,25,355,0,0
3,200.0,85,218.25988232814925,1.1368683772161603e-13,305,191.6313009855378,16.55183514505635,305,0,44,261,0,0,474,0,117,357,0,0
4,250.0,65,247.32879632779216,2.842170943040401e-14,102,255.63177606716496,11.004993603530139,102,0,22,80,0,0,106,0,16,90,0,0
5,300.0,37,270.2180918255229,1.1368683772161603e-13,46,298.10312782763646,9.850071281676815,46,0,7,39,0,0,61,0,8,53,0,0
6,350.0,48,299.6781376555857,12.322066542940467,2,335.9033636984169,6.56718254593855,2,0,0,2,0,0,3,0,1,2,0,0
Totals,7,1244,NA,NA,1244,NA,NA,1244,0,124,1120,0,0,1024,0,170,1573,0,0
