Age,Class,N_Initial_Age,AgeSize_Mean,AgeSize_Std,N_Initial_Class,ClassSize_Mean,ClassSize_Std,N_GrowthBack_Class,Capture_Back,PackingDeaths_Emigration_Class,N_AfterEmigration_Class,Deaths_AfterEmiMort_Age,Deaths_AfterEmiMort_Size,N_GrowthOut_Class,Capture_Out,PackingDeaths_Immigration_Class,N_Immigration_Class,Deaths_AfterImmiMort_Age,Deaths_AfterImmiMort_Size
0,50.0,525,50.769923626242466,10.191443794893111,523,50.675620422309954,10.095940616130875,0,0,0,0,0,0,0,0,0,785,0,0
1,100.0,494,134.4593188156105,0.0,2,75.43021145459355,0.2626275910394682,525,0,6,519,0,0,0,0,0,6,0,0
2,150.0,228,181.34298546680157,8.526512829121202e-14,494,134.4593188156105,0.0,494,0,19,475,0,0,503,0,27,476,0,0
3,200.0,131,218.2598823281494,2.842170943040401e-14,359,194.81405368083094,17.77189795836315,359,0,35,324,0,0,628,0,229,399,0,0
4,250.0,87,247.32879632779208,1.1368683772161603e-13,131,255.01680397588487,10.810532699588622,131,0,16,115,0,0,177,0,24,153,0,0
5,300.0,44,270.21809182552283,5.684341886080802e-14,53,296.96191952545337,11.223213716822379,53,0,7,46,0,0,68,0,20,48,0,0
6,350.0,55,298.3164687028494,13.07160809087005,2,334.2120219038451,4.875840751366667,2,0,0,2,0,0,6,0,1,5,0,0
Totals,7,1564,NA,NA,1564,NA,NA,1564,0,83,1481,0,0,1382,0,301,1872,0,0
