Age,Class,N_Initial_Age,AgeSize_Mean,AgeSize_Std,N_Initial_Class,ClassSize_Mean,ClassSize_Std,N_GrowthBack_Class,Capture_Back,PackingDeaths_Emigration_Class,N_AfterEmigration_Class,Deaths_AfterEmiMort_Age,Deaths_AfterEmiMort_Size,N_GrowthOut_Class,Capture_Out,PackingDeaths_Immigration_Class,N_Immigration_Class,Deaths_AfterImmiMort_Age,Deaths_AfterImmiMort_Size
0,50.0,714,49.711194709234235,9.635544780444018,711,49.58998402995111,9.472506192140093,0,0,0,0,0,0,0,0,2,838,0,0
1,100.0,412,134.4593188156105,0.0,3,78.43812569933456,1.5694001127164747,714,0,62,652,0,0,0,0,0,7,0,0
2,150.0,293,181.3429854668015,2.842170943040401e-14,412,134.4593188156105,0.0,412,0,26,386,0,0,626,0,104,522,0,0
3,200.0,103,218.25988232814922,1.4210854715202004e-13,396,190.94510763023288,16.195054909323368,396,0,67,329,0,0,566,0,210,356,0,0
4,250.0,87,247.32879632779208,1.1368683772161603e-13,145,256.48451452688437,11.213418908244849,145,0,38,107,0,0,145,0,32,113,0,0
5,300.0,58,270.21809182552283,5.684341886080802e-14,53,295.0279928943547,9.48025780901548,53,0,14,39,0,0,69,0,23,46,0,0
6,350.0,58,298.1537277701022,13.67491842403225,5,331.28651745302506,3.9006726010933335,5,0,2,3,0,0,3,0,1,2,0,0
Totals,7,1725,NA,NA,1725,NA,NA,1725,0,209,1516,0,0,1409,0,372,1884,0,0
