Age,Class,N_Initial_Age,AgeSize_Mean,AgeSize_Std,N_Initial_Class,ClassSize_Mean,ClassSize_Std,N_GrowthBack_Class,Capture_Back,PackingDeaths_Emigration_Class,N_AfterEmigration_Class,Deaths_AfterEmiMort_Age,Deaths_AfterEmiMort_Size,N_GrowthOut_Class,Capture_Out,PackingDeaths_Immigration_Class,N_Immigration_Class,Deaths_AfterImmiMort_Age,Deaths_AfterImmiMort_Size
0,50.0,742,49.84154645487041,10.18117845717479,738,49.68676424827552,9.987534228199335,0,0,0,0,0,0,0,0,0,575,0,0
1,100.0,319,134.4593188156105,0.0,4,78.39886357162625,2.0714084869911025,742,0,0,742,0,0,0,0,0,4,0,0
2,150.0,188,181.34298546680154,5.684341886080802e-14,319,134.4593188156105,0.0,319,0,16,303,0,0,717,0,89,628,0,0
3,200.0,106,218.25988232814927,8.526512829121202e-14,294,194.6531591651106,17.725957964181877,294,0,5,289,0,0,446,0,80,366,0,0
4,250.0,55,247.32879632779222,2.842170943040401e-14,103,257.99565248207426,11.418187348743377,103,0,9,94,0,0,136,0,7,129,0,0
5,300.0,48,270.2180918255228,0.0,47,299.1273137420786,11.97645962649542,47,0,3,44,0,0,79,0,10,69,0,0
6,350.0,49,300.3603287384216,13.164677438600629,2,329.3361811524784,0.0,2,0,0,2,0,0,4,0,2,2,0,0
Totals,7,1507,NA,NA,1507,NA,NA,1507,0,33,1474,0,0,1382,0,188,1773,0,0
