Age,Class,N_Initial_Age,AgeSize_Mean,AgeSize_Std,N_Initial_Class,ClassSize_Mean,ClassSize_Std,N_GrowthBack_Class,Capture_Back,PackingDeaths_Emigration_Class,N_AfterEmigration_Class,Deaths_AfterEmiMort_Age,Deaths_AfterEmiMort_Size,N_GrowthOut_Class,Capture_Out,PackingDeaths_Immigration_Class,N_Immigration_Class,Deaths_AfterImmiMort_Age,Deaths_AfterImmiMort_Size
0,50.0,630,50.52096337002558,9.954462362433095,623,50.2258298340683,9.6096163191566,0,0,0,0,0,0,0,0,0,600,0,0
1,100.0,505,134.45931881561046,2.842170943040401e-14,7,76.78784807022318,1.3552920424890529,630,0,149,481,0,0,0,0,0,3,0,0
2,150.0,277,181.34298546680154,5.684341886080802e-14,505,134.45931881561046,2.842170943040401e-14,505,0,69,436,0,0,456,0,55,401,0,0
3,200.0,137,218.25988232814936,0.0,414,193.55944650546007,17.37100779649157,414,0,62,352,0,0,614,0,200,414,0,0
4,250.0,79,247.32879632779205,1.4210854715202004e-13,113,254.2158409908261,10.498010107045445,113,0,11,102,0,0,169,0,40,129,0,0
5,300.0,34,270.21809182552283,5.684341886080802e-14,53,295.3975111462844,9.079632268718989,53,0,8,45,0,0,70,0,9,61,0,0
6,350.0,60,300.0982781956016,15.730446979085103,7,335.6898001404318,7.919823599644355,7,0,3,4,0,0,4,0,0,4,0,0
Totals,7,1722,NA,NA,1722,NA,NA,1722,0,302,1420,0,0,1313,0,304,1612,0,0
