Age,Class,N_Initial_Age,AgeSize_Mean,AgeSize_Std,N_Initial_Class,ClassSize_Mean,ClassSize_Std,N_GrowthBack_Class,Capture_Back,PackingDeaths_Emigration_Class,N_AfterEmigration_Class,Deaths_AfterEmiMort_Age,Deaths_AfterEmiMort_Size,N_GrowthOut_Class,Capture_Out,PackingDeaths_Immigration_Class,N_Immigration_Class,Deaths_AfterImmiMort_Age,Deaths_AfterImmiMort_Size
0,50.0,651,49.851377031822274,9.859256002413241,650,49.809795133308,9.80963101378933,0,0,0,0,0,0,0,0,8,688,0,0
1,100.0,356,134.4593188156105,0.0,1,76.87961106610777,0.0,651,0,13,638,0,0,0,0,0,9,0,0
2,150.0,314,181.3429854668015,2.842170943040401e-14,356,134.4593188156105,0.0,356,0,11,345,0,0,581,0,77,504,0,0
3,200.0,116,218.25988232814925,1.1368683772161603e-13,430,191.30196229451394,16.3851548951574,430,0,102,328,0,0,541,0,127,414,0,0
4,250.0,75,247.32879632779213,5.684341886080802e-14,119,255.7920652513227,11.049495119481865,119,0,10,109,0,0,139,0,24,115,0,0
5,300.0,44,270.21809182552283,5.684341886080802e-14,48,300.096542915289,11.375924187036555,48,0,5,43,0,0,77,0,23,54,0,0
6,350.0,57,304.80904274130955,15.095801773876458,9,329.9423751467524,1.7145755362629487,9,0,3,6,0,0,7,0,0,7,0,0
Totals,7,1613,NA,NA,1613,NA,NA,1613,0,144,1469,0,0,1345,0,259,1791,0,0
