Age,Class,N_Initial_Age,AgeSize_Mean,AgeSize_Std,N_Initial_Class,ClassSize_Mean,ClassSize_Std,N_GrowthBack_Class,Capture_Back,PackingDeaths_Emigration_Class,N_AfterEmigration_Class,Deaths_AfterEmiMort_Age,Deaths_AfterEmiMort_Size,N_GrowthOut_Class,Capture_Out,PackingDeaths_Immigration_Class,N_Immigration_Class,Deaths_AfterImmiMort_Age,Deaths_AfterImmiMort_Size
0,50.0,605,50.11726106939046,9.873230653302652,605,50.11726106939046,9.873230653302652,0,0,0,0,0,0,0,0,63,789,0,0
1,100.0,416,134.4593188156105,0.0,0,nan,nan,605,0,7,598,0,0,0,0,0,3,0,0
2,150.0,274,181.3429854668015,2.842170943040401e-14,416,134.4593188156105,0.0,416,0,32,384,0,0,570,0,51,519,0,0
3,200.0,119,218.2598823281492,1.7053025658242404e-13,393,192.5213842619679,16.962169547920332,393,0,49,344,0,0,574,0,169,405,0,0
4,250.0,80,247.3287963277922,0.0,126,255.68520579521754,11.020106461040061,126,0,24,102,0,0,152,0,32,120,0,0
5,300.0,46,270.2180918255229,1.1368683772161603e-13,43,295.75644961237623,9.264145118904812,43,0,6,37,0,0,67,0,12,55,0,0
6,350.0,47,299.22720913280824,14.54932228124431,4,336.53787397745225,6.563418210760941,4,0,2,2,0,0,3,0,1,2,0,0
Totals,7,1587,NA,NA,1587,NA,NA,1587,0,120,1467,0,0,1366,0,328,1893,0,0
