Age,Class,N_Initial_Age,AgeSize_Mean,AgeSize_Std,N_Initial_Class,ClassSize_Mean,ClassSize_Std,N_GrowthBack_Class,Capture_Back,PackingDeaths_Emigration_Class,N_AfterEmigration_Class,Deaths_AfterEmiMort_Age,Deaths_AfterEmiMort_Size,N_GrowthOut_Class,Capture_Out,PackingDeaths_Immigration_Class,N_Immigration_Class,Deaths_AfterImmiMort_Age,Deaths_AfterImmiMort_Size
0,50.0,544,49.75116978092383,9.887264487026084,541,49.59875692396782,9.699236804243997,0,0,0,0,0,0,0,0,8,532,0,0
1,100.0,297,134.45931881561046,2.842170943040401e-14,3,77.23628831865828,1.506510981010822,544,0,34,510,0,0,0,0,0,4,0,0
2,150.0,161,181.3429854668015,2.842170943040401e-14,297,134.45931881561046,2.842170943040401e-14,297,0,30,267,0,0,485,0,62,423,0,0
3,200.0,103,218.25988232814922,1.4210854715202004e-13,264,195.74616871194857,18.007474635353596,264,0,37,227,0,0,370,0,63,307,0,0
4,250.0,79,247.32879632779205,1.4210854715202004e-13,123,255.51683699364696,10.971530084837465,123,0,23,100,0,0,144,0,20,124,0,0
5,300.0,44,270.21809182552283,5.684341886080802e-14,43,297.1993902258937,12.51056808778274,43,0,12,31,0,0,58,0,17,41,0,0
6,350.0,46,299.9113938198683,15.88621749826419,3,338.783445333504,3.142164903025199,3,0,0,3,0,0,5,0,0,5,0,0
Totals,7,1274,NA,NA,1274,NA,NA,1274,0,136,1138,0,0,1062,0,170,1436,0,0
