Age,Class,N_Initial_Age,AgeSize_Mean,AgeSize_Std,N_Initial_Class,ClassSize_Mean,ClassSize_Std,N_GrowthBack_Class,Capture_Back,PackingDeaths_Emigration_Class,N_AfterEmigration_Class,Deaths_AfterEmiMort_Age,Deaths_AfterEmiMort_Size,N_GrowthOut_Class,Capture_Out,PackingDeaths_Immigration_Class,N_Immigration_Class,Deaths_AfterImmiMort_Age,Deaths_AfterImmiMort_Size
0,50.0,672,50.35361050564159,10.086940252543464,669,50.23720210809336,9.958155978453686,0,0,0,0,0,0,0,0,7,525,0,0
1,100.0,535,134.45931881561052,2.842170943040401e-14,3,76.31268315889685,0.7239011469921496,672,0,80,592,0,0,0,0,0,5,0,0
2,150.0,252,181.3429854668015,2.842170943040401e-14,535,134.45931881561052,2.842170943040401e-14,535,0,34,501,0,0,564,0,35,529,0,0
3,200.0,135,218.2598823281494,2.842170943040401e-14,387,194.22097274401585,17.59468021256931,387,0,19,368,0,0,678,0,197,481,0,0
4,250.0,68,247.32879632779216,2.842170943040401e-14,96,254.00484084796358,10.403863962148765,96,0,4,92,0,0,171,0,19,152,0,0
5,300.0,28,270.2180918255227,5.684341886080802e-14,41,297.84147387596863,11.933727846289779,41,0,2,39,0,0,56,0,11,45,0,0
6,350.0,45,301.1133075547871,15.59416676487501,4,334.6496027626767,6.450005636090893,4,0,0,4,0,0,6,0,0,6,0,0
Totals,7,1735,NA,NA,1735,NA,NA,1735,0,139,1596,0,0,1475,0,269,1743,0,0
