Age,Class,N_Initial_Age,AgeSize_Mean,AgeSize_Std,N_Initial_Class,ClassSize_Mean,ClassSize_Std,N_GrowthBack_Class,Capture_Back,PackingDeaths_Emigration_Class,N_AfterEmigration_Class,Deaths_AfterEmiMort_Age,Deaths_AfterEmiMort_Size,N_GrowthOut_Class,Capture_Out,PackingDeaths_Immigration_Class,N_Immigration_Class,Deaths_AfterImmiMort_Age,Deaths_AfterImmiMort_Size
0,50.0,580,49.95568631664671,10.180998895503096,576,49.7466537485684,9.895887347351033,0,0,0,0,0,0,0,0,0,553,0,0
1,100.0,389,134.45931881561046,2.842170943040401e-14,4,80.05637611992368,3.94804920054682,580,0,0,580,0,0,0,0,0,4,0,0
2,150.0,232,181.34298546680154,5.684341886080802e-14,389,134.45931881561046,2.842170943040401e-14,389,0,0,389,0,0,557,0,21,536,0,0
3,200.0,108,218.25988232814925,1.1368683772161603e-13,340,193.06952917570024,17.187081697740023,340,0,16,324,0,0,547,0,106,441,0,0
4,250.0,68,247.32879632779216,2.842170943040401e-14,107,255.67162365874066,11.016291217583262,107,0,3,104,0,0,150,0,11,139,0,0
5,300.0,39,270.2180918255229,1.1368683772161603e-13,42,297.55633993375204,12.007049275740192,42,0,5,37,0,0,70,0,10,60,0,0
6,350.0,46,300.9460385462477,16.00076015151938,4,336.53787397745225,6.563418210760942,4,0,1,3,0,0,5,0,0,5,0,0
Totals,7,1462,NA,NA,1462,NA,NA,1462,0,25,1437,0,0,1329,0,148,1738,0,0
