Age,Class,N_Initial_Age,AgeSize_Mean,AgeSize_Std,N_Initial_Class,ClassSize_Mean,ClassSize_Std,N_GrowthBack_Class,Capture_Back,PackingDeaths_Emigration_Class,N_AfterEmigration_Class,Deaths_AfterEmiMort_Age,Deaths_AfterEmiMort_Size,N_GrowthOut_Class,Capture_Out,PackingDeaths_Immigration_Class,N_Immigration_Class,Deaths_AfterImmiMort_Age,Deaths_AfterImmiMort_Size
0,50.0,628,50.28979962477296,10.042311644376435,624,50.10185518551929,9.780234950777908,0,0,0,0,0,0,0,0,0,493,0,0
1,100.0,503,134.4593188156105,0.0,4,79.60913214834551,6.792543220385556,628,0,37,553,0,0,0,0,0,3,0,0
2,150.0,204,181.34298546680157,8.526512829121202e-14,503,134.4593188156105,0.0,503,0,44,455,0,0,506,0,98,408,0,0
3,200.0,136,218.25988232814936,0.0,340,196.10974421134065,18.085512039451224,340,0,23,316,0,0,595,0,224,371,0,0
4,250.0,54,247.32879632779222,2.842170943040401e-14,93,256.92753314942104,11.294803005998684,93,0,8,85,0,0,160,0,39,121,0,0
5,300.0,39,270.2180918255229,1.1368683772161603e-13,46,299.34020428365386,11.803387296842667,46,0,11,35,0,0,60,0,11,49,0,0
6,350.0,49,301.69811352041995,14.786237779822352,3,337.85272181749843,6.508349028569125,3,0,0,3,0,0,7,0,1,6,0,0
Totals,7,1613,NA,NA,1613,NA,NA,1613,0,123,1447,0,0,1328,0,373,1451,0,0
