Age,Class,N_Initial_Age,AgeSize_Mean,AgeSize_Std,N_Initial_Class,ClassSize_Mean,ClassSize_Std,N_GrowthBack_Class,Capture_Back,PackingDeaths_Emigration_Class,N_AfterEmigration_Class,Deaths_AfterEmiMort_Age,Deaths_AfterEmiMort_Size,N_GrowthOut_Class,Capture_Out,PackingDeaths_Immigration_Class,N_Immigration_Class,Deaths_AfterImmiMort_Age,Deaths_AfterImmiMort_Size
0,50.0,737,49.92708584298022,10.404586317678673,733,49.77319022210592,10.219518797615436,0,0,0,0,0,0,0,0,16,497,0,0
1,100.0,315,134.4593188156105,0.0,4,78.12845836819416,2.834795064600475,737,0,41,696,0,0,0,0,0,3,0,0
2,150.0,213,181.3429854668016,1.1368683772161603e-13,315,134.4593188156105,0.0,315,0,10,305,0,0,656,0,112,544,0,0
3,200.0,154,218.25988232814936,0.0,367,196.83399940862049,18.218360272598723,367,0,41,326,0,0,450,0,82,368,0,0
4,250.0,77,247.3287963277921,8.526512829121202e-14,128,256.44875000266916,11.2060590556168,128,0,27,101,0,0,167,0,44,123,0,0
5,300.0,51,270.21809182552283,5.684341886080802e-14,39,295.6611574284149,9.989057627004257,39,0,11,28,0,0,69,0,20,49,0,0
6,350.0,39,295.6611574284149,9.989057627004257,0,nan,nan,0,0,0,0,0,0,1,0,1,0,0,0
Totals,7,1586,NA,NA,1586,NA,NA,1586,0,130,1456,0,0,1343,0,275,1584,0,0
