Age,Class,N_Initial_Age,AgeSize_Mean,AgeSize_Std,N_Initial_Class,ClassSize_Mean,ClassSize_Std,N_GrowthBack_Class,Capture_Back,PackingDeaths_Emigration_Class,N_AfterEmigration_Class,Deaths_AfterEmiMort_Age,Deaths_AfterEmiMort_Size,N_GrowthOut_Class,Capture_Out,PackingDeaths_Immigration_Class,N_Immigration_Class,Deaths_AfterImmiMort_Age,Deaths_AfterImmiMort_Size
0,50.0,531,49.683078198025946,10.026069249406817,530,49.63049301167724,9.962098508774766,0,0,0,0,0,0,0,0,8,512,0,0
1,100.0,350,134.4593188156105,0.0,1,77.55322696284023,0.0,531,0,0,531,0,0,0,0,0,3,0,0
2,150.0,202,181.34298546680154,5.684341886080802e-14,350,134.4593188156105,0.0,350,0,32,318,0,0,492,0,77,415,0,0
3,200.0,127,218.2598823281492,1.7053025658242404e-13,329,195.59358091175952,17.972431435909016,329,0,46,283,0,0,458,0,105,353,0,0
4,250.0,59,247.3287963277922,0.0,98,256.4378016789298,11.203782249113228,98,0,8,90,0,0,136,0,31,105,0,0
5,300.0,39,270.2180918255229,1.1368683772161603e-13,35,295.3422263181741,10.346324831167568,35,0,5,30,0,0,60,0,10,50,0,0
6,350.0,40,299.83526271003046,15.390879467901266,5,331.28651745302506,3.9006726010933335,5,0,1,4,0,0,2,0,0,2,0,0
Totals,7,1348,NA,NA,1348,NA,NA,1348,0,92,1256,0,0,1148,0,231,1440,0,0
