Age,Class,N_Initial_Age,AgeSize_Mean,AgeSize_Std,N_Initial_Class,ClassSize_Mean,ClassSize_Std,N_GrowthBack_Class,Capture_Back,PackingDeaths_Emigration_Class,N_AfterEmigration_Class,Deaths_AfterEmiMort_Age,Deaths_AfterEmiMort_Size,N_GrowthOut_Class,Capture_Out,PackingDeaths_Immigration_Class,N_Immigration_Class,Deaths_AfterImmiMort_Age,Deaths_AfterImmiMort_Size
0,50.0,624,49.81380091838246,10.18547673186818,620,49.62595720557475,9.942868145382606,0,0,0,0,0,0,0,0,29,667,0,0
1,100.0,318,134.4593188156105,0.0,4,78.92957640357707,2.7311682705692126,624,0,7,617,0,0,0,0,0,4,0,0
2,150.0,216,181.3429854668015,2.842170943040401e-14,318,134.4593188156105,0.0,318,0,8,310,0,0,580,0,45,535,0,0
3,200.0,111,218.25988232814922,1.4210854715202004e-13,327,193.8744091720297,17.480980989973183,327,0,13,314,0,0,475,0,89,386,0,0
4,250.0,61,247.3287963277922,0.0,102,256.52939549844854,11.222486715262622,102,0,11,91,0,0,147,0,22,125,0,0
5,300.0,41,270.21809182552283,5.684341886080802e-14,43,296.93950904784566,12.280970011419107,43,0,4,39,0,0,63,0,16,47,0,0
6,350.0,48,300.541485139931,15.73003809101909,5,331.51847953186495,2.672758747999873,5,0,0,5,0,0,8,0,1,7,0,0
Totals,7,1419,NA,NA,1419,NA,NA,1419,0,43,1376,0,0,1273,0,202,1771,0,0
