Age,Class,N_Initial_Age,AgeSize_Mean,AgeSize_Std,N_Initial_Class,ClassSize_Mean,ClassSize_Std,N_GrowthBack_Class,Capture_Back,PackingDeaths_Emigration_Class,N_AfterEmigration_Class,Deaths_AfterEmiMort_Age,Deaths_AfterEmiMort_Size,N_GrowthOut_Class,Capture_Out,PackingDeaths_Immigration_Class,N_Immigration_Class,Deaths_AfterImmiMort_Age,Deaths_AfterImmiMort_Size
0,50.0,471,49.137173726335234,10.123355412902672,467,48.89487920457351,9.816817311613551,0,0,0,0,0,0,0,0,0,494,0,0
1,100.0,432,134.4593188156105,0.0,4,77.4250591420164,3.0081908995602653,471,0,27,444,0,0,0,0,0,4,0,0
2,150.0,192,181.34298546680154,5.684341886080802e-14,432,134.4593188156105,0.0,432,0,47,385,0,0,410,0,38,372,0,0
3,200.0,129,218.25988232814936,0.0,321,196.17874775687588,18.099460312245697,321,0,66,255,0,0,485,0,134,351,0,0
4,250.0,57,247.32879632779216,2.842170943040401e-14,96,256.6275726237452,11.241672375727008,96,0,10,86,0,0,144,0,27,117,0,0
5,300.0,39,270.2180918255229,1.1368683772161603e-13,42,295.5914840865927,10.794967270427199,42,0,3,39,0,0,65,0,15,50,0,0
6,350.0,47,299.91987293310524,16.219870188343638,5,336.2783392438117,3.849240065808865,5,0,1,4,0,0,5,0,2,3,0,0
Totals,7,1367,NA,NA,1367,NA,NA,1367,0,154,1213,0,0,1109,0,216,1391,0,0
