Age,Class,N_Initial_Age,AgeSize_Mean,AgeSize_Std,N_Initial_Class,ClassSize_Mean,ClassSize_Std,N_GrowthBack_Class,Capture_Back,PackingDeaths_Emigration_Class,N_AfterEmigration_Class,Deaths_AfterEmiMort_Age,Deaths_AfterEmiMort_Size,N_GrowthOut_Class,Capture_Out,PackingDeaths_Immigration_Class,N_Immigration_Class,Deaths_AfterImmiMort_Age,Deaths_AfterImmiMort_Size
0,50.0,511,50.86242299822881,9.503888165253825,510,50.801759672502975,9.413845970207667,0,0,0,0,0,0,0,0,31,665,0,0
1,100.0,477,134.45931881561046,2.842170943040401e-14,1,81.80071911840267,0.0,511,0,7,504,0,0,0,0,0,3,0,0
2,150.0,242,181.34298546680154,5.684341886080802e-14,477,134.45931881561046,2.842170943040401e-14,477,0,26,451,0,0,477,0,54,423,0,0
3,200.0,116,218.25988232814925,1.1368683772161603e-13,358,193.30488500846732,17.277417949467342,358,0,49,309,0,0,608,0,159,449,0,0
4,250.0,81,247.32879632779216,2.842170943040401e-14,126,255.50354471983871,10.967575862144031,126,0,15,111,0,0,156,0,20,136,0,0
5,300.0,45,270.2180918255229,1.1368683772161603e-13,51,297.5745290219748,10.269339637984165,51,0,9,42,0,0,74,0,22,52,0,0
6,350.0,53,299.02090014184057,12.50811482714329,2,335.9033636984169,6.56718254593855,2,0,0,2,0,0,2,0,1,1,0,0
Totals,7,1525,NA,NA,1525,NA,NA,1525,0,106,1419,0,0,1317,0,287,1729,0,0
