Age,Class,N_Initial_Age,AgeSize_Mean,AgeSize_Std,N_Initial_Class,ClassSize_Mean,ClassSize_Std,N_GrowthBack_Class,Capture_Back,PackingDeaths_Emigration_Class,N_AfterEmigration_Class,Deaths_AfterEmiMort_Age,Deaths_AfterEmiMort_Size,N_GrowthOut_Class,Capture_Out,PackingDeaths_Immigration_Class,N_Immigration_Class,Deaths_AfterImmiMort_Age,Deaths_AfterImmiMort_Size
0,50.0,584,49.11243137340004,9.326257634800413,583,49.06481459914397,9.26305225726977,0,0,0,0,0,0,0,0,5,582,0,0
1,100.0,320,134.4593188156105,0.0,1,76.87301076468916,0.0,584,0,13,571,0,0,0,0,0,7,0,0
2,150.0,228,181.34298546680157,8.526512829121202e-14,320,134.4593188156105,0.0,320,0,15,305,0,0,542,0,64,478,0,0
3,200.0,120,218.25988232814927,8.526512829121202e-14,348,194.07294990174907,17.54704503836916,348,0,54,294,0,0,451,0,104,347,0,0
4,250.0,89,247.32879632779216,2.842170943040401e-14,132,254.7851577399317,10.727233296236912,132,0,32,100,0,0,152,0,23,129,0,0
5,300.0,43,270.21809182552283,5.684341886080802e-14,50,296.97781163337413,11.1773906171313,50,0,10,40,0,0,64,0,26,38,0,0
6,350.0,53,299.0572356644909,13.859978954412979,3,333.7143028497707,6.19159908203078,3,0,1,2,0,0,5,0,1,4,0,0
Totals,7,1437,NA,NA,1437,NA,NA,1437,0,125,1312,0,0,1214,0,223,1585,0,0
