Age,Class,N_Initial_Age,AgeSize_Mean,AgeSize_Std,N_Initial_Class,ClassSize_Mean,ClassSize_Std,N_GrowthBack_Class,Capture_Back,PackingDeaths_Emigration_Class,N_AfterEmigration_Class,Deaths_AfterEmiMort_Age,Deaths_AfterEmiMort_Size,N_GrowthOut_Class,Capture_Out,PackingDeaths_Immigration_Class,N_Immigration_Class,Deaths_AfterImmiMort_Age,Deaths_AfterImmiMort_Size
0,50.0,640,49.82686146627477,10.278150190015838,636,49.64841172244291,10.059509871602327,0,0,0,0,0,0,0,0,12,587,0,0
1,100.0,346,134.4593188156105,0.0,4,78.20037073553999,1.5923757748555813,640,0,55,585,0,0,0,0,0,3,0,0
2,150.0,239,181.34298546680157,8.526512829121202e-14,346,134.4593188156105,0.0,346,0,38,308,0,0,571,0,70,501,0,0
3,200.0,120,218.25988232814927,8.526512829121202e-14,359,193.68289528117964,17.414873059219985,359,0,52,307,0,0,464,0,88,376,0,0
4,250.0,86,247.32879632779208,1.1368683772161603e-13,126,254.59523934294467,10.654696959500445,126,0,7,119,0,0,168,0,26,142,0,0
5,300.0,40,270.2180918255228,0.0,47,297.81011343288844,11.55815041318348,47,0,9,38,0,0,64,0,12,52,0,0
6,350.0,51,300.6651650776694,14.857851469381963,4,334.2120219038451,4.875840751366667,4,0,0,4,0,0,6,0,1,5,0,0
Totals,7,1522,NA,NA,1522,NA,NA,1522,0,161,1361,0,0,1273,0,209,1666,0,0
