Age,Class,N_Initial_Age,AgeSize_Mean,AgeSize_Std,N_Initial_Class,ClassSize_Mean,ClassSize_Std,N_GrowthBack_Class,Capture_Back,PackingDeaths_Emigration_Class,N_AfterEmigration_Class,Deaths_AfterEmiMort_Age,Deaths_AfterEmiMort_Size,N_GrowthOut_Class,Capture_Out,PackingDeaths_Immigration_Class,N_Immigration_Class,Deaths_AfterImmiMort_Age,Deaths_AfterImmiMort_Size
0,50.0,486,49.992395745192916,10.589134350642524,481,49.690306167510805,10.213241406964078,0,0,0,0,0,0,0,0,0,456,0,0
1,100.0,526,134.4593188156105,0.0,5,79.0534131182122,3.3227487408270844,486,0,13,473,0,0,0,0,0,6,0,0
2,150.0,292,181.3429854668015,2.842170943040401e-14,526,134.4593188156105,0.0,526,0,37,489,0,0,462,0,30,432,0,0
3,200.0,148,218.25988232814936,0.0,440,193.76048713834578,17.44194027971688,440,0,64,376,0,0,672,0,241,431,0,0
4,250.0,71,247.3287963277921,8.526512829121202e-14,114,255.96247796290106,11.094071912644193,114,0,12,102,0,0,168,0,22,146,0,0
5,300.0,43,270.21809182552283,5.684341886080802e-14,37,300.5698473956222,12.262972344136918,37,0,4,33,0,0,65,0,20,45,0,0
6,350.0,38,301.32685617869737,12.947061998448573,1,329.3361811524784,0.0,1,0,0,1,0,0,5,0,0,5,0,0
Totals,7,1604,NA,NA,1604,NA,NA,1604,0,130,1474,0,0,1372,0,313,1521,0,0
