Age,Class,N_Initial_Age,AgeSize_Mean,AgeSize_Std,N_Initial_Class,ClassSize_Mean,ClassSize_Std,N_GrowthBack_Class,Capture_Back,PackingDeaths_Emigration_Class,N_AfterEmigration_Class,Deaths_AfterEmiMort_Age,Deaths_AfterEmiMort_Size,N_GrowthOut_Class,Capture_Out,PackingDeaths_Immigration_Class,N_Immigration_Class,Deaths_AfterImmiMort_Age,Deaths_AfterImmiMort_Size
0,50.0,582,49.397649331009596,9.756362804624533,578,49.20089586957523,9.497338730025467,0,0,0,0,0,0,0,0,0,478,0,0
1,100.0,483,134.4593188156105,0.0,4,77.82852450827593,1.387250841024983,582,0,0,582,0,0,0,0,0,3,0,0
2,150.0,246,181.34298546680157,8.526512829121202e-14,483,134.4593188156105,0.0,483,0,0,483,0,0,557,0,32,525,0,0
3,200.0,157,218.2598823281493,5.684341886080802e-14,403,195.7250023581951,18.002694919744922,403,0,31,372,0,0,641,0,171,470,0,0
4,250.0,74,247.32879632779213,5.684341886080802e-14,104,253.93147772136825,10.369924006946976,104,0,2,102,0,0,196,0,25,171,0,0
5,300.0,30,270.2180918255227,5.684341886080802e-14,48,299.6885331787833,11.892878194564569,48,0,11,37,0,0,56,0,7,49,0,0
6,350.0,51,301.43251247135356,13.48272745632155,3,329.3361811524784,0.0,3,0,0,3,0,0,5,0,0,5,0,0
Totals,7,1623,NA,NA,1623,NA,NA,1623,0,44,1579,0,0,1455,0,235,1701,0,0
