Age,Class,N_Initial_Age,AgeSize_Mean,AgeSize_Std,N_Initial_Class,ClassSize_Mean,ClassSize_Std,N_GrowthBack_Class,Capture_Back,PackingDeaths_Emigration_Class,N_AfterEmigration_Class,Deaths_AfterEmiMort_Age,Deaths_AfterEmiMort_Size,N_GrowthOut_Class,Capture_Out,PackingDeaths_Immigration_Class,N_Immigration_Class,Deaths_AfterImmiMort_Age,Deaths_AfterImmiMort_Size
0,50.0,693,49.52753933574721,10.286254877167416,691,49.44084566679866,10.173555089742429,0,0,0,0,0,0,0,0,0,711,0,0
1,100.0,429,134.45931881561046,2.842170943040401e-14,2,79.48020195747497,1.6455527659900682,693,0,7,686,0,0,0,0,0,3,0,0
2,150.0,247,181.34298546680157,8.526512829121202e-14,429,134.45931881561046,2.842170943040401e-14,429,0,17,412,0,0,659,0,53,606,0,0
3,200.0,115,218.25988232814925,1.1368683772161603e-13,362,193.07072894485404,17.187551579809337,362,0,39,323,0,0,590,0,162,428,0,0
4,250.0,51,247.3287963277922,0.0,91,257.3900251180034,11.360726828880447,91,0,7,84,0,0,130,0,23,107,0,0
5,300.0,40,270.2180918255228,0.0,44,298.66822459047273,10.741296255486095,44,0,9,35,0,0,62,0,13,49,0,0
6,350.0,49,302.7674531503621,15.968688317665915,5,338.84066447738786,5.876855690236639,5,0,1,4,0,0,5,0,0,5,0,0
Totals,7,1624,NA,NA,1624,NA,NA,1624,0,80,1544,0,0,1446,0,251,1909,0,0
