Age,Class,N_Initial_Age,AgeSize_Mean,AgeSize_Std,N_Initial_Class,ClassSize_Mean,ClassSize_Std,N_GrowthBack_Class,Capture_Back,PackingDeaths_Emigration_Class,N_AfterEmigration_Class,Deaths_AfterEmiMort_Age,Deaths_AfterEmiMort_Size,N_GrowthOut_Class,Capture_Out,PackingDeaths_Immigration_Class,N_Immigration_Class,Deaths_AfterImmiMort_Age,Deaths_AfterImmiMort_Size
0,50.0,709,50.14349958205072,10.116617225033172,701,49.824504925151075,9.717466415033075,0,0,0,0,0,0,0,0,0,501,0,0
1,100.0,405,134.45931881561046,2.842170943040401e-14,8,78.0954063928823,2.414355563057155,709,0,56,653,0,0,0,0,0,2,0,0
2,150.0,235,181.34298546680157,8.526512829121202e-14,405,134.45931881561046,2.842170943040401e-14,405,0,35,370,0,0,624,0,95,529,0,0
3,200.0,156,218.2598823281493,5.684341886080802e-14,391,196.07197756493522,18.07776186178822,391,0,69,322,0,0,516,0,121,395,0,0
4,250.0,61,247.3287963277922,0.0,104,256.79263965858456,11.271928670504908,104,0,5,99,0,0,172,0,34,138,0,0
5,300.0,43,270.21809182552283,5.684341886080802e-14,44,298.9367758595019,10.776792264031632,44,0,10,34,0,0,63,0,10,53,0,0
6,350.0,50,303.6718323605582,16.4700198811696,6,338.39558003497103,6.218323995468486,6,0,1,5,0,0,7,0,2,5,0,0
Totals,7,1659,NA,NA,1659,NA,NA,1659,0,176,1483,0,0,1382,0,262,1623,0,0
