Age,Class,N_Initial_Age,AgeSize_Mean,AgeSize_Std,N_Initial_Class,ClassSize_Mean,ClassSize_Std,N_GrowthBack_Class,Capture_Back,PackingDeaths_Emigration_Class,N_AfterEmigration_Class,Deaths_AfterEmiMort_Age,Deaths_AfterEmiMort_Size,N_GrowthOut_Class,Capture_Out,PackingDeaths_Immigration_Class,N_Immigration_Class,Deaths_AfterImmiMort_Age,Deaths_AfterImmiMort_Size
0,50.0,443,50.93978445762122,10.40730406734683,437,50.56629754848317,9.97006322276993,0,0,0,0,0,0,0,0,0,610,0,0
1,100.0,383,134.4593188156105,0.0,6,78.14208100650951,2.6681512241897396,443,0,21,422,0,0,0,0,0,2,0,0
2,150.0,250,181.3429854668015,2.842170943040401e-14,383,134.4593188156105,0.0,383,0,7,376,0,0,409,0,13,396,0,0
3,200.0,137,218.25988232814936,0.0,387,194.4117577407153,17.654056457174395,387,0,25,362,0,0,555,0,149,406,0,0
4,250.0,79,247.32879632779205,1.4210854715202004e-13,127,255.97986864189497,11.098463784952381,127,0,0,127,0,0,188,0,43,145,0,0
5,300.0,48,270.2180918255228,0.0,43,298.46431742782164,12.364856356151192,43,0,5,38,0,0,72,0,23,49,0,0
6,350.0,48,301.7937979397331,15.25760594981459,5,330.4273303421716,2.182298379386566,5,0,0,5,0,0,7,0,1,6,0,0
Totals,7,1388,NA,NA,1388,NA,NA,1388,0,58,1330,0,0,1231,0,229,1614,0,0
