Age,Class,N_Initial_Age,AgeSize_Mean,AgeSize_Std,N_Initial_Class,ClassSize_Mean,ClassSize_Std,N_GrowthBack_Class,Capture_Back,PackingDeaths_Emigration_Class,N_AfterEmigration_Class,Deaths_AfterEmiMort_Age,Deaths_AfterEmiMort_Size,N_GrowthOut_Class,Capture_Out,PackingDeaths_Immigration_Class,N_Immigration_Class,Deaths_AfterImmiMort_Age,Deaths_AfterImmiMort_Size
0,50.0,668,49.93324955372058,9.837307111341858,664,49.76879050299772,9.63467139049847,0,0,0,0,0,0,0,0,81,547,0,0
1,100.0,313,134.45931881561046,2.842170943040401e-14,4,77.23345197371395,1.4039401875766462,668,0,16,652,0,0,0,0,0,6,0,0
2,150.0,198,181.34298546680157,8.526512829121202e-14,313,134.45931881561046,2.842170943040401e-14,313,0,27,286,0,0,620,0,96,524,0,0
3,200.0,122,218.25988232814925,1.1368683772161603e-13,320,195.4175523951904,17.930306786047254,320,0,41,279,0,0,412,0,101,311,0,0
4,250.0,48,247.32879632779216,2.842170943040401e-14,76,255.76169466906126,11.041255707638136,76,0,10,66,0,0,134,0,16,118,0,0
5,300.0,28,270.2180918255227,5.684341886080802e-14,50,300.0089957623023,11.965666766688356,50,0,13,37,0,0,56,0,13,43,0,0
6,350.0,52,301.54568917040126,14.061810100824795,2,339.963024372875,5.1710972719301935,2,0,0,2,0,0,4,0,1,3,0,0
Totals,7,1429,NA,NA,1429,NA,NA,1429,0,107,1322,0,0,1226,0,308,1552,0,0
