Age,Class,N_Initial_Age,AgeSize_Mean,AgeSize_Std,N_Initial_Class,ClassSize_Mean,ClassSize_Std,N_GrowthBack_Class,Capture_Back,PackingDeaths_Emigration_Class,N_AfterEmigration_Class,Deaths_AfterEmiMort_Age,Deaths_AfterEmiMort_Size,N_GrowthOut_Class,Capture_Out,PackingDeaths_Immigration_Class,N_Immigration_Class,Deaths_AfterImmiMort_Age,Deaths_AfterImmiMort_Size
0,50.0,399,50.62200439872352,10.306198373734645,395,50.315960309352356,9.887411743455866,0,0,0,0,0,0,0,0,27,578,0,0
1,100.0,391,134.4593188156105,0.0,4,80.84385822412554,4.326480386895458,399,0,22,377,0,0,0,0,0,3,0,0
2,150.0,189,181.34298546680157,8.526512829121202e-14,391,134.4593188156105,0.0,391,0,22,369,0,0,359,0,33,326,0,0
3,200.0,111,218.25988232814922,1.4210854715202004e-13,300,195.00223730550022,17.823636849403734,300,0,57,243,0,0,466,0,140,326,0,0
4,250.0,76,247.3287963277921,8.526512829121202e-14,109,254.2585830381142,10.516462898629564,109,0,14,95,0,0,144,0,37,107,0,0
5,300.0,33,270.2180918255228,0.0,38,298.47433702060897,12.356604865853559,38,0,5,33,0,0,52,0,15,37,0,0
6,350.0,42,301.4135602712633,14.839643076160426,4,329.3361811524784,0.0,4,0,0,4,0,0,6,0,2,4,0,0
Totals,7,1241,NA,NA,1241,NA,NA,1241,0,120,1121,0,0,1027,0,254,1381,0,0
