Age,Class,N_Initial_Age,AgeSize_Mean,AgeSize_Std,N_Initial_Class,ClassSize_Mean,ClassSize_Std,N_GrowthBack_Class,Capture_Back,PackingDeaths_Emigration_Class,N_AfterEmigration_Class,Deaths_AfterEmiMort_Age,Deaths_AfterEmiMort_Size,N_GrowthOut_Class,Capture_Out,PackingDeaths_Immigration_Class,N_Immigration_Class,Deaths_AfterImmiMort_Age,Deaths_AfterImmiMort_Size
0,50.0,620,49.75071176723323,10.248481381810452,618,49.65889741341286,10.136890614074447,0,0,0,0,0,0,0,0,37,624,0,0
1,100.0,420,134.4593188156105,0.0,2,78.12134709772512,0.6728724344977053,620,0,10,610,0,0,0,0,0,2,0,0
2,150.0,237,181.34298546680157,8.526512829121202e-14,420,134.4593188156105,0.0,420,0,24,396,0,0,575,0,81,494,0,0
3,200.0,115,218.25988232814925,1.1368683772161603e-13,352,193.40390347548052,17.31432710120432,352,0,52,300,0,0,539,0,116,423,0,0
4,250.0,80,247.3287963277922,0.0,115,254.29510365318836,10.532066708254874,115,0,21,94,0,0,154,0,26,128,0,0
5,300.0,35,270.21809182552283,5.684341886080802e-14,54,297.84701883440795,11.999543275436546,54,0,10,44,0,0,61,0,14,47,0,0
6,350.0,58,300.4490146658944,15.052112871987061,4,335.57595839096166,4.006758920004264,4,0,1,3,0,0,8,0,2,6,0,0
Totals,7,1565,NA,NA,1565,NA,NA,1565,0,118,1447,0,0,1337,0,276,1724,0,0
