Age,Class,N_Initial_Age,AgeSize_Mean,AgeSize_Std,N_Initial_Class,ClassSize_Mean,ClassSize_Std,N_GrowthBack_Class,Capture_Back,PackingDeaths_Emigration_Class,N_AfterEmigration_Class,Deaths_AfterEmiMort_Age,Deaths_AfterEmiMort_Size,N_GrowthOut_Class,Capture_Out,PackingDeaths_Immigration_Class,N_Immigration_Class,Deaths_AfterImmiMort_Age,Deaths_AfterImmiMort_Size
0,50.0,706,50.157740873059765,10.333119917869691,700,49.919913445264825,10.0489299716464,0,0,0,0,0,0,0,0,9,729,0,0
1,100.0,372,134.4593188156105,0.0,6,77.90427411580194,2.466029369458176,706,0,47,659,0,0,0,0,0,2,0,0
2,150.0,234,181.34298546680154,5.684341886080802e-14,372,134.4593188156105,0.0,372,0,20,352,0,0,641,0,96,545,0,0
3,200.0,135,218.2598823281494,2.842170943040401e-14,369,194.8491672453434,17.781714581952727,369,0,61,308,0,0,507,0,145,362,0,0
4,250.0,89,247.32879632779216,2.842170943040401e-14,135,255.1281118307225,10.84857202180798,135,0,21,114,0,0,172,0,28,144,0,0
5,300.0,46,270.2180918255229,1.1368683772161603e-13,43,298.70022038037007,11.692240333105872,43,0,5,38,0,0,67,0,13,54,0,0
6,350.0,48,302.3219490732911,15.385573014250753,5,333.4688158324116,3.721082446015745,5,0,2,3,0,0,5,0,1,4,0,0
Totals,7,1630,NA,NA,1630,NA,NA,1630,0,156,1474,0,0,1392,0,292,1840,0,0
