Age,Class,N_Initial_Age,AgeSize_Mean,AgeSize_Std,N_Initial_Class,ClassSize_Mean,ClassSize_Std,N_GrowthBack_Class,Capture_Back,PackingDeaths_Emigration_Class,N_AfterEmigration_Class,Deaths_AfterEmiMort_Age,Deaths_AfterEmiMort_Size,N_GrowthOut_Class,Capture_Out,PackingDeaths_Immigration_Class,N_Immigration_Class,Deaths_AfterImmiMort_Age,Deaths_AfterImmiMort_Size
0,50.0,565,49.96362032230877,10.11296569645439,560,49.71406904257268,9.802516677040456,0,0,0,0,0,0,0,0,0,561,0,0
1,100.0,394,134.4593188156105,0.0,5,77.91336365275046,2.564396578625425,565,0,0,565,0,0,0,0,0,3,0,0
2,150.0,240,181.34298546680154,5.684341886080802e-14,394,134.4593188156105,0.0,394,0,10,384,0,0,544,0,70,474,0,0
3,200.0,130,218.25988232814936,0.0,370,194.3137870667345,17.623848919260187,370,0,52,318,0,0,540,0,174,366,0,0
4,250.0,71,247.3287963277921,8.526512829121202e-14,108,255.17049941497757,10.862723040770225,108,0,4,104,0,0,161,0,22,139,0,0
5,300.0,37,270.2180918255229,1.1368683772161603e-13,41,298.7388719066993,10.975855434445112,41,0,5,36,0,0,62,0,11,51,0,0
6,350.0,42,299.46737926969405,11.805114379187959,1,329.3361811524784,0.0,1,0,0,1,0,0,3,0,0,3,0,0
Totals,7,1479,NA,NA,1479,NA,NA,1479,0,71,1408,0,0,1310,0,277,1597,0,0
