Age,Class,N_Initial_Age,AgeSize_Mean,AgeSize_Std,N_Initial_Class,ClassSize_Mean,ClassSize_Std,N_GrowthBack_Class,Capture_Back,PackingDeaths_Emigration_Class,N_AfterEmigration_Class,Deaths_AfterEmiMort_Age,Deaths_AfterEmiMort_Size,N_GrowthOut_Class,Capture_Out,PackingDeaths_Immigration_Class,N_Immigration_Class,Deaths_AfterImmiMort_Age,Deaths_AfterImmiMort_Size
0,50.0,733,49.50997113609491,9.92886610210328,728,49.30291676562224,9.637501413440877,0,0,0,0,0,0,0,0,30,779,0,0
1,100.0,443,134.4593188156105,0.0,5,79.65708747691674,3.681002495867674,733,0,43,690,0,0,0,0,0,3,0,0
2,150.0,249,181.3429854668015,2.842170943040401e-14,443,134.4593188156105,0.0,443,0,27,416,0,0,653,0,102,551,0,0
3,200.0,116,218.25988232814925,1.1368683772161603e-13,365,193.0754787158874,17.18941084979698,365,0,49,316,0,0,560,0,140,420,0,0
4,250.0,72,247.3287963277922,0.0,123,256.81947982685114,11.276612337315068,123,0,24,99,0,0,157,0,31,126,0,0
5,300.0,51,270.21809182552283,5.684341886080802e-14,37,298.03744641625036,11.221356005826669,37,0,2,35,0,0,65,0,20,45,0,0
6,350.0,42,302.30342384813287,15.981031201889868,5,333.8716568440632,9.070951383169632,5,0,3,2,0,0,4,0,0,4,0,0
Totals,7,1706,NA,NA,1706,NA,NA,1706,0,148,1558,0,0,1439,0,323,1928,0,0
