Age,Class,N_Initial_Age,AgeSize_Mean,AgeSize_Std,N_Initial_Class,ClassSize_Mean,ClassSize_Std,N_GrowthBack_Class,Capture_Back,PackingDeaths_Emigration_Class,N_AfterEmigration_Class,Deaths_AfterEmiMort_Age,Deaths_AfterEmiMort_Size,N_GrowthOut_Class,Capture_Out,PackingDeaths_Immigration_Class,N_Immigration_Class,Deaths_AfterImmiMort_Age,Deaths_AfterImmiMort_Size
0,50.0,674,50.62651566463558,9.65618222816401,671,50.495299425416725,9.47375528577132,0,0,0,0,0,0,0,0,0,664,0,0
1,100.0,239,134.4593188156105,0.0,3,79.9752145032572,2.932613133521709,674,0,27,647,0,0,0,0,0,6,0,0
2,150.0,241,181.34298546680157,8.526512829121202e-14,239,134.4593188156105,0.0,239,0,8,231,0,0,604,0,54,550,0,0
3,200.0,126,218.25988232814922,1.4210854715202004e-13,367,194.01745141919886,17.52882954332202,367,0,41,326,0,0,402,0,58,344,0,0
4,250.0,78,247.32879632779208,1.1368683772161603e-13,114,254.55699490602282,10.639620222877431,114,0,6,108,0,0,168,0,22,146,0,0
5,300.0,36,270.21809182552283,5.684341886080802e-14,46,293.9666795395927,9.378628600768145,46,0,8,38,0,0,59,0,13,46,0,0
6,350.0,50,296.9053545875929,13.441736676057317,4,330.70011763959496,2.362407293982971,4,0,0,4,0,0,5,0,0,5,0,0
Totals,7,1444,NA,NA,1444,NA,NA,1444,0,90,1354,0,0,1238,0,147,1761,0,0
