Age,Class,N_Initial_Age,AgeSize_Mean,AgeSize_Std,N_Initial_Class,ClassSize_Mean,ClassSize_Std,N_GrowthBack_Class,Capture_Back,PackingDeaths_Emigration_Class,N_AfterEmigration_Class,Deaths_AfterEmiMort_Age,Deaths_AfterEmiMort_Size,N_GrowthOut_Class,Capture_Out,PackingDeaths_Immigration_Class,N_Immigration_Class,Deaths_AfterImmiMort_Age,Deaths_AfterImmiMort_Size
0,50.0,680,50.04558287958169,9.887842355329607,678,49.948401450942804,9.737350908884423,0,0,0,0,0,0,0,0,11,521,0,0
1,100.0,372,134.4593188156105,0.0,2,82.99008718815722,3.2308063643249625,680,0,37,643,0,0,0,0,0,4,0,0
2,150.0,190,181.3429854668016,1.1368683772161603e-13,372,134.4593188156105,0.0,372,0,9,363,0,0,624,0,150,474,0,0
3,200.0,114,218.25988232814927,8.526512829121202e-14,304,195.18682178980697,17.872315842207147,304,0,33,271,0,0,492,0,132,360,0,0
4,250.0,63,247.32879632779222,2.842170943040401e-14,94,254.8773937791713,10.761075883714705,94,0,11,83,0,0,146,0,29,117,0,0
5,300.0,31,270.2180918255228,0.0,50,297.3644676471006,11.854292685489732,50,0,14,36,0,0,50,0,7,43,0,0
6,350.0,54,300.0770040371349,14.974448998804784,4,333.9837089125643,5.3823473758633416,4,0,1,3,0,0,6,0,2,4,0,0
Totals,7,1504,NA,NA,1504,NA,NA,1504,0,105,1399,0,0,1318,0,331,1523,0,0
