Age,Class,N_Initial_Age,AgeSize_Mean,AgeSize_Std,N_Initial_Class,ClassSize_Mean,ClassSize_Std,N_GrowthBack_Class,Capture_Back,PackingDeaths_Emigration_Class,N_AfterEmigration_Class,Deaths_AfterEmiMort_Age,Deaths_AfterEmiMort_Size,N_GrowthOut_Class,Capture_Out,PackingDeaths_Immigration_Class,N_Immigration_Class,Deaths_AfterImmiMort_Age,Deaths_AfterImmiMort_Size
0,50.0,389,49.21801340962043,10.580537283144464,387,49.078587148032845,10.427937771066821,0,0,0,0,0,0,0,0,23,450,0,0
1,100.0,412,134.4593188156105,0.0,2,76.19699502681863,0.8118560994213411,389,0,17,355,0,0,0,0,0,2,0,0
2,150.0,285,181.3429854668015,2.842170943040401e-14,412,134.4593188156105,0.0,412,0,19,387,0,0,336,0,18,318,0,0
3,200.0,125,218.25988232814922,1.4210854715202004e-13,410,192.59813694891977,16.994906046777007,410,0,30,378,0,0,589,0,203,386,0,0
4,250.0,82,247.32879632779213,5.684341886080802e-14,124,255.08162222218473,10.83283958574322,124,0,15,107,0,0,178,0,37,141,0,0
5,300.0,42,270.21809182552283,5.684341886080802e-14,42,300.0440548951224,12.132115933938518,42,0,6,36,0,0,62,0,10,52,0,0
6,350.0,46,303.17183614335465,15.490431314755739,4,336.0135392497933,5.717447132864596,4,0,1,3,0,0,7,0,3,4,0,0
Totals,7,1381,NA,NA,1381,NA,NA,1381,0,88,1266,0,0,1172,0,294,1353,0,0
