Age,Class,N_Initial_Age,AgeSize_Mean,AgeSize_Std,N_Initial_Class,ClassSize_Mean,ClassSize_Std,N_GrowthBack_Class,Capture_Back,PackingDeaths_Emigration_Class,N_AfterEmigration_Class,Deaths_AfterEmiMort_Age,Deaths_AfterEmiMort_Size,N_GrowthOut_Class,Capture_Out,PackingDeaths_Immigration_Class,N_Immigration_Class,Deaths_AfterImmiMort_Age,Deaths_AfterImmiMort_Size
0,50.0,531,49.80059544389644,9.803037420054304,530,49.752096365503604,9.748428861594252,0,0,0,0,0,0,0,0,0,493,0,0
1,100.0,402,134.4593188156105,0.0,1,75.50510699209681,0.0,531,0,0,531,0,0,0,0,0,5,0,0
2,150.0,230,181.34298546680157,8.526512829121202e-14,402,134.4593188156105,0.0,402,0,34,368,0,0,503,0,24,479,0,0
3,200.0,86,218.25988232814925,1.1368683772161603e-13,316,191.38998904299112,16.43051776201281,316,0,23,293,0,0,532,0,89,443,0,0
4,250.0,63,247.32879632779222,2.842170943040401e-14,100,255.7978356619524,11.051050477576526,100,0,6,94,0,0,124,0,19,105,0,0
5,300.0,37,270.2180918255229,1.1368683772161603e-13,38,294.28313711072155,10.370048264681031,38,0,4,34,0,0,62,0,14,48,0,0
6,350.0,44,299.4087210130339,16.162371048116018,6,331.87075239434495,3.7928913268634346,6,0,1,5,0,0,6,0,1,5,0,0
Totals,7,1393,NA,NA,1393,NA,NA,1393,0,68,1325,0,0,1227,0,147,1578,0,0
