Age,Class,N_Initial_Age,AgeSize_Mean,AgeSize_Std,N_Initial_Class,ClassSize_Mean,ClassSize_Std,N_GrowthBack_Class,Capture_Back,PackingDeaths_Emigration_Class,N_AfterEmigration_Class,Deaths_AfterEmiMort_Age,Deaths_AfterEmiMort_Size,N_GrowthOut_Class,Capture_Out,PackingDeaths_Immigration_Class,N_Immigration_Class,Deaths_AfterImmiMort_Age,Deaths_AfterImmiMort_Size
0,50.0,895,49.98410043682464,10.194054089888144,892,49.885699599638066,10.065417306506024,0,0,0,0,0,0,0,0,0,764,0,0
1,100.0,466,134.4593188156105,0.0,3,79.2419493602968,4.461205339093316,895,0,77,818,0,0,0,0,0,4,0,0
2,150.0,250,181.3429854668015,2.842170943040401e-14,466,134.4593188156105,0.0,466,0,31,435,0,0,792,0,249,543,0,0
3,200.0,142,218.25988232814933,2.842170943040401e-14,392,194.71594300331017,17.744072273106063,392,0,27,365,0,0,607,0,218,389,0,0
4,250.0,81,247.32879632779216,2.842170943040401e-14,124,255.26621331490836,10.894002684020629,124,0,25,99,0,0,180,0,47,133,0,0
5,300.0,43,270.21809182552283,5.684341886080802e-14,51,299.2885134988216,12.758818681133665,51,0,12,39,0,0,61,0,22,39,0,0
6,350.0,51,299.2885134988216,12.758818681133665,0,nan,nan,0,0,0,0,0,0,3,0,1,2,0,0
Totals,7,1928,NA,NA,1928,NA,NA,1928,0,172,1756,0,0,1643,0,537,1874,0,0
