Age,Class,N_Initial_Age,AgeSize_Mean,AgeSize_Std,N_Initial_Class,ClassSize_Mean,ClassSize_Std,N_GrowthBack_Class,Capture_Back,PackingDeaths_Emigration_Class,N_AfterEmigration_Class,Deaths_AfterEmiMort_Age,Deaths_AfterEmiMort_Size,N_GrowthOut_Class,Capture_Out,PackingDeaths_Immigration_Class,N_Immigration_Class,Deaths_AfterImmiMort_Age,Deaths_AfterImmiMort_Size
0,50.0,566,50.201607766470694,9.72192644801122,563,50.05680806121725,9.541264987507029,0,0,0,0,0,0,0,0,0,917,0,0
1,100.0,331,134.4593188156105,0.0,3,77.37568578569964,2.2918037807372142,566,0,47,519,0,0,0,0,0,7,0,0
2,150.0,247,181.34298546680157,8.526512829121202e-14,331,134.4593188156105,0.0,331,0,21,310,0,0,505,0,60,445,0,0
3,200.0,134,218.25988232814936,0.0,381,194.32688095084507,17.627920708421353,381,0,44,337,0,0,475,0,110,365,0,0
4,250.0,68,247.32879632779216,2.842170943040401e-14,105,255.39454807461152,10.934487820788195,105,0,22,83,0,0,163,0,30,133,0,0
5,300.0,37,270.2180918255229,1.1368683772161603e-13,51,299.66488151523356,11.429992986037945,51,0,12,39,0,0,55,0,13,42,0,0
6,350.0,59,304.45589745637864,16.235172282575018,8,334.9986240811788,5.644420722737287,8,0,2,6,0,0,7,0,1,6,0,0
Totals,7,1442,NA,NA,1442,NA,NA,1442,0,148,1294,0,0,1205,0,214,1915,0,0
