Age,Class,N_Initial_Age,AgeSize_Mean,AgeSize_Std,N_Initial_Class,ClassSize_Mean,ClassSize_Std,N_GrowthBack_Class,Capture_Back,PackingDeaths_Emigration_Class,N_AfterEmigration_Class,Deaths_AfterEmiMort_Age,Deaths_AfterEmiMort_Size,N_GrowthOut_Class,Capture_Out,PackingDeaths_Immigration_Class,N_Immigration_Class,Deaths_AfterImmiMort_Age,Deaths_AfterImmiMort_Size
0,50.0,460,50.19623048578096,9.962405128879723,457,50.02190777244561,9.758316304644339,0,0,0,0,0,0,0,0,0,557,0,0
1,100.0,473,134.45931881561046,2.842170943040401e-14,3,76.7513904838662,1.5974367284346305,460,0,0,460,0,0,0,0,0,1,0,0
2,150.0,203,181.34298546680154,5.684341886080802e-14,473,134.45931881561046,2.842170943040401e-14,473,0,27,446,0,0,432,0,38,394,0,0
3,200.0,130,218.25988232814936,0.0,333,195.7549872445049,18.009458291478744,333,0,49,284,0,0,577,0,196,381,0,0
4,250.0,85,247.3287963277921,8.526512829121202e-14,113,253.00048016793778,9.881945648718558,113,0,11,102,0,0,163,0,33,130,0,0
5,300.0,28,270.2180918255227,5.684341886080802e-14,39,294.1955886170622,8.417482773421046,39,0,8,31,0,0,51,0,8,43,0,0
6,350.0,39,294.1955886170622,8.417482773421046,0,nan,nan,0,0,0,0,0,0,0,0,0,0,0,0
Totals,7,1418,NA,NA,1418,NA,NA,1418,0,95,1323,0,0,1223,0,275,1506,0,0
