Age,Class,N_Initial_Age,AgeSize_Mean,AgeSize_Std,N_Initial_Class,ClassSize_Mean,ClassSize_Std,N_GrowthBack_Class,Capture_Back,PackingDeaths_Emigration_Class,N_AfterEmigration_Class,Deaths_AfterEmiMort_Age,Deaths_AfterEmiMort_Size,N_GrowthOut_Class,Capture_Out,PackingDeaths_Immigration_Class,N_Immigration_Class,Deaths_AfterImmiMort_Age,Deaths_AfterImmiMort_Size
0,50.0,578,49.263838913124395,9.617463306037122,578,49.263838913124395,9.617463306037122,0,0,0,0,0,0,0,0,0,606,0,0
1,100.0,419,134.4593188156105,0.0,0,nan,nan,578,0,17,561,0,0,0,0,0,2,0,0
2,150.0,252,181.3429854668015,2.842170943040401e-14,419,134.4593188156105,0.0,419,0,17,402,0,0,535,0,54,481,0,0
3,200.0,110,218.25988232814922,1.4210854715202004e-13,362,192.5608270545039,16.979043878068133,362,0,27,335,0,0,575,0,170,405,0,0
4,250.0,77,247.3287963277921,8.526512829121202e-14,127,256.34032998831594,11.183019177696236,127,0,15,112,0,0,154,0,49,105,0,0
5,300.0,50,270.21809182552283,5.684341886080802e-14,43,296.22096509766783,10.054349946102654,43,0,5,38,0,0,66,0,19,47,0,0
6,350.0,45,297.6927524778816,11.965344334194087,2,329.3361811524784,0.0,2,0,0,2,0,0,3,0,0,3,0,0
Totals,7,1531,NA,NA,1531,NA,NA,1531,0,81,1450,0,0,1333,0,292,1649,0,0
