Age,Class,N_Initial_Age,AgeSize_Mean,AgeSize_Std,N_Initial_Class,ClassSize_Mean,ClassSize_Std,N_GrowthBack_Class,Capture_Back,PackingDeaths_Emigration_Class,N_AfterEmigration_Class,Deaths_AfterEmiMort_Age,Deaths_AfterEmiMort_Size,N_GrowthOut_Class,Capture_Out,PackingDeaths_Immigration_Class,N_Immigration_Class,Deaths_AfterImmiMort_Age,Deaths_AfterImmiMort_Size
0,50.0,606,49.99383812301934,10.312016704502298,601,49.74974980718778,9.996911332202307,0,0,0,0,0,0,0,0,1,815,0,0
1,100.0,506,134.4593188156105,0.0,5,79.33325368597255,2.7548401903510875,606,0,5,601,0,0,0,0,0,9,0,0
2,150.0,244,181.34298546680157,8.526512829121202e-14,506,134.4593188156105,0.0,506,0,21,485,0,0,562,0,37,525,0,0
3,200.0,117,218.25988232814922,1.4210854715202004e-13,361,193.30774151327714,17.27849176540748,361,0,20,341,0,0,648,0,165,483,0,0
4,250.0,79,247.32879632779205,1.4210854715202004e-13,131,256.41462354826535,11.198925297118626,131,0,5,126,0,0,166,0,13,153,0,0
5,300.0,52,270.21809182552283,5.684341886080802e-14,60,294.04998298294953,8.886331220884337,60,0,15,45,0,0,84,0,16,68,0,0
6,350.0,67,298.2078643632973,14.831382956314338,7,333.8468476234211,3.20118646448859,7,0,2,5,0,0,6,0,2,4,0,0
Totals,7,1671,NA,NA,1671,NA,NA,1671,0,68,1603,0,0,1466,0,234,2057,0,0
