Age,Class,N_Initial_Age,AgeSize_Mean,AgeSize_Std,N_Initial_Class,ClassSize_Mean,ClassSize_Std,N_GrowthBack_Class,Capture_Back,PackingDeaths_Emigration_Class,N_AfterEmigration_Class,Deaths_AfterEmiMort_Age,Deaths_AfterEmiMort_Size,N_GrowthOut_Class,Capture_Out,PackingDeaths_Immigration_Class,N_Immigration_Class,Deaths_AfterImmiMort_Age,Deaths_AfterImmiMort_Size
0,50.0,606,49.80102860378711,10.118971507369668,601,49.57832547594993,9.860419998741888,0,0,0,0,0,0,0,0,47,610,0,0
1,100.0,475,134.4593188156105,0.0,5,76.56994456981542,0.8800904861026562,606,0,2,604,0,0,0,0,0,4,0,0
2,150.0,302,181.3429854668015,2.842170943040401e-14,475,134.4593188156105,0.0,475,0,47,428,0,0,566,0,121,445,0,0
3,200.0,136,218.25988232814936,0.0,438,192.80576622740267,17.08142126164412,438,0,107,331,0,0,597,0,216,381,0,0
4,250.0,62,247.32879632779222,2.842170943040401e-14,108,257.07794070645514,11.318358114905191,108,0,11,97,0,0,144,0,20,124,0,0
5,300.0,46,270.2180918255229,1.1368683772161603e-13,45,297.61022951006765,10.523623144909338,45,0,10,35,0,0,71,0,28,43,0,0
6,350.0,49,300.72152397057175,14.639377890997206,4,335.7235866512434,6.7356220927846575,4,0,0,4,0,0,5,0,1,4,0,0
Totals,7,1676,NA,NA,1676,NA,NA,1676,0,177,1499,0,0,1383,0,433,1611,0,0
