Age,Class,N_Initial_Age,AgeSize_Mean,AgeSize_Std,N_Initial_Class,ClassSize_Mean,ClassSize_Std,N_GrowthBack_Class,Capture_Back,PackingDeaths_Emigration_Class,N_AfterEmigration_Class,Deaths_AfterEmiMort_Age,Deaths_AfterEmiMort_Size,N_GrowthOut_Class,Capture_Out,PackingDeaths_Immigration_Class,N_Immigration_Class,Deaths_AfterImmiMort_Age,Deaths_AfterImmiMort_Size
0,50.0,979,49.779922874554146,9.801146518235512,975,49.663450483567324,9.650321858406334,0,0,0,0,0,0,0,0,0,1118,0,0
1,100.0,2440,134.45931881561046,2.842170943040401e-14,4,78.1700681775904,1.363716623781819,979,0,0,979,0,0,0,0,0,12,0,0
2,150.0,437,181.34298546680154,5.684341886080802e-14,2440,134.45931881561046,2.842170943040401e-14,2440,0,288,2152,0,0,954,0,160,794,0,0
3,200.0,225,218.25988232814927,8.526512829121202e-14,662,193.89026914324148,17.486350382974475,662,0,121,541,0,0,2380,0,1594,786,0,0
4,250.0,104,247.32879632779216,2.842170943040401e-14,237,260.1738440121726,11.358646139228764,237,0,58,179,0,0,235,0,46,189,0,0
5,300.0,133,270.2180918255228,0.0,42,305.1951636988092,8.640848757992657,42,0,1,41,0,0,128,0,29,99,0,0
6,350.0,42,305.1951636988092,8.640848757992657,0,nan,nan,0,0,0,0,0,0,0,0,0,0,0,0
Totals,7,4360,NA,NA,4360,NA,NA,4360,0,468,3892,0,0,3697,0,1829,2998,0,0
