Age,Class,N_Initial_Age,AgeSize_Mean,AgeSize_Std,N_Initial_Class,ClassSize_Mean,ClassSize_Std,N_GrowthBack_Class,Capture_Back,PackingDeaths_Emigration_Class,N_AfterEmigration_Class,Deaths_AfterEmiMort_Age,Deaths_AfterEmiMort_Size,N_GrowthOut_Class,Capture_Out,PackingDeaths_Immigration_Class,N_Immigration_Class,Deaths_AfterImmiMort_Age,Deaths_AfterImmiMort_Size
0,50.0,2989,50.14622618213327,10.167321741556934,2969,49.95490082655284,9.92201905106887,0,0,0,0,0,0,0,0,0,7324,0,0
1,100.0,6148,113.44465676002005,1.4210854715202004e-14,6168,113.3315044203898,2.00243412335214,2989,0,0,2989,0,0,2989,0,0,3040,0,0
2,150.0,7678,164.79572781619694,0.0,7678,164.79572781619694,0.0,6148,0,70,6078,0,0,6078,0,0,6078,0,0
3,200.0,1892,205.23032539160795,5.684341886080802e-14,1892,205.23032539160795,5.684341886080802e-14,9570,0,9299,271,0,0,227,0,0,227,0,0
4,250.0,533,237.06912928523727,0.0,770,244.78558705329053,11.571973092869746,770,0,0,770,0,0,577,0,0,577,0,0
5,300.0,237,262.1394773080264,5.684341886080802e-14,195,301.3251822542881,12.960665787741293,195,0,0,195,0,0,403,0,0,403,0,0
6,350.0,436,322.24950325543676,20.9496357852779,241,339.17997045553636,4.145807231455317,241,0,0,241,0,0,270,0,0,270,0,0
Totals,7,19913,NA,NA,19913,NA,NA,19913,0,9369,10544,0,0,10544,0,0,17919,0,0
