Age,Class,N_Initial_Age,AgeSize_Mean,AgeSize_Std,N_Initial_Class,ClassSize_Mean,ClassSize_Std,N_GrowthBack_Class,Capture_Back,PackingDeaths_Emigration_Class,N_AfterEmigration_Class,Deaths_AfterEmiMort_Age,Deaths_AfterEmiMort_Size,N_GrowthOut_Class,Capture_Out,PackingDeaths_Immigration_Class,N_Immigration_Class,Deaths_AfterImmiMort_Age,Deaths_AfterImmiMort_Size
0,50.0,8092,50.08364283414094,10.091512988861375,8040,49.903340295660776,9.868305156046077,0,0,0,0,0,0,0,0,0,11566,0,0
1,100.0,8103,113.44465676002007,0.0,8155,113.21839798445106,2.833976410553785,8092,0,0,8092,0,0,8092,0,0,8171,0,0
2,150.0,3005,164.79572781619692,2.842170943040401e-14,3005,164.79572781619692,2.842170943040401e-14,8103,0,4650,3453,0,0,3453,0,0,3453,0,0
3,200.0,2155,205.23032539160798,2.842170943040401e-14,2155,205.23032539160798,2.842170943040401e-14,5160,0,3633,1527,0,0,890,0,0,890,0,0
4,250.0,1142,237.0691292852373,2.842170943040401e-14,1491,242.93737305448835,10.615207423424915,1491,0,40,1451,0,0,1749,0,502,1247,0,0
5,300.0,349,262.13947730802647,0.0,993,297.2079687077861,10.897431592544171,993,0,1,992,0,0,1267,0,656,611,0,0
6,350.0,1263,308.1711237747254,23.350705563519007,270,348.4911718542462,6.789089306402428,270,0,0,270,0,0,334,0,0,334,0,0
Totals,7,24109,NA,NA,24109,NA,NA,24109,0,8324,15785,0,0,15785,0,1158,26272,0,0
