Age,Class,N_Initial_Age,AgeSize_Mean,AgeSize_Std,N_Initial_Class,ClassSize_Mean,ClassSize_Std,N_GrowthBack_Class,Capture_Back,PackingDeaths_Emigration_Class,N_AfterEmigration_Class,Deaths_AfterEmiMort_Age,Deaths_AfterEmiMort_Size,N_GrowthOut_Class,Capture_Out,PackingDeaths_Immigration_Class,N_Immigration_Class,Deaths_AfterImmiMort_Age,Deaths_AfterImmiMort_Size
0,50.0,4333,49.75408735801756,10.006505648797138,4301,49.53695465245181,9.714662069944234,0,0,0,0,0,0,0,0,0,7058,0,0
1,100.0,3534,113.44465676002007,0.0,3566,113.1350071654531,3.2756091014364492,4333,0,0,4333,0,0,4333,0,0,4374,0,0
2,150.0,4152,164.79572781619694,0.0,4152,164.79572781619694,0.0,3534,0,0,3534,0,0,3534,0,0,3534,0,0
3,200.0,1449,205.230325391608,0.0,1449,205.230325391608,0.0,5601,0,3568,2033,0,0,1517,0,0,1517,0,0
4,250.0,222,237.06912928523724,2.842170943040401e-14,1008,256.6180316125312,10.389331191500933,1008,0,0,1008,0,0,738,0,0,738,0,0
5,300.0,786,262.13947730802647,0.0,775,291.13141549059145,9.008266962287406,775,0,2,773,0,0,1551,0,1160,391,0,0
6,350.0,782,291.4515118585222,9.579480640310178,7,326.890752593719,0.0,7,0,0,7,0,0,15,0,0,15,0,0
Totals,7,15258,NA,NA,15258,NA,NA,15258,0,3570,11688,0,0,11688,0,1160,17627,0,0
