Age,Class,N_Initial_Age,AgeSize_Mean,AgeSize_Std,N_Initial_Class,ClassSize_Mean,ClassSize_Std,N_GrowthBack_Class,Capture_Back,PackingDeaths_Emigration_Class,N_AfterEmigration_Class,Deaths_AfterEmiMort_Age,Deaths_AfterEmiMort_Size,N_GrowthOut_Class,Capture_Out,PackingDeaths_Immigration_Class,N_Immigration_Class,Deaths_AfterImmiMort_Age,Deaths_AfterImmiMort_Size
0,50.0,7731,50.140925369238104,10.020098714070306,7678,49.945613433662864,9.770200537323941,0,0,0,0,0,0,0,0,0,6114,0,0
1,100.0,10033,113.44465676002007,0.0,10086,113.26068960531406,2.5422878192029006,7731,0,0,7731,0,0,7731,0,0,7765,0,0
2,150.0,5988,164.79572781619692,2.842170943040401e-14,5988,164.79572781619692,2.842170943040401e-14,10033,0,8141,1892,0,0,1892,0,0,1892,0,0
3,200.0,2633,205.230325391608,0.0,2633,205.230325391608,0.0,8621,0,7851,770,0,0,533,0,0,533,0,0
4,250.0,47,237.0691292852372,5.684341886080802e-14,96,249.86545275520257,12.532453409298231,96,0,0,96,0,0,284,0,0,284,0,0
5,300.0,49,262.13947730802647,0.0,120,291.1414460449213,12.23142294869291,120,0,0,120,0,0,161,0,0,161,0,0
6,350.0,340,316.94925460934013,20.707293061361312,220,331.0262410990231,4.429062945957701,220,0,0,220,0,0,228,0,0,228,0,0
Totals,7,26821,NA,NA,26821,NA,NA,26821,0,15992,10829,0,0,10829,0,0,16977,0,0
