Age,Class,N_Initial_Age,AgeSize_Mean,AgeSize_Std,N_Initial_Class,ClassSize_Mean,ClassSize_Std,N_GrowthBack_Class,Capture_Back,PackingDeaths_Emigration_Class,N_AfterEmigration_Class,Deaths_AfterEmiMort_Age,Deaths_AfterEmiMort_Size,N_GrowthOut_Class,Capture_Out,PackingDeaths_Immigration_Class,N_Immigration_Class,Deaths_AfterImmiMort_Age,Deaths_AfterImmiMort_Size
0,50.0,8929,50.04961540730331,10.08333431952797,8875,49.88018099459879,9.8747229592924,0,0,0,0,0,0,0,0,0,8119,0,0
1,100.0,5883,113.44465676002007,0.0,5937,113.12132817314216,3.382573267357337,8929,0,0,8929,0,0,8929,0,0,8974,0,0
2,150.0,2105,164.79572781619694,0.0,2105,164.79572781619694,0.0,5883,0,0,5883,0,0,5883,0,0,5883,0,0
3,200.0,344,205.23032539160798,2.842170943040401e-14,344,205.23032539160798,2.842170943040401e-14,2449,0,0,2449,0,0,2105,0,0,2105,0,0
4,250.0,38,237.06912928523727,0.0,614,260.58789225124144,6.04080799000602,614,0,0,614,0,0,382,0,0,382,0,0
5,300.0,576,262.13947730802647,0.0,816,300.61356738534806,11.980095346588628,816,0,21,795,0,0,1298,0,956,342,0,0
6,350.0,1155,315.07455959560804,24.95132027434524,339,349.88331960614516,7.787846556159166,339,0,0,339,0,0,412,0,69,343,0,0
Totals,7,19030,NA,NA,19030,NA,NA,19030,0,21,19009,0,0,19009,0,1025,26148,0,0
