Age,Class,N_Initial_Age,AgeSize_Mean,AgeSize_Std,N_Initial_Class,ClassSize_Mean,ClassSize_Std,N_GrowthBack_Class,Capture_Back,PackingDeaths_Emigration_Class,N_AfterEmigration_Class,Deaths_AfterEmiMort_Age,Deaths_AfterEmiMort_Size,N_GrowthOut_Class,Capture_Out,PackingDeaths_Immigration_Class,N_Immigration_Class,Deaths_AfterImmiMort_Age,Deaths_AfterImmiMort_Size
0,50.0,8586,50.02299829556616,9.973443929357796,8541,49.872894068133704,9.779496397950725,0,0,0,0,0,0,0,0,0,8956,0,0
1,100.0,8078,113.44465676002007,0.0,8123,113.25114027295866,2.604126735367648,8586,0,0,8586,0,0,8586,0,0,8629,0,0
2,150.0,3268,164.79572781619692,2.842170943040401e-14,3268,164.79572781619692,2.842170943040401e-14,8078,0,4650,3428,0,0,3428,0,0,3428,0,0
3,200.0,1358,205.23032539160798,2.842170943040401e-14,1358,205.23032539160798,2.842170943040401e-14,4626,0,3625,1001,0,0,720,0,0,720,0,0
4,250.0,1751,237.06912928523718,8.526512829121202e-14,1919,239.26392786148972,7.085705565168005,1919,0,0,1919,0,0,2032,0,0,2032,0,0
5,300.0,168,262.13947730802647,0.0,200,300.91479560593467,10.584675017125194,200,0,0,200,0,0,346,0,0,346,0,0
6,350.0,526,329.5380447796634,24.04128955243429,326,347.098320346368,7.269526073363854,326,0,0,326,0,0,348,0,7,341,0,0
Totals,7,23735,NA,NA,23735,NA,NA,23735,0,8275,15460,0,0,15460,0,7,24452,0,0
