Age,Class,N_Initial_Age,AgeSize_Mean,AgeSize_Std,N_Initial_Class,ClassSize_Mean,ClassSize_Std,N_GrowthBack_Class,Capture_Back,PackingDeaths_Emigration_Class,N_AfterEmigration_Class,Deaths_AfterEmiMort_Age,Deaths_AfterEmiMort_Size,N_GrowthOut_Class,Capture_Out,PackingDeaths_Immigration_Class,N_Immigration_Class,Deaths_AfterImmiMort_Age,Deaths_AfterImmiMort_Size
0,50.0,5499,50.003125927545554,10.056468364807099,5462,49.811946349887364,9.814097029739608,0,0,0,0,0,0,0,0,0,4705,0,0
1,100.0,8700,113.44465676002007,0.0,8737,113.2955078773793,2.2964868756624934,5499,0,0,5499,0,0,5499,0,0,5524,0,0
2,150.0,1559,164.79572781619692,2.842170943040401e-14,1559,164.79572781619692,2.842170943040401e-14,8700,0,247,8453,0,0,8453,0,27,8426,0,0
3,200.0,504,205.23032539160798,2.842170943040401e-14,504,205.23032539160798,2.842170943040401e-14,2063,0,0,2063,0,0,1559,0,0,1559,0,0
4,250.0,180,237.06912928523727,0.0,691,255.60885119499886,11.00345364111463,691,0,0,691,0,0,684,0,0,684,0,0
5,300.0,511,262.13947730802647,0.0,313,290.31769648261957,9.275667912613102,313,0,0,313,0,0,824,0,0,824,0,0
6,350.0,397,300.76368664257757,22.178617452849462,84,339.6874356909922,9.08413605806911,84,0,0,84,0,0,84,0,0,84,0,0
Totals,7,17350,NA,NA,17350,NA,NA,17350,0,247,17103,0,0,17103,0,27,21806,0,0
