Age,Class,N_Initial_Age,AgeSize_Mean,AgeSize_Std,N_Initial_Class,ClassSize_Mean,ClassSize_Std,N_GrowthBack_Class,Capture_Back,PackingDeaths_Emigration_Class,N_AfterEmigration_Class,Deaths_AfterEmiMort_Age,Deaths_AfterEmiMort_Size,N_GrowthOut_Class,Capture_Out,PackingDeaths_Immigration_Class,N_Immigration_Class,Deaths_AfterImmiMort_Age,Deaths_AfterImmiMort_Size
0,50.0,11645,49.943108031120516,10.006656400035084,11566,49.749482400858184,9.758516390197816,0,0,0,0,0,0,0,0,0,9129,0,0
1,100.0,8092,113.44465676002007,0.0,8171,113.10477812705359,3.4525996814260655,11645,0,238,11407,0,0,11407,0,0,11468,0,0
2,150.0,3453,164.79572781619694,0.0,3453,164.79572781619694,0.0,8092,0,4590,3502,0,0,3502,0,0,3502,0,0
3,200.0,890,205.23032539160798,2.842170943040401e-14,890,205.23032539160798,2.842170943040401e-14,4343,0,1007,3336,0,0,2665,0,0,2665,0,0
4,250.0,448,237.0691292852372,5.684341886080802e-14,1247,253.13264818676777,12.028356904922397,1247,0,0,1247,0,0,1119,0,0,1119,0,0
5,300.0,799,262.13947730802647,0.0,611,301.125296155088,13.364022550756243,611,0,0,611,0,0,1322,0,997,325,0,0
6,350.0,945,316.7987027688763,24.534639921080693,334,345.4707130713454,10.243564712007204,334,0,13,321,0,0,409,0,99,310,0,0
Totals,7,26272,NA,NA,26272,NA,NA,26272,0,5848,20424,0,0,20424,0,1096,28518,0,0
