Age,Class,N_Initial_Age,AgeSize_Mean,AgeSize_Std,N_Initial_Class,ClassSize_Mean,ClassSize_Std,N_GrowthBack_Class,Capture_Back,PackingDeaths_Emigration_Class,N_AfterEmigration_Class,Deaths_AfterEmiMort_Age,Deaths_AfterEmiMort_Size,N_GrowthOut_Class,Capture_Out,PackingDeaths_Immigration_Class,N_Immigration_Class,Deaths_AfterImmiMort_Age,Deaths_AfterImmiMort_Size
0,50.0,4908,49.92110026409001,10.030110048404994,4879,49.756631900641736,9.828224604162747,0,0,0,0,0,0,0,0,0,9377,0,0
1,100.0,10058,113.44465676002005,1.4210854715202004e-14,10087,113.34157933431194,1.9233084051386966,4908,0,0,4908,0,0,4908,0,0,4972,0,0
2,150.0,1345,164.79572781619692,2.842170943040401e-14,1345,164.79572781619692,2.842170943040401e-14,10058,0,8540,1518,0,0,1518,0,0,1518,0,0
3,200.0,2210,205.23032539160798,2.842170943040401e-14,2210,205.23032539160798,2.842170943040401e-14,3555,0,0,3555,0,0,1345,0,0,1345,0,0
4,250.0,164,237.0691292852373,2.842170943040401e-14,249,245.62728021671148,11.887551258258503,249,0,0,249,0,0,2374,0,1952,422,0,0
5,300.0,85,262.13947730802636,1.1368683772161603e-13,958,285.67765734422284,9.506489970172682,958,0,0,958,0,0,999,0,158,841,0,0
6,350.0,1212,297.7010226111324,25.174242450632597,254,343.04899082254684,9.026028248840436,254,0,0,254,0,0,298,0,5,293,0,0
Totals,7,19982,NA,NA,19982,NA,NA,19982,0,8540,11442,0,0,11442,0,2115,18768,0,0
