Age,Class,N_Initial_Age,AgeSize_Mean,AgeSize_Std,N_Initial_Class,ClassSize_Mean,ClassSize_Std,N_GrowthBack_Class,Capture_Back,PackingDeaths_Emigration_Class,N_AfterEmigration_Class,Deaths_AfterEmiMort_Age,Deaths_AfterEmiMort_Size,N_GrowthOut_Class,Capture_Out,PackingDeaths_Immigration_Class,N_Immigration_Class,Deaths_AfterImmiMort_Age,Deaths_AfterImmiMort_Size
0,50.0,8700,49.88163214848269,10.037293296338802,8642,49.69424041827958,9.803923222809125,0,0,0,0,0,0,0,0,0,5462,0,0
1,100.0,10874,113.44465676002008,1.4210854715202004e-14,10932,113.2555590564842,2.595178027663648,8700,0,0,8700,0,0,8700,0,0,8737,0,0
2,150.0,6439,164.79572781619694,0.0,6439,164.79572781619694,0.0,10874,0,9315,1559,0,0,1559,0,0,1559,0,0
3,200.0,2271,205.23032539160795,5.684341886080802e-14,2271,205.23032539160795,5.684341886080802e-14,8710,0,8026,684,0,0,504,0,0,504,0,0
4,250.0,511,237.0691292852372,5.684341886080802e-14,673,243.1038935938433,10.717987739862119,673,0,0,673,0,0,691,0,0,691,0,0
5,300.0,162,262.13947730802647,0.0,156,285.47106435499717,8.316393160956387,156,0,0,156,0,0,313,0,0,313,0,0
6,350.0,235,302.65302123726417,25.89356227369634,79,336.58194875161433,11.124040442560158,79,0,0,79,0,0,84,0,0,84,0,0
Totals,7,29192,NA,NA,29192,NA,NA,29192,0,17341,11851,0,0,11851,0,0,17350,0,0
