Age,Class,N_Initial_Age,AgeSize_Mean,AgeSize_Std,N_Initial_Class,ClassSize_Mean,ClassSize_Std,N_GrowthBack_Class,Capture_Back,PackingDeaths_Emigration_Class,N_AfterEmigration_Class,Deaths_AfterEmiMort_Age,Deaths_AfterEmiMort_Size,N_GrowthOut_Class,Capture_Out,PackingDeaths_Immigration_Class,N_Immigration_Class,Deaths_AfterImmiMort_Age,Deaths_AfterImmiMort_Size
0,50.0,7099,50.01033610109379,9.950854972845828,7058,49.84751209276317,9.745155471462311,0,0,0,0,0,0,0,0,0,5996,0,0
1,100.0,4333,113.44465676002007,0.0,4374,113.11278769366926,3.4202532625994135,7099,0,0,7099,0,0,7099,0,0,7133,0,0
2,150.0,3534,164.79572781619692,2.842170943040401e-14,3534,164.79572781619692,2.842170943040401e-14,4333,0,0,4333,0,0,4333,0,0,4333,0,0
3,200.0,1517,205.23032539160795,5.684341886080802e-14,1517,205.23032539160795,5.684341886080802e-14,5051,0,1079,3972,0,0,2784,0,0,2784,0,0
4,250.0,516,237.06912928523718,8.526512829121202e-14,738,244.6106160888405,11.497550850797907,738,0,0,738,0,0,1704,0,0,1704,0,0
5,300.0,222,262.1394773080264,5.684341886080802e-14,391,293.5586840385037,12.10048703843095,391,0,0,391,0,0,607,0,0,607,0,0
6,350.0,406,294.8931921222283,13.702660251005288,15,329.6793695046495,2.981156875333011,15,0,0,15,0,0,21,0,0,21,0,0
Totals,7,17627,NA,NA,17627,NA,NA,17627,0,1079,16548,0,0,16548,0,0,22578,0,0
