Age,Class,N_Initial_Age,AgeSize_Mean,AgeSize_Std,N_Initial_Class,ClassSize_Mean,ClassSize_Std,N_GrowthBack_Class,Capture_Back,PackingDeaths_Emigration_Class,N_AfterEmigration_Class,Deaths_AfterEmiMort_Age,Deaths_AfterEmiMort_Size,N_GrowthOut_Class,Capture_Out,PackingDeaths_Immigration_Class,N_Immigration_Class,Deaths_AfterImmiMort_Age,Deaths_AfterImmiMort_Size
0,50.0,10058,49.97791013808993,10.056790756402497,9997,49.803792434237124,9.83298616242291,0,0,0,0,0,0,0,0,0,4879,0,0
1,100.0,11283,113.44465676002007,0.0,11344,113.25682029505874,2.56662563142892,10058,0,0,10058,0,0,10058,0,0,10087,0,0
2,150.0,5366,164.79572781619692,2.842170943040401e-14,5366,164.79572781619692,2.842170943040401e-14,11283,0,9938,1345,0,0,1345,0,0,1345,0,0
3,200.0,404,205.23032539160798,2.842170943040401e-14,404,205.23032539160798,2.842170943040401e-14,5770,0,3396,2374,0,0,2210,0,0,2210,0,0
4,250.0,85,237.06912928523735,8.526512829121202e-14,917,259.81561734953453,7.270464414941777,917,0,0,917,0,0,249,0,0,249,0,0
5,300.0,832,262.13947730802647,0.0,162,292.74926532263436,12.782514218460083,162,0,0,162,0,0,990,0,32,958,0,0
6,350.0,412,321.5123353367832,26.02305762683573,250,340.1508047059518,11.254076270983514,250,0,0,250,0,0,254,0,0,254,0,0
Totals,7,28440,NA,NA,28440,NA,NA,28440,0,13334,15106,0,0,15106,0,32,19982,0,0
