Age,Class,N_Initial_Age,AgeSize_Mean,AgeSize_Std,N_Initial_Class,ClassSize_Mean,ClassSize_Std,N_GrowthBack_Class,Capture_Back,PackingDeaths_Emigration_Class,N_AfterEmigration_Class,Deaths_AfterEmiMort_Age,Deaths_AfterEmiMort_Size,N_GrowthOut_Class,Capture_Out,PackingDeaths_Immigration_Class,N_Immigration_Class,Deaths_AfterImmiMort_Age,Deaths_AfterImmiMort_Size
0,50.0,4730,50.091622578350695,9.933460346428667,4705,49.94282439747559,9.745447770639668,0,0,0,0,0,0,0,0,0,7784,0,0
1,100.0,5499,113.44465676002008,1.4210854715202004e-14,5524,113.28467659826694,2.3789699491936416,4730,0,0,4730,0,0,4730,0,0,4789,0,0
2,150.0,8426,164.79572781619694,0.0,8426,164.79572781619694,0.0,5499,0,0,5499,0,0,5499,0,0,5499,0,0
3,200.0,1559,205.23032539160798,2.842170943040401e-14,1559,205.23032539160798,2.842170943040401e-14,9985,0,9716,269,0,0,219,0,0,219,0,0
4,250.0,504,237.06912928523718,8.526512829121202e-14,684,243.66658929123443,11.03966212735017,684,0,0,684,0,0,554,0,0,554,0,0
5,300.0,180,262.1394773080264,5.684341886080802e-14,824,290.3084318647016,11.67190535424882,824,0,0,824,0,0,980,0,33,947,0,0
6,350.0,908,295.1776775445829,18.99850149665883,84,342.94265897579834,7.152983925621977,84,0,0,84,0,0,108,0,0,108,0,0
Totals,7,21806,NA,NA,21806,NA,NA,21806,0,9716,12090,0,0,12090,0,33,19900,0,0
