Age,Class,N_Initial_Age,AgeSize_Mean,AgeSize_Std,N_Initial_Class,ClassSize_Mean,ClassSize_Std,N_GrowthBack_Class,Capture_Back,PackingDeaths_Emigration_Class,N_AfterEmigration_Class,Deaths_AfterEmiMort_Age,Deaths_AfterEmiMort_Size,N_GrowthOut_Class,Capture_Out,PackingDeaths_Immigration_Class,N_Immigration_Class,Deaths_AfterImmiMort_Age,Deaths_AfterImmiMort_Size
0,50.0,7283,50.09433474714583,10.115751517906348,7224,49.86381407523972,9.825285336571055,0,0,0,0,0,0,0,0,0,3515,0,0
1,100.0,4990,113.44465676002008,1.4210854715202004e-14,5049,113.03420168675612,3.7876915602666945,7283,0,0,7283,0,0,7283,0,0,7302,0,0
2,150.0,807,164.79572781619694,0.0,807,164.79572781619694,0.0,4990,0,0,4990,0,0,4990,0,0,4990,0,0
3,200.0,786,205.230325391608,0.0,786,205.230325391608,0.0,1593,0,0,1593,0,0,807,0,0,807,0,0
4,250.0,370,237.06912928523727,0.0,767,250.045567570827,12.527404892325533,767,0,0,767,0,0,1156,0,0,1156,0,0
5,300.0,397,262.13947730802647,0.0,50,288.2570538855488,10.29892607866497,50,0,0,50,0,0,447,0,0,447,0,0
6,350.0,50,288.25705388554894,10.298926078664968,0,nan,nan,0,0,0,0,0,0,0,0,0,0,0,0
Totals,7,14683,NA,NA,14683,NA,NA,14683,0,0,14683,0,0,14683,0,0,18217,0,0
