Age,Class,N_Initial_Age,AgeSize_Mean,AgeSize_Std,N_Initial_Class,ClassSize_Mean,ClassSize_Std,N_GrowthBack_Class,Capture_Back,PackingDeaths_Emigration_Class,N_AfterEmigration_Class,Deaths_AfterEmiMort_Age,Deaths_AfterEmiMort_Size,N_GrowthOut_Class,Capture_Out,PackingDeaths_Immigration_Class,N_Immigration_Class,Deaths_AfterImmiMort_Age,Deaths_AfterImmiMort_Size
0,50.0,5883,50.15846326836464,9.882782365955613,5850,49.999082301837255,9.677254942913676,0,0,0,0,0,0,0,0,0,8875,0,0
1,100.0,9651,113.44465676002007,0.0,9684,113.32527781216386,2.0478201367264477,5883,0,0,5883,0,0,5883,0,0,5937,0,0
2,150.0,8280,164.79572781619694,0.0,8280,164.79572781619694,0.0,9651,0,7546,2105,0,0,2105,0,0,2105,0,0
3,200.0,1256,205.23032539160798,2.842170943040401e-14,1256,205.23032539160798,2.842170943040401e-14,9536,0,9154,382,0,0,344,0,0,344,0,0
4,250.0,576,237.06912928523727,0.0,823,244.59327990690056,11.490005747757872,823,0,0,823,0,0,614,0,0,614,0,0
5,300.0,247,262.1394773080264,5.684341886080802e-14,873,293.2948882208942,10.147466923467686,873,0,38,835,0,0,1064,0,248,816,0,0
6,350.0,1195,308.60891045350866,26.93039960371606,322,350.1279831524911,7.258756809823382,322,0,0,322,0,0,340,0,1,339,0,0
Totals,7,27088,NA,NA,27088,NA,NA,27088,0,16738,10350,0,0,10350,0,249,19030,0,0
