Age,Class,N_Initial_Age,AgeSize_Mean,AgeSize_Std,N_Initial_Class,ClassSize_Mean,ClassSize_Std,N_GrowthBack_Class,Capture_Back,PackingDeaths_Emigration_Class,N_AfterEmigration_Class,Deaths_AfterEmiMort_Age,Deaths_AfterEmiMort_Size,N_GrowthOut_Class,Capture_Out,PackingDeaths_Immigration_Class,N_Immigration_Class,Deaths_AfterImmiMort_Age,Deaths_AfterImmiMort_Size
0,50.0,1385,50.08176550287842,9.858095740559207,1378,49.9353798677743,9.663056697731069,0,0,0,0,0,0,0,0,54,1306,0,0
1,100.0,859,134.45931881561046,2.842170943040401e-14,7,78.89882338480454,3.4716174272794866,1385,0,65,1313,0,0,0,0,0,6,0,0
2,150.0,362,181.34298546680154,5.684341886080802e-14,859,134.45931881561046,2.842170943040401e-14,859,0,135,706,0,0,1246,0,380,866,0,0
3,200.0,182,218.25988232814927,8.526512829121202e-14,544,193.6938590490907,17.41872119127082,544,0,91,448,0,0,935,0,334,601,0,0
4,250.0,109,247.3287963277921,8.526512829121202e-14,182,256.5096675988599,11.218523884815594,182,0,39,143,0,0,213,0,36,177,0,0
5,300.0,73,270.2180918255227,5.684341886080802e-14,72,298.6234660456346,10.73471568857036,72,0,17,55,0,0,104,0,35,69,0,0
6,350.0,77,300.8592282089406,13.47074686843104,5,333.05420336054715,5.160586488422941,5,0,2,3,0,0,5,0,1,4,0,0
Totals,7,3047,NA,NA,3047,NA,NA,3047,0,349,2668,0,0,2503,0,840,3029,0,0
