Age,Class,N_Initial_Age,AgeSize_Mean,AgeSize_Std,N_Initial_Class,ClassSize_Mean,ClassSize_Std,N_GrowthBack_Class,Capture_Back,PackingDeaths_Emigration_Class,N_AfterEmigration_Class,Deaths_AfterEmiMort_Age,Deaths_AfterEmiMort_Size,N_GrowthOut_Class,Capture_Out,PackingDeaths_Immigration_Class,N_Immigration_Class,Deaths_AfterImmiMort_Age,Deaths_AfterImmiMort_Size
0,50.0,1261,49.93503755801304,10.087793124259838,1253,49.75779155160895,9.870447784686226,0,0,0,0,0,0,0,0,77,1383,0,0
1,100.0,822,134.4593188156105,0.0,8,77.69619331105486,2.3609262103077437,1261,0,75,1186,0,0,0,0,0,8,0,0
2,150.0,316,181.3429854668015,2.842170943040401e-14,822,134.4593188156105,0.0,822,0,85,737,0,0,1144,0,290,854,0,0
3,200.0,160,218.25988232814933,2.842170943040401e-14,476,193.7520264285991,17.439007647895348,476,0,67,409,0,0,946,0,399,547,0,0
4,250.0,106,247.32879632779213,5.684341886080802e-14,180,256.7388400324147,11.262342051223566,180,0,33,147,0,0,197,0,34,163,0,0
5,300.0,74,270.2180918255227,5.684341886080802e-14,76,299.1595748577668,11.909587417534212,76,0,14,62,0,0,108,0,28,80,0,0
6,350.0,81,301.33775576478683,14.416732515625512,5,334.4461055514904,6.5439067706035985,5,0,2,3,0,0,7,0,0,7,0,0
Totals,7,2820,NA,NA,2820,NA,NA,2820,0,276,2544,0,0,2402,0,828,3042,0,0
