Age,Class,N_Initial_Age,AgeSize_Mean,AgeSize_Std,N_Initial_Class,ClassSize_Mean,ClassSize_Std,N_GrowthBack_Class,Capture_Back,PackingDeaths_Emigration_Class,N_AfterEmigration_Class,Deaths_AfterEmiMort_Age,Deaths_AfterEmiMort_Size,N_GrowthOut_Class,Capture_Out,PackingDeaths_Immigration_Class,N_Immigration_Class,Deaths_AfterImmiMort_Age,Deaths_AfterImmiMort_Size
0,50.0,1235,49.59317889541182,9.957745497398092,1229,49.45658450250825,9.787076559158708,0,0,0,0,0,0,0,0,0,1188,0,0
1,100.0,806,134.4593188156105,0.0,6,77.57226370849264,1.6609595552587213,1235,0,30,1187,0,0,0,0,0,7,0,0
2,150.0,395,181.3429854668015,2.842170943040401e-14,806,134.4593188156105,0.0,806,0,23,776,0,0,1138,0,261,877,0,0
3,200.0,168,218.25988232814936,0.0,563,192.35903994763,16.89156862944212,563,0,77,485,0,0,1022,0,327,695,0,0
4,250.0,106,247.32879632779213,5.684341886080802e-14,160,255.05393355827624,10.823363783928677,160,0,21,138,0,0,212,0,39,173,0,0
5,300.0,54,270.2180918255229,1.1368683772161603e-13,64,298.6932548317336,12.987979426484745,64,0,8,56,0,0,92,0,11,81,0,0
6,350.0,68,300.6562430255558,14.86121443228383,4,332.0640541267116,2.7278729742332075,4,0,0,4,0,0,9,0,2,7,0,0
Totals,7,2832,NA,NA,2832,NA,NA,2832,0,159,2646,0,0,2473,0,640,3028,0,0
