Age,Class,N_Initial_Age,AgeSize_Mean,AgeSize_Std,N_Initial_Class,ClassSize_Mean,ClassSize_Std,N_GrowthBack_Class,Capture_Back,PackingDeaths_Emigration_Class,N_AfterEmigration_Class,Deaths_AfterEmiMort_Age,Deaths_AfterEmiMort_Size,N_GrowthOut_Class,Capture_Out,PackingDeaths_Immigration_Class,N_Immigration_Class,Deaths_AfterImmiMort_Age,Deaths_AfterImmiMort_Size
0,50.0,1072,50.10701611710119,10.331767692896694,1058,49.735807035973714,9.875832363986493,0,0,0,0,0,0,0,0,86,1212,0,0
1,100.0,755,134.4593188156105,0.0,14,78.15981667659214,2.374665226309421,1072,0,0,1072,0,0,0,0,0,4,0,0
2,150.0,388,181.34298546680154,5.684341886080802e-14,755,134.4593188156105,0.0,755,0,34,721,0,0,1030,0,216,814,0,0
3,200.0,217,218.25988232814927,8.526512829121202e-14,605,194.58425260549984,17.705799553663454,605,0,46,559,0,0,996,0,378,618,0,0
4,250.0,125,247.3287963277921,8.526512829121202e-14,174,253.77463241623352,10.295234046840182,174,0,22,152,0,0,288,0,65,223,0,0
5,300.0,49,270.21809182552283,5.684341886080802e-14,66,300.48701011263717,13.045445294058386,66,0,17,49,0,0,70,0,9,61,0,0
6,350.0,74,304.3624441905764,16.73404005720692,8,336.33477533357495,6.3331050372141195,8,0,1,7,0,0,12,0,0,12,0,0
Totals,7,2680,NA,NA,2680,NA,NA,2680,0,120,2560,0,0,2396,0,754,2944,0,0
