Age,Class,N_Initial_Age,AgeSize_Mean,AgeSize_Std,N_Initial_Class,ClassSize_Mean,ClassSize_Std,N_GrowthBack_Class,Capture_Back,PackingDeaths_Emigration_Class,N_AfterEmigration_Class,Deaths_AfterEmiMort_Age,Deaths_AfterEmiMort_Size,N_GrowthOut_Class,Capture_Out,PackingDeaths_Immigration_Class,N_Immigration_Class,Deaths_AfterImmiMort_Age,Deaths_AfterImmiMort_Size
0,50.0,1189,49.978243142443795,9.728475487511862,1186,49.90407101689873,9.626825620758597,0,0,0,0,0,0,0,0,22,1445,0,0
1,100.0,800,134.4593188156105,0.0,3,79.30095677458789,3.2327676034565704,1189,0,101,1088,0,0,0,0,0,5,0,0
2,150.0,385,181.34298546680154,5.684341886080802e-14,800,134.4593188156105,0.0,800,0,65,735,0,0,1027,0,223,804,0,0
3,200.0,195,218.2598823281493,5.684341886080802e-14,580,193.75470079087535,17.439935126180824,580,0,83,497,0,0,968,0,388,580,0,0
4,250.0,84,247.3287963277921,8.526512829121202e-14,154,257.7330215540333,11.397257699553165,154,0,11,143,0,0,227,0,31,196,0,0
5,300.0,70,270.21809182552266,1.1368683772161603e-13,66,299.4457711306057,11.948160641523888,66,0,5,61,0,0,104,0,38,66,0,0
6,350.0,72,302.3019566588482,15.014853713111531,6,333.71999746951695,7.627383074908125,6,0,0,6,0,0,10,0,1,9,0,0
Totals,7,2795,NA,NA,2795,NA,NA,2795,0,265,2530,0,0,2336,0,703,3105,0,0
