Age,Class,N_Initial_Age,AgeSize_Mean,AgeSize_Std,N_Initial_Class,ClassSize_Mean,ClassSize_Std,N_GrowthBack_Class,Capture_Back,PackingDeaths_Emigration_Class,N_AfterEmigration_Class,Deaths_AfterEmiMort_Age,Deaths_AfterEmiMort_Size,N_GrowthOut_Class,Capture_Out,PackingDeaths_Immigration_Class,N_Immigration_Class,Deaths_AfterImmiMort_Age,Deaths_AfterImmiMort_Size
0,50.0,1618,49.428039588459384,10.170791063971624,1611,49.29903782102493,10.000570466721616,0,0,0,0,0,0,0,0,46,1431,0,0
1,100.0,876,134.4593188156105,0.0,7,79.11687492230519,2.8986763168278804,1618,0,155,1463,0,0,0,0,0,11,0,0
2,150.0,482,181.34298546680157,8.526512829121202e-14,876,134.4593188156105,0.0,876,0,132,744,0,0,1415,0,495,920,0,0
3,200.0,180,218.2598823281493,5.684341886080802e-14,662,191.3808124079535,16.42581663717364,662,0,128,534,0,0,1049,0,404,645,0,0
4,250.0,125,247.3287963277921,8.526512829121202e-14,199,255.84039364855627,11.062421854269664,199,0,31,168,0,0,234,0,41,193,0,0
5,300.0,74,270.2180918255227,5.684341886080802e-14,77,296.042712967088,9.661809977213846,77,0,10,67,0,0,120,0,20,100,0,0
6,350.0,89,301.11394858959926,15.843590000323877,12,333.65437716737955,6.231181715011923,12,0,3,9,0,0,11,0,1,10,0,0
Totals,7,3444,NA,NA,3444,NA,NA,3444,0,459,2985,0,0,2829,0,1007,3310,0,0
