Age,Class,N_Initial_Age,AgeSize_Mean,AgeSize_Std,N_Initial_Class,ClassSize_Mean,ClassSize_Std,N_GrowthBack_Class,Capture_Back,PackingDeaths_Emigration_Class,N_AfterEmigration_Class,Deaths_AfterEmiMort_Age,Deaths_AfterEmiMort_Size,N_GrowthOut_Class,Capture_Out,PackingDeaths_Immigration_Class,N_Immigration_Class,Deaths_AfterImmiMort_Age,Deaths_AfterImmiMort_Size
0,50.0,1195,50.15634876213265,10.148644130685588,1187,49.96487440963104,9.90898744100062,0,0,0,0,0,0,0,0,95,1576,0,0
1,100.0,816,134.4593188156105,0.0,8,78.56635581455947,1.9123913040539833,1195,0,7,1188,0,0,0,0,0,8,0,0
2,150.0,413,181.34298546680157,8.526512829121202e-14,816,134.4593188156105,0.0,816,0,43,773,0,0,1147,0,194,953,0,0
3,200.0,179,218.25988232814927,8.526512829121202e-14,592,192.5053579975131,16.955282213217156,592,0,58,534,0,0,1065,0,344,721,0,0
4,250.0,112,247.32879632779216,2.842170943040401e-14,167,254.86718706057763,10.757375061785982,167,0,9,158,0,0,245,0,20,225,0,0
5,300.0,55,270.2180918255229,1.1368683772161603e-13,67,298.22320400931375,11.446869273267838,67,0,7,60,0,0,94,0,13,81,0,0
6,350.0,75,301.95532647716504,15.39797479575432,8,333.2118521454192,5.637694282903638,8,0,0,8,0,0,11,0,0,11,0,0
Totals,7,2845,NA,NA,2845,NA,NA,2845,0,124,2721,0,0,2562,0,666,3575,0,0
