Age,Class,N_Initial_Age,AgeSize_Mean,AgeSize_Std,N_Initial_Class,ClassSize_Mean,ClassSize_Std,N_GrowthBack_Class,Capture_Back,PackingDeaths_Emigration_Class,N_AfterEmigration_Class,Deaths_AfterEmiMort_Age,Deaths_AfterEmiMort_Size,N_GrowthOut_Class,Capture_Out,PackingDeaths_Immigration_Class,N_Immigration_Class,Deaths_AfterImmiMort_Age,Deaths_AfterImmiMort_Size
0,50.0,1330,49.83651005435317,9.771037565007598,1322,49.66768080566347,9.552417911759726,0,0,0,0,0,0,0,0,55,1202,0,0
1,100.0,796,134.4593188156105,0.0,8,77.73554340032635,3.2409010818791395,1330,0,89,1202,0,0,0,0,0,8,0,0
2,150.0,378,181.34298546680154,5.684341886080802e-14,796,134.4593188156105,0.0,796,0,48,748,0,0,1163,0,313,850,0,0
3,200.0,140,218.25988232814936,0.0,518,191.32052515905767,16.394770673555595,518,0,67,451,0,0,987,0,378,609,0,0
4,250.0,85,247.3287963277921,8.526512829121202e-14,149,257.16044003151535,11.330409526842473,149,0,15,134,0,0,183,0,36,147,0,0
5,300.0,64,270.2180918255228,0.0,76,298.8393683019582,12.34797405001561,76,0,13,63,0,0,101,0,24,77,0,0
6,350.0,82,301.422144501995,15.124701748339332,6,334.1373097024609,6.3438466314186,6,0,1,5,0,0,11,0,2,9,0,0
Totals,7,2875,NA,NA,2875,NA,NA,2875,0,233,2603,0,0,2445,0,808,2902,0,0
