Age,Class,N_Initial_Age,AgeSize_Mean,AgeSize_Std,N_Initial_Class,ClassSize_Mean,ClassSize_Std,N_GrowthBack_Class,Capture_Back,PackingDeaths_Emigration_Class,N_AfterEmigration_Class,Deaths_AfterEmiMort_Age,Deaths_AfterEmiMort_Size,N_GrowthOut_Class,Capture_Out,PackingDeaths_Immigration_Class,N_Immigration_Class,Deaths_AfterImmiMort_Age,Deaths_AfterImmiMort_Size
0,50.0,1409,49.548673282492494,9.928597711866821,1404,49.445115837000316,9.791799178803478,0,0,0,0,0,0,0,0,42,1505,0,0
1,100.0,867,134.45931881561046,2.842170943040401e-14,5,78.62760397669643,2.7389162123131343,1409,0,105,1297,0,0,0,0,0,9,0,0
2,150.0,418,181.34298546680157,8.526512829121202e-14,867,134.45931881561046,2.842170943040401e-14,867,0,109,756,0,0,1258,0,424,834,0,0
3,200.0,165,218.25988232814927,8.526512829121202e-14,583,191.79116382378675,16.629789289537513,583,0,131,452,0,0,992,0,403,589,0,0
4,250.0,100,247.3287963277921,8.526512829121202e-14,166,256.42935959797416,11.202019016784595,166,0,26,140,0,0,200,0,41,159,0,0
5,300.0,66,270.2180918255227,5.684341886080802e-14,61,299.57140438444884,11.810196295570906,61,0,7,54,0,0,96,0,25,71,0,0
6,350.0,73,305.6110355846648,17.449499281917124,12,336.31249418576255,3.905352523320499,12,0,3,9,0,0,12,0,1,11,0,0
Totals,7,3098,NA,NA,3098,NA,NA,3098,0,381,2708,0,0,2558,0,936,3178,0,0
