Age,Class,N_Initial_Age,AgeSize_Mean,AgeSize_Std,N_Initial_Class,ClassSize_Mean,ClassSize_Std,N_GrowthBack_Class,Capture_Back,PackingDeaths_Emigration_Class,N_AfterEmigration_Class,Deaths_AfterEmiMort_Age,Deaths_AfterEmiMort_Size,N_GrowthOut_Class,Capture_Out,PackingDeaths_Immigration_Class,N_Immigration_Class,Deaths_AfterImmiMort_Age,Deaths_AfterImmiMort_Size
0,50.0,1516,49.82875033050947,10.210398225073765,1506,49.642539657497025,9.981014065234772,0,0,0,0,0,0,0,0,162,1262,0,0
1,100.0,785,134.45931881561046,2.842170943040401e-14,10,77.87207768618353,3.1811211214694817,1516,0,245,1271,0,0,0,0,0,6,0,0
2,150.0,358,181.34298546680154,5.684341886080802e-14,785,134.45931881561046,2.842170943040401e-14,785,0,109,676,0,0,1224,0,411,813,0,0
3,200.0,174,218.25988232814925,1.1368683772161603e-13,532,193.4173088763401,17.319274412698785,532,0,103,429,0,0,892,0,417,475,0,0
4,250.0,111,247.32879632779208,1.1368683772161603e-13,180,256.10302626858885,11.128738959377099,180,0,29,151,0,0,218,0,47,171,0,0
5,300.0,69,270.2180918255227,5.684341886080802e-14,66,299.74841000738655,12.268668123066673,66,0,13,53,0,0,95,0,24,71,0,0
6,350.0,76,304.3369671092237,16.554504657806298,10,334.621443981349,5.766048863747537,10,0,1,9,0,0,13,0,3,10,0,0
Totals,7,3089,NA,NA,3089,NA,NA,3089,0,500,2589,0,0,2442,0,1064,2808,0,0
