Age,Class,N_Initial_Age,AgeSize_Mean,AgeSize_Std,N_Initial_Class,ClassSize_Mean,ClassSize_Std,N_GrowthBack_Class,Capture_Back,PackingDeaths_Emigration_Class,N_AfterEmigration_Class,Deaths_AfterEmiMort_Age,Deaths_AfterEmiMort_Size,N_GrowthOut_Class,Capture_Out,PackingDeaths_Immigration_Class,N_Immigration_Class,Deaths_AfterImmiMort_Age,Deaths_AfterImmiMort_Size
0,50.0,1125,49.79366042606931,9.832288582889591,1117,49.58899425585068,9.563798052189018,0,0,0,0,0,0,0,0,45,1292,0,0
1,100.0,700,134.4593188156105,0.0,8,78.3701744428451,1.1525659763030538,1125,0,75,1050,0,0,0,0,0,8,0,0
2,150.0,431,181.34298546680154,5.684341886080802e-14,700,134.4593188156105,0.0,700,0,88,612,0,0,1000,0,230,770,0,0
3,200.0,189,218.25988232814927,8.526512829121202e-14,620,192.59668467130916,16.994290425195917,620,0,73,547,0,0,920,0,352,568,0,0
4,250.0,107,247.32879632779213,5.684341886080802e-14,163,255.19260336995725,10.870029527505727,163,0,10,153,0,0,251,0,57,194,0,0
5,300.0,56,270.2180918255228,0.0,75,297.2355823091918,11.634463742639976,75,0,17,58,0,0,98,0,20,78,0,0
6,350.0,82,300.4870585499658,15.46962460861085,7,335.32430398682976,5.112483348733119,7,0,1,6,0,0,9,0,2,7,0,0
Totals,7,2690,NA,NA,2690,NA,NA,2690,0,264,2426,0,0,2278,0,706,2917,0,0
