Age,Class,N_Initial_Age,AgeSize_Mean,AgeSize_Std,N_Initial_Class,ClassSize_Mean,ClassSize_Std,N_GrowthBack_Class,Capture_Back,PackingDeaths_Emigration_Class,N_AfterEmigration_Class,Deaths_AfterEmiMort_Age,Deaths_AfterEmiMort_Size,N_GrowthOut_Class,Capture_Out,PackingDeaths_Immigration_Class,N_Immigration_Class,Deaths_AfterImmiMort_Age,Deaths_AfterImmiMort_Size
0,50.0,1376,50.50805113692932,9.900874066865923,1364,50.26601770707991,9.598593939205143,0,0,0,0,0,0,0,0,8,1472,0,0
1,100.0,763,134.4593188156105,0.0,12,78.01918432981164,2.1194027209533584,1376,0,45,1331,0,0,0,0,0,7,0,0
2,150.0,376,181.34298546680154,5.684341886080802e-14,763,134.4593188156105,0.0,763,0,64,699,0,0,1296,0,365,931,0,0
3,200.0,190,218.2598823281493,5.684341886080802e-14,566,193.7355833531197,17.433295031100354,566,0,83,483,0,0,922,0,335,587,0,0
4,250.0,132,247.32879632779213,5.684341886080802e-14,185,253.88627017308792,10.348695247801851,185,0,25,160,0,0,261,0,56,205,0,0
5,300.0,53,270.2180918255229,1.1368683772161603e-13,68,296.04687400037847,10.608217769754617,68,0,16,52,0,0,87,0,10,77,0,0
6,350.0,73,299.00031663789713,15.00764276927393,5,339.1671365081513,5.087072148195653,5,0,1,4,0,0,6,0,0,6,0,0
Totals,7,2963,NA,NA,2963,NA,NA,2963,0,234,2729,0,0,2572,0,774,3285,0,0
