Age,Class,N_Initial_Age,AgeSize_Mean,AgeSize_Std,N_Initial_Class,ClassSize_Mean,ClassSize_Std,N_GrowthBack_Class,Capture_Back,PackingDeaths_Emigration_Class,N_AfterEmigration_Class,Deaths_AfterEmiMort_Age,Deaths_AfterEmiMort_Size,N_GrowthOut_Class,Capture_Out,PackingDeaths_Immigration_Class,N_Immigration_Class,Deaths_AfterImmiMort_Age,Deaths_AfterImmiMort_Size
0,50.0,1014,49.922897593361554,10.229899108266599,1006,49.70503468325695,9.972527034536693,0,0,0,0,0,0,0,0,7,1267,0,0
1,100.0,781,134.4593188156105,0.0,8,77.3191585390158,1.4033128318228143,1014,0,90,924,0,0,0,0,0,6,0,0
2,150.0,365,181.34298546680154,5.684341886080802e-14,781,134.4593188156105,0.0,781,0,50,731,0,0,872,0,162,710,0,0
3,200.0,172,218.25988232814933,2.842170943040401e-14,537,193.16739191028725,17.225092318477515,537,0,85,452,0,0,972,0,372,600,0,0
4,250.0,102,247.32879632779208,1.1368683772161603e-13,177,257.0276503522543,11.310710250353065,177,0,12,165,0,0,213,0,47,166,0,0
5,300.0,75,270.2180918255227,5.684341886080802e-14,60,300.29657206539997,12.881022024647491,60,0,2,58,0,0,110,0,29,81,0,0
6,350.0,68,304.30368102277885,16.399166674190397,8,334.35699820312,4.230061661083709,8,0,1,7,0,0,15,0,1,14,0,0
Totals,7,2577,NA,NA,2577,NA,NA,2577,0,240,2337,0,0,2182,0,618,2844,0,0
