Age,Class,N_Initial_Age,AgeSize_Mean,AgeSize_Std,N_Initial_Class,ClassSize_Mean,ClassSize_Std,N_GrowthBack_Class,Capture_Back,PackingDeaths_Emigration_Class,N_AfterEmigration_Class,Deaths_AfterEmiMort_Age,Deaths_AfterEmiMort_Size,N_GrowthOut_Class,Capture_Out,PackingDeaths_Immigration_Class,N_Immigration_Class,Deaths_AfterImmiMort_Age,Deaths_AfterImmiMort_Size
0,50.0,1308,49.961845474475616,9.919219837819695,1303,49.85584665285411,9.787972175646845,0,0,0,0,0,0,0,0,0,1406,0,0
1,100.0,779,134.45931881561046,2.842170943040401e-14,5,77.58513838903892,2.542525656538017,1308,0,33,1259,0,0,0,0,0,7,0,0
2,150.0,378,181.34298546680154,5.684341886080802e-14,779,134.45931881561046,2.842170943040401e-14,779,0,26,750,0,0,1215,0,217,998,0,0
3,200.0,204,218.2598823281493,5.684341886080802e-14,582,194.28292869655232,17.61421070656399,582,0,53,529,0,0,992,0,296,696,0,0
4,250.0,119,247.32879632779208,1.1368683772161603e-13,181,255.1693284872358,10.862334597760057,181,0,5,176,0,0,277,0,54,223,0,0
5,300.0,62,270.21809182552283,5.684341886080802e-14,72,298.45499738051086,11.903193869189165,72,0,8,64,0,0,106,0,19,87,0,0
6,350.0,79,301.8337768207873,15.771695685858715,7,336.5869367779169,4.97325598438936,7,0,2,5,0,0,14,0,2,12,0,0
Totals,7,2929,NA,NA,2929,NA,NA,2929,0,127,2783,0,0,2604,0,588,3429,0,0
