Age,Class,N_Initial_Age,AgeSize_Mean,AgeSize_Std,N_Initial_Class,ClassSize_Mean,ClassSize_Std,N_GrowthBack_Class,Capture_Back,PackingDeaths_Emigration_Class,N_AfterEmigration_Class,Deaths_AfterEmiMort_Age,Deaths_AfterEmiMort_Size,N_GrowthOut_Class,Capture_Out,PackingDeaths_Immigration_Class,N_Immigration_Class,Deaths_AfterImmiMort_Age,Deaths_AfterImmiMort_Size
0,50.0,1124,49.971063315833526,10.222445974343117,1116,49.77288969713695,9.98185147003843,0,0,0,0,0,0,0,0,6,1484,0,0
1,100.0,966,134.4593188156105,0.0,8,77.61628312400595,3.5884758222231117,1124,0,0,1124,0,0,0,0,0,9,0,0
2,150.0,432,181.3429854668015,2.842170943040401e-14,966,134.4593188156105,0.0,966,0,125,841,0,0,1085,0,259,826,0,0
3,200.0,226,218.25988232814927,8.526512829121202e-14,658,194.02264913042552,17.53054377604874,658,0,112,546,0,0,1111,0,513,598,0,0
4,250.0,92,247.3287963277921,8.526512829121202e-14,148,255.989610840447,11.100911431435588,148,0,17,131,0,0,251,0,48,203,0,0
5,300.0,56,270.2180918255228,0.0,75,300.0791525457699,11.441082141839642,75,0,14,61,0,0,95,0,16,79,0,0
6,350.0,85,304.02099305471836,15.26861406684406,10,333.5847968718316,3.0525222349501084,10,0,1,9,0,0,13,0,0,13,0,0
Totals,7,2981,NA,NA,2981,NA,NA,2981,0,269,2712,0,0,2555,0,842,3212,0,0
