Age,Class,N_Initial_Age,AgeSize_Mean,AgeSize_Std,N_Initial_Class,ClassSize_Mean,ClassSize_Std,N_GrowthBack_Class,Capture_Back,PackingDeaths_Emigration_Class,N_AfterEmigration_Class,Deaths_AfterEmiMort_Age,Deaths_AfterEmiMort_Size,N_GrowthOut_Class,Capture_Out,PackingDeaths_Immigration_Class,N_Immigration_Class,Deaths_AfterImmiMort_Age,Deaths_AfterImmiMort_Size
0,50.0,1270,50.0381072257712,9.913248292281777,1262,49.86118423741153,9.689160975013529,0,0,0,0,0,0,0,0,37,1366,0,0
1,100.0,787,134.45931881561046,2.842170943040401e-14,8,77.94770863950842,2.7073111866771216,1270,0,34,1236,0,0,0,0,0,5,0,0
2,150.0,417,181.34298546680154,5.684341886080802e-14,787,134.45931881561046,2.842170943040401e-14,787,0,69,718,0,0,1173,0,313,860,0,0
3,200.0,190,218.2598823281493,5.684341886080802e-14,607,192.89852155190215,17.119115620182637,607,0,44,563,0,0,1024,0,387,637,0,0
4,250.0,108,247.3287963277921,8.526512829121202e-14,169,255.59061304590793,10.993159178566705,169,0,17,152,0,0,245,0,37,208,0,0
5,300.0,61,270.21809182552283,5.684341886080802e-14,70,298.18257245811026,11.499929590565905,70,0,9,61,0,0,101,0,24,77,0,0
6,350.0,78,301.6712252292584,15.092035419111266,8,332.1969369768047,5.026622218325844,8,0,2,6,0,0,7,0,0,7,0,0
Totals,7,2911,NA,NA,2911,NA,NA,2911,0,175,2736,0,0,2550,0,798,3160,0,0
