Age,Class,N_Initial_Age,AgeSize_Mean,AgeSize_Std,N_Initial_Class,ClassSize_Mean,ClassSize_Std,N_GrowthBack_Class,Capture_Back,PackingDeaths_Emigration_Class,N_AfterEmigration_Class,Deaths_AfterEmiMort_Age,Deaths_AfterEmiMort_Size,N_GrowthOut_Class,Capture_Out,PackingDeaths_Immigration_Class,N_Immigration_Class,Deaths_AfterImmiMort_Age,Deaths_AfterImmiMort_Size
0,50.0,3497,50.138496425507576,9.971383787821992,3495,50.06563690987124,9.802120308863001,0,0,0,0,0,0,0,0,29867,32809,0,0
1,100.0,3343,100.00875381393956,9.88929455888471,3341,99.98289105058365,9.613881117528766,3497,0,48,3444,0,0,0,0,1,200,0,0
2,150.0,3695,149.82114343707713,10.188309000760988,3702,149.8106620745543,10.03872046919486,3343,0,798,2540,0,0,3394,0,2006,1388,0,0
3,200.0,3725,199.87305771812078,9.988928872534895,3725,199.91569288590605,9.772748934571284,7420,0,6466,944,0,0,2948,0,2026,922,0,0
4,250.0,3690,249.6822379403794,9.887298154773069,3683,249.6780714091773,9.648772905458374,7314,0,7298,16,0,0,469,0,166,303,0,0
5,300.0,3624,300.1330527041942,9.966887348350875,3628,300.09469046306504,9.776141107939557,3836,0,3829,4,0,0,12,0,1,11,0,0
6,350.0,3836,349.8541571949948,10.048033133140283,3836,349.89960844629826,9.939034857327632,0,0,0,0,0,0,0,0,0,0,0,0
Totals,7,25410,NA,NA,25410,NA,NA,25410,0,18439,6948,0,0,6823,0,34067,35633,0,0
