Age,Class,N_Initial_Age,AgeSize_Mean,AgeSize_Std,N_Initial_Class,ClassSize_Mean,ClassSize_Std,N_GrowthBack_Class,Capture_Back,PackingDeaths_Emigration_Class,N_AfterEmigration_Class,Deaths_AfterEmiMort_Age,Deaths_AfterEmiMort_Size,N_GrowthOut_Class,Capture_Out,PackingDeaths_Immigration_Class,N_Immigration_Class,Deaths_AfterImmiMort_Age,Deaths_AfterImmiMort_Size
0,50.0,1266,50.01357011523454,10.035800137644674,1258,49.82687054628252,9.782261561045836,0,0,0,0,0,0,0,0,4,1455,0,0
1,100.0,760,134.4593188156105,0.0,8,79.37207733293948,4.8414102986556165,1266,0,86,1180,0,0,0,0,0,12,0,0
2,150.0,372,181.3429854668015,2.842170943040401e-14,760,134.4593188156105,0.0,760,0,80,680,0,0,1125,0,271,854,0,0
3,200.0,234,218.25988232814925,1.1368683772161603e-13,606,195.59802484890614,17.973471307409007,606,0,67,539,0,0,909,0,283,626,0,0
4,250.0,120,247.32879632779216,2.842170943040401e-14,195,256.132371519227,11.135739662994785,195,0,32,163,0,0,269,0,57,212,0,0
5,300.0,75,270.2180918255227,5.684341886080802e-14,62,297.464191392874,11.838518796925053,62,0,9,53,0,0,112,0,38,74,0,0
6,350.0,73,303.8007584374384,18.688359977791198,11,339.5159545068007,5.094658502124621,11,0,3,8,0,0,8,0,3,5,0,0
Totals,7,2900,NA,NA,2900,NA,NA,2900,0,277,2623,0,0,2423,0,656,3238,0,0
