Age,Class,N_Initial_Age,AgeSize_Mean,AgeSize_Std,N_Initial_Class,ClassSize_Mean,ClassSize_Std,N_GrowthBack_Class,Capture_Back,PackingDeaths_Emigration_Class,N_AfterEmigration_Class,Deaths_AfterEmiMort_Age,Deaths_AfterEmiMort_Size,N_GrowthOut_Class,Capture_Out,PackingDeaths_Immigration_Class,N_Immigration_Class,Deaths_AfterImmiMort_Age,Deaths_AfterImmiMort_Size
0,50.0,1303,49.52237012880751,9.964010864321525,1298,49.41270434515089,9.824176514608597,0,0,0,0,0,0,0,0,13,1458,0,0
1,100.0,937,134.45931881561046,2.842170943040401e-14,5,77.99160756606298,1.99821554393884,1303,0,99,1179,0,0,0,0,0,7,0,0
2,150.0,419,181.34298546680154,5.684341886080802e-14,937,134.45931881561046,2.842170943040401e-14,937,0,179,756,0,0,1123,0,368,755,0,0
3,200.0,207,218.25988232814925,1.1368683772161603e-13,626,193.55032995609704,17.367729212016542,626,0,150,476,0,0,990,0,387,603,0,0
4,250.0,117,247.3287963277921,8.526512829121202e-14,202,256.9604305718867,11.300130270360883,202,0,24,178,0,0,234,0,50,184,0,0
5,300.0,85,270.21809182552266,1.1368683772161603e-13,65,300.0084029663146,11.994222893038192,65,0,17,48,0,0,104,0,37,67,0,0
6,350.0,76,305.39010255051164,17.26024130369263,11,337.19105463894863,5.078831459995744,11,0,1,10,0,0,10,0,0,10,0,0
Totals,7,3144,NA,NA,3144,NA,NA,3144,0,470,2647,0,0,2461,0,855,3084,0,0
