Age,Class,N_Initial_Age,AgeSize_Mean,AgeSize_Std,N_Initial_Class,ClassSize_Mean,ClassSize_Std,N_GrowthBack_Class,Capture_Back,PackingDeaths_Emigration_Class,N_AfterEmigration_Class,Deaths_AfterEmiMort_Age,Deaths_AfterEmiMort_Size,N_GrowthOut_Class,Capture_Out,PackingDeaths_Immigration_Class,N_Immigration_Class,Deaths_AfterImmiMort_Age,Deaths_AfterImmiMort_Size
0,50.0,1678,50.64901960989008,9.862806990081253,1668,50.48662088432443,9.66290596339413,0,0,0,0,0,0,0,0,11,1093,0,0
1,100.0,824,134.4593188156105,0.0,10,77.73712703424029,3.188379338873668,1678,0,175,1490,0,0,0,0,0,6,0,0
2,150.0,321,181.3429854668015,2.842170943040401e-14,824,134.4593188156105,0.0,824,0,78,745,0,0,1424,0,612,812,0,0
3,200.0,164,218.2598823281493,5.684341886080802e-14,485,193.8262248178552,17.46456970333576,485,0,87,398,0,0,962,0,460,502,0,0
4,250.0,121,247.32879632779216,2.842170943040401e-14,194,255.94177865425775,11.088806654964886,194,0,48,146,0,0,203,0,68,135,0,0
5,300.0,73,270.2180918255227,5.684341886080802e-14,67,298.9412076177515,12.458103857760944,67,0,22,45,0,0,89,0,35,54,0,0
6,350.0,78,303.8635177185959,16.894406642046135,11,333.84486106010286,5.6657018373029215,11,0,2,9,0,0,12,0,1,11,0,0
Totals,7,3259,NA,NA,3259,NA,NA,3259,0,412,2833,0,0,2690,0,1187,2613,0,0
