Age,Class,N_Initial_Age,AgeSize_Mean,AgeSize_Std,N_Initial_Class,ClassSize_Mean,ClassSize_Std,N_GrowthBack_Class,Capture_Back,PackingDeaths_Emigration_Class,N_AfterEmigration_Class,Deaths_AfterEmiMort_Age,Deaths_AfterEmiMort_Size,N_GrowthOut_Class,Capture_Out,PackingDeaths_Immigration_Class,N_Immigration_Class,Deaths_AfterImmiMort_Age,Deaths_AfterImmiMort_Size
0,50.0,1151,49.616143299313244,10.141439623216492,1145,49.468320294478126,9.958388917835864,0,0,0,0,0,0,0,0,42,1181,0,0
1,100.0,733,134.4593188156105,0.0,6,77.8257000553513,2.2428636926988217,1151,0,24,1127,0,0,0,0,0,8,0,0
2,150.0,379,181.34298546680154,5.684341886080802e-14,733,134.4593188156105,0.0,733,0,108,625,0,0,1088,0,359,729,0,0
3,200.0,152,218.25988232814933,2.842170943040401e-14,531,191.91053409754514,16.68676178338114,531,0,80,451,0,0,897,0,375,522,0,0
4,250.0,99,247.32879632779213,5.684341886080802e-14,149,255.0097679713259,10.808085134276276,149,0,18,131,0,0,197,0,35,162,0,0
5,300.0,50,270.21809182552283,5.684341886080802e-14,75,299.0123485686127,12.296998159827515,75,0,18,57,0,0,84,0,23,61,0,0
6,350.0,86,303.6634814175826,16.81452765633958,11,335.3757508423772,5.1221344485878975,11,0,4,7,0,0,11,0,2,9,0,0
Totals,7,2650,NA,NA,2650,NA,NA,2650,0,252,2398,0,0,2277,0,836,2672,0,0
