Age,Class,N_Initial_Age,AgeSize_Mean,AgeSize_Std,N_Initial_Class,ClassSize_Mean,ClassSize_Std,N_GrowthBack_Class,Capture_Back,PackingDeaths_Emigration_Class,N_AfterEmigration_Class,Deaths_AfterEmiMort_Age,Deaths_AfterEmiMort_Size,N_GrowthOut_Class,Capture_Out,PackingDeaths_Immigration_Class,N_Immigration_Class,Deaths_AfterImmiMort_Age,Deaths_AfterImmiMort_Size
0,50.0,1465,49.62570633794236,9.652961633902256,1458,49.48727306361402,9.464459211240388,0,0,0,0,0,0,0,0,92,1480,0,0
1,100.0,871,134.4593188156105,0.0,7,78.45937976233141,2.898706308446113,1465,0,64,1401,0,0,0,0,0,5,0,0
2,150.0,401,181.34298546680154,5.684341886080802e-14,871,134.4593188156105,0.0,871,0,104,767,0,0,1341,0,394,947,0,0
3,200.0,199,218.25988232814927,8.526512829121202e-14,600,193.58708959248187,17.380916066963884,600,0,92,508,0,0,1020,0,384,636,0,0
4,250.0,107,247.32879632779213,5.684341886080802e-14,166,255.46414834204575,10.955753001801773,166,0,13,153,0,0,235,0,59,176,0,0
5,300.0,59,270.21809182552283,5.684341886080802e-14,72,296.50956921747314,10.051656926553916,72,0,14,58,0,0,96,0,25,71,0,0
6,350.0,83,301.30623358530596,15.481607028486671,11,332.7025821747571,3.292717820930442,11,0,0,11,0,0,13,0,0,13,0,0
Totals,7,3185,NA,NA,3185,NA,NA,3185,0,287,2898,0,0,2705,0,954,3328,0,0
