Age,Class,N_Initial_Age,AgeSize_Mean,AgeSize_Std,N_Initial_Class,ClassSize_Mean,ClassSize_Std,N_GrowthBack_Class,Capture_Back,PackingDeaths_Emigration_Class,N_AfterEmigration_Class,Deaths_AfterEmiMort_Age,Deaths_AfterEmiMort_Size,N_GrowthOut_Class,Capture_Out,PackingDeaths_Immigration_Class,N_Immigration_Class,Deaths_AfterImmiMort_Age,Deaths_AfterImmiMort_Size
0,50.0,1251,50.6496287235133,9.947969169293316,1244,50.49089986367906,9.744002100987297,0,0,0,0,0,0,0,0,12,1303,0,0
1,100.0,865,134.45931881561046,2.842170943040401e-14,7,78.85801467119731,3.5444917976492274,1251,0,171,1080,0,0,0,0,0,8,0,0
2,150.0,399,181.34298546680157,8.526512829121202e-14,865,134.45931881561046,2.842170943040401e-14,865,0,66,799,0,0,1039,0,261,778,0,0
3,200.0,148,218.25988232814936,0.0,547,191.33146944391208,16.400427452454473,547,0,88,459,0,0,1059,0,408,651,0,0
4,250.0,97,247.32879632779216,2.842170943040401e-14,167,256.9231118058828,11.294079536789948,167,0,22,145,0,0,188,0,24,164,0,0
5,300.0,70,270.21809182552266,1.1368683772161603e-13,73,299.3380931335111,10.878352748927249,73,0,10,63,0,0,115,0,42,73,0,0
6,350.0,84,304.46395543648293,16.799828423437912,11,338.4810416289325,6.194876118346121,11,0,0,11,0,0,12,0,2,10,0,0
Totals,7,2914,NA,NA,2914,NA,NA,2914,0,357,2557,0,0,2413,0,749,2987,0,0
