Age,Class,N_Initial_Age,AgeSize_Mean,AgeSize_Std,N_Initial_Class,ClassSize_Mean,ClassSize_Std,N_GrowthBack_Class,Capture_Back,PackingDeaths_Emigration_Class,N_AfterEmigration_Class,Deaths_AfterEmiMort_Age,Deaths_AfterEmiMort_Size,N_GrowthOut_Class,Capture_Out,PackingDeaths_Immigration_Class,N_Immigration_Class,Deaths_AfterImmiMort_Age,Deaths_AfterImmiMort_Size
0,50.0,1416,49.978618865879035,10.033223420877121,1399,49.64145735804464,9.612383582368919,0,0,0,0,0,0,0,0,106,1460,0,0
1,100.0,806,134.4593188156105,0.0,17,77.72502765766322,1.3515353344005276,1416,0,69,1347,0,0,0,0,0,10,0,0
2,150.0,374,181.34298546680154,5.684341886080802e-14,806,134.4593188156105,0.0,806,0,88,718,0,0,1299,0,393,906,0,0
3,200.0,173,218.2598823281493,5.684341886080802e-14,547,193.0187133589645,17.167091208597675,547,0,42,505,0,0,972,0,349,623,0,0
4,250.0,119,247.32879632779208,1.1368683772161603e-13,188,255.72965478174646,11.032466126111277,188,0,15,173,0,0,237,0,43,194,0,0
5,300.0,69,270.2180918255227,5.684341886080802e-14,69,299.18944068706674,11.86625747064545,69,0,5,64,0,0,117,0,33,84,0,0
6,350.0,74,301.5636678665397,14.504230064419371,5,334.328002943265,4.367249114965852,5,0,0,5,0,0,9,0,0,9,0,0
Totals,7,3031,NA,NA,3031,NA,NA,3031,0,219,2812,0,0,2634,0,924,3286,0,0
