Age,Class,N_Initial_Age,AgeSize_Mean,AgeSize_Std,N_Initial_Class,ClassSize_Mean,ClassSize_Std,N_GrowthBack_Class,Capture_Back,PackingDeaths_Emigration_Class,N_AfterEmigration_Class,Deaths_AfterEmiMort_Age,Deaths_AfterEmiMort_Size,N_GrowthOut_Class,Capture_Out,PackingDeaths_Immigration_Class,N_Immigration_Class,Deaths_AfterImmiMort_Age,Deaths_AfterImmiMort_Size
0,50.0,1210,49.972970332119225,9.666969015944305,1205,49.859706643018754,9.525030811755268,0,0,0,0,0,0,0,0,0,1327,0,0
1,100.0,736,134.4593188156105,0.0,5,77.26951940533044,1.3265694377574655,1210,0,45,1165,0,0,0,0,0,3,0,0
2,150.0,392,181.3429854668015,2.842170943040401e-14,736,134.4593188156105,0.0,736,0,61,675,0,0,1106,0,243,863,0,0
3,200.0,142,218.25988232814933,2.842170943040401e-14,534,191.1598381902311,16.31064505469925,534,0,68,466,0,0,933,0,356,577,0,0
4,250.0,108,247.3287963277921,8.526512829121202e-14,175,256.0921266040661,11.126117863243408,175,0,28,147,0,0,193,0,23,170,0,0
5,300.0,67,270.2180918255227,5.684341886080802e-14,61,300.6137132928035,12.479176123870175,61,0,14,47,0,0,88,0,26,62,0,0
6,350.0,69,304.2518789350961,15.550906055711907,8,331.9928919575775,5.278200323475107,8,0,2,6,0,0,12,0,0,12,0,0
Totals,7,2724,NA,NA,2724,NA,NA,2724,0,218,2506,0,0,2332,0,648,3014,0,0
