Age,Class,N_Initial_Age,AgeSize_Mean,AgeSize_Std,N_Initial_Class,ClassSize_Mean,ClassSize_Std,N_GrowthBack_Class,Capture_Back,PackingDeaths_Emigration_Class,N_AfterEmigration_Class,Deaths_AfterEmiMort_Age,Deaths_AfterEmiMort_Size,N_GrowthOut_Class,Capture_Out,PackingDeaths_Immigration_Class,N_Immigration_Class,Deaths_AfterImmiMort_Age,Deaths_AfterImmiMort_Size
0,50.0,1192,50.14328616399683,10.092372147519919,1183,49.935382736610016,9.84328888054552,0,0,0,0,0,0,0,0,0,1392,0,0
1,100.0,820,134.4593188156105,0.0,9,77.47103667495107,1.4402188181960673,1192,0,0,1192,0,0,0,0,0,11,0,0
2,150.0,385,181.34298546680154,5.684341886080802e-14,820,134.4593188156105,0.0,820,0,35,785,0,0,1149,0,202,947,0,0
3,200.0,198,218.25988232814927,8.526512829121202e-14,583,193.8807994951838,17.483146362776065,583,0,54,529,0,0,1045,0,349,696,0,0
4,250.0,108,247.3287963277921,8.526512829121202e-14,159,254.67064582706422,10.683960343371846,159,0,15,144,0,0,260,0,30,230,0,0
5,300.0,51,270.21809182552283,5.684341886080802e-14,71,295.4601677135769,10.074780872338469,71,0,8,63,0,0,91,0,7,84,0,0
6,350.0,76,298.2345917244909,14.345125725704143,5,337.6314126794692,5.0165569524622935,5,0,0,5,0,0,7,0,1,6,0,0
Totals,7,2830,NA,NA,2830,NA,NA,2830,0,112,2718,0,0,2552,0,589,3366,0,0
