Age,Class,N_Initial_Age,AgeSize_Mean,AgeSize_Std,N_Initial_Class,ClassSize_Mean,ClassSize_Std,N_GrowthBack_Class,Capture_Back,PackingDeaths_Emigration_Class,N_AfterEmigration_Class,Deaths_AfterEmiMort_Age,Deaths_AfterEmiMort_Size,N_GrowthOut_Class,Capture_Out,PackingDeaths_Immigration_Class,N_Immigration_Class,Deaths_AfterImmiMort_Age,Deaths_AfterImmiMort_Size
0,50.0,1513,49.529456160962354,9.89989308843846,1505,49.379728684842036,9.707330654501208,0,0,0,0,0,0,0,0,1,1247,0,0
1,100.0,855,134.4593188156105,0.0,8,77.69693760609655,3.2666415098933412,1513,0,240,1273,0,0,0,0,0,8,0,0
2,150.0,398,181.3429854668015,2.842170943040401e-14,855,134.4593188156105,0.0,855,0,77,778,0,0,1218,0,324,894,0,0
3,200.0,207,218.25988232814925,1.1368683772161603e-13,605,193.9740559631635,17.514450744415125,605,0,117,488,0,0,997,0,361,636,0,0
4,250.0,104,247.32879632779216,2.842170943040401e-14,175,256.6153105011571,11.239324782472728,175,0,18,157,0,0,247,0,59,188,0,0
5,300.0,71,270.21809182552266,1.1368683772161603e-13,66,300.9987728192152,12.593888410078966,66,0,7,59,0,0,97,0,26,71,0,0
6,350.0,76,305.9256901869975,17.3437709150184,10,338.4433448143607,4.660379159255943,10,0,0,10,0,0,17,0,3,14,0,0
Totals,7,3224,NA,NA,3224,NA,NA,3224,0,459,2765,0,0,2576,0,774,3058,0,0
