Age,Class,N_Initial_Age,AgeSize_Mean,AgeSize_Std,N_Initial_Class,ClassSize_Mean,ClassSize_Std,N_GrowthBack_Class,Capture_Back,PackingDeaths_Emigration_Class,N_AfterEmigration_Class,Deaths_AfterEmiMort_Age,Deaths_AfterEmiMort_Size,N_GrowthOut_Class,Capture_Out,PackingDeaths_Immigration_Class,N_Immigration_Class,Deaths_AfterImmiMort_Age,Deaths_AfterImmiMort_Size
0,50.0,956,50.03021690365512,10.254332404918303,949,49.823047713050045,9.996501910070991,0,0,0,0,0,0,0,0,0,1276,0,0
1,100.0,754,134.45931881561046,2.842170943040401e-14,7,78.11644002997001,4.2841042145375505,956,0,0,949,0,0,0,0,0,8,0,0
2,150.0,395,181.3429854668015,2.842170943040401e-14,754,134.45931881561046,2.842170943040401e-14,754,0,71,683,0,0,913,0,139,774,0,0
3,200.0,204,218.2598823281493,5.684341886080802e-14,599,193.91568489871295,17.49492146856955,599,0,109,490,0,0,923,0,252,671,0,0
4,250.0,125,247.3287963277921,8.526512829121202e-14,185,254.75235162435345,10.714979122034306,185,0,44,141,0,0,228,0,44,184,0,0
5,300.0,60,270.21809182552283,5.684341886080802e-14,56,299.12081729133206,11.192830604765042,56,0,10,46,0,0,82,0,15,67,0,0
6,350.0,63,303.29860086153093,15.975201872243902,7,336.7208694231221,6.160274172167368,7,0,0,7,0,0,9,0,0,9,0,0
Totals,7,2557,NA,NA,2557,NA,NA,2557,0,234,2316,0,0,2155,0,450,2989,0,0
