Age,Class,N_Initial_Age,AgeSize_Mean,AgeSize_Std,N_Initial_Class,ClassSize_Mean,ClassSize_Std,N_GrowthBack_Class,Capture_Back,PackingDeaths_Emigration_Class,N_AfterEmigration_Class,Deaths_AfterEmiMort_Age,Deaths_AfterEmiMort_Size,N_GrowthOut_Class,Capture_Out,PackingDeaths_Immigration_Class,N_Immigration_Class,Deaths_AfterImmiMort_Age,Deaths_AfterImmiMort_Size
0,50.0,1057,50.04885036158215,10.054398118781616,1051,49.892875758423685,9.86628776512235,0,0,0,0,0,0,0,0,59,1062,0,0
1,100.0,723,134.4593188156105,0.0,6,77.3704016815073,2.600405052874289,1057,0,0,1057,0,0,0,0,0,8,0,0
2,150.0,336,181.3429854668015,2.842170943040401e-14,723,134.4593188156105,0.0,723,0,32,691,0,0,1036,0,175,861,0,0
3,200.0,152,218.25988232814933,2.842170943040401e-14,488,192.8416910465656,17.096090135380617,488,0,41,447,0,0,927,0,355,572,0,0
4,250.0,98,247.32879632779213,5.684341886080802e-14,144,254.64065461178947,10.672394920292414,144,0,13,131,0,0,213,0,19,194,0,0
5,300.0,46,270.2180918255229,1.1368683772161603e-13,61,299.1945003435743,11.661469010918154,61,0,12,49,0,0,77,0,13,64,0,0
6,350.0,71,304.18386879183396,16.48358026035947,10,334.61901632621766,4.630470391568504,10,0,1,9,0,0,12,0,4,8,0,0
Totals,7,2483,NA,NA,2483,NA,NA,2483,0,99,2384,0,0,2265,0,625,2769,0,0
