Age,Class,N_Initial_Age,AgeSize_Mean,AgeSize_Std,N_Initial_Class,ClassSize_Mean,ClassSize_Std,N_GrowthBack_Class,Capture_Back,PackingDeaths_Emigration_Class,N_AfterEmigration_Class,Deaths_AfterEmiMort_Age,Deaths_AfterEmiMort_Size,N_GrowthOut_Class,Capture_Out,PackingDeaths_Immigration_Class,N_Immigration_Class,Deaths_AfterImmiMort_Age,Deaths_AfterImmiMort_Size
0,50.0,1146,49.199948393380836,9.766025062300127,1140,49.049506272472485,9.567407275923939,0,0,0,0,0,0,0,0,0,1192,0,0
1,100.0,764,134.4593188156105,0.0,6,77.78395136596997,1.9033793691484588,1146,0,104,1042,0,0,0,0,0,8,0,0
2,150.0,396,181.34298546680157,8.526512829121202e-14,764,134.4593188156105,0.0,764,0,3,761,0,0,977,0,191,786,0,0
3,200.0,151,218.25988232814936,0.0,547,191.53393871371836,16.503419095884432,547,0,50,497,0,0,1033,0,372,661,0,0
4,250.0,90,247.32879632779213,5.684341886080802e-14,156,257.0127290383705,11.308397085774692,156,0,11,145,0,0,201,0,28,173,0,0
5,300.0,66,270.2180918255227,5.684341886080802e-14,67,298.0468419818917,11.414629944826606,67,0,10,57,0,0,101,0,22,79,0,0
6,350.0,77,302.76382872057263,16.32954004609005,10,334.3676398697347,5.691302123187796,10,0,2,8,0,0,12,0,3,9,0,0
Totals,7,2690,NA,NA,2690,NA,NA,2690,0,180,2510,0,0,2324,0,616,2908,0,0
