Age,Class,N_Initial_Age,AgeSize_Mean,AgeSize_Std,N_Initial_Class,ClassSize_Mean,ClassSize_Std,N_GrowthBack_Class,Capture_Back,PackingDeaths_Emigration_Class,N_AfterEmigration_Class,Deaths_AfterEmiMort_Age,Deaths_AfterEmiMort_Size,N_GrowthOut_Class,Capture_Out,PackingDeaths_Immigration_Class,N_Immigration_Class,Deaths_AfterImmiMort_Age,Deaths_AfterImmiMort_Size
0,50.0,1066,49.96788275815681,9.862877135933122,1055,49.68065307514701,9.500384392378754,0,0,0,0,0,0,0,0,51,1295,0,0
1,100.0,765,134.4593188156105,0.0,11,77.51582053773224,1.9143671852810484,1066,0,42,1024,0,0,0,0,0,5,0,0
2,150.0,297,181.3429854668015,2.842170943040401e-14,765,134.4593188156105,0.0,765,0,43,722,0,0,981,0,149,832,0,0
3,200.0,184,218.2598823281493,5.684341886080802e-14,481,195.46504164661025,17.94185109498141,481,0,64,417,0,0,900,0,321,579,0,0
4,250.0,112,247.32879632779216,2.842170943040401e-14,181,256.0545498600762,11.116994932743667,181,0,20,161,0,0,235,0,49,186,0,0
5,300.0,69,270.2180918255227,5.684341886080802e-14,69,300.7680170814886,12.778180571922105,69,0,9,60,0,0,98,0,32,66,0,0
6,350.0,75,303.81712484886486,16.107100619073478,6,338.8818641736919,5.36560165108257,6,0,3,3,0,0,8,0,0,8,0,0
Totals,7,2568,NA,NA,2568,NA,NA,2568,0,181,2387,0,0,2222,0,602,2971,0,0
