Age,Class,N_Initial_Age,AgeSize_Mean,AgeSize_Std,N_Initial_Class,ClassSize_Mean,ClassSize_Std,N_GrowthBack_Class,Capture_Back,PackingDeaths_Emigration_Class,N_AfterEmigration_Class,Deaths_AfterEmiMort_Age,Deaths_AfterEmiMort_Size,N_GrowthOut_Class,Capture_Out,PackingDeaths_Immigration_Class,N_Immigration_Class,Deaths_AfterImmiMort_Age,Deaths_AfterImmiMort_Size
0,50.0,1442,50.309413257144335,9.81034856575538,1432,50.121949784758954,9.58091608805818,0,0,0,0,0,0,0,0,8,1256,0,0
1,100.0,786,134.45931881561046,2.842170943040401e-14,10,77.15418250273179,2.7683333737464704,1442,0,94,1348,0,0,0,0,0,9,0,0
2,150.0,379,181.34298546680154,5.684341886080802e-14,786,134.45931881561046,2.842170943040401e-14,786,0,95,691,0,0,1314,0,414,900,0,0
3,200.0,183,218.25988232814925,1.1368683772161603e-13,562,193.3639678967422,17.29951877819879,562,0,79,483,0,0,942,0,308,634,0,0
4,250.0,109,247.3287963277921,8.526512829121202e-14,187,256.87620300598996,11.286294272939186,187,0,32,155,0,0,223,0,49,174,0,0
5,300.0,78,270.21809182552266,1.1368683772161603e-13,64,297.4077504736908,11.61099797147144,64,0,15,49,0,0,103,0,25,78,0,0
6,350.0,74,302.5873184743006,17.14317676220368,10,335.736553678204,6.433249946346066,10,0,2,8,0,0,10,0,3,7,0,0
Totals,7,3051,NA,NA,3051,NA,NA,3051,0,317,2734,0,0,2592,0,807,3058,0,0
