Age,Class,N_Initial_Age,AgeSize_Mean,AgeSize_Std,N_Initial_Class,ClassSize_Mean,ClassSize_Std,N_GrowthBack_Class,Capture_Back,PackingDeaths_Emigration_Class,N_AfterEmigration_Class,Deaths_AfterEmiMort_Age,Deaths_AfterEmiMort_Size,N_GrowthOut_Class,Capture_Out,PackingDeaths_Immigration_Class,N_Immigration_Class,Deaths_AfterImmiMort_Age,Deaths_AfterImmiMort_Size
0,50.0,1234,49.945316740433036,10.230890932475425,1231,49.876831609923535,10.14839450494969,0,0,0,0,0,0,0,0,53,1516,0,0
1,100.0,858,134.45931881561046,2.842170943040401e-14,3,78.04704862616792,1.7026830847752925,1234,0,19,1215,0,0,0,0,0,8,0,0
2,150.0,387,181.34298546680157,8.526512829121202e-14,858,134.45931881561046,2.842170943040401e-14,858,0,51,807,0,0,1155,0,213,942,0,0
3,200.0,187,218.2598823281493,5.684341886080802e-14,574,193.36991876483643,17.30173203949491,574,0,66,508,0,0,1057,0,390,667,0,0
4,250.0,118,247.3287963277921,8.526512829121202e-14,195,256.3671335243319,11.18881725748411,195,0,23,172,0,0,239,0,58,181,0,0
5,300.0,77,270.21809182552266,1.1368683772161603e-13,75,296.734612758652,10.829281469578694,75,0,4,71,0,0,127,0,38,89,0,0
6,350.0,85,301.2908001789607,16.23718410129516,10,335.46220583127587,6.169759529906916,10,0,0,10,0,0,12,0,1,11,0,0
Totals,7,2946,NA,NA,2946,NA,NA,2946,0,163,2783,0,0,2590,0,753,3414,0,0
