Age,Class,N_Initial_Age,AgeSize_Mean,AgeSize_Std,N_Initial_Class,ClassSize_Mean,ClassSize_Std,N_GrowthBack_Class,Capture_Back,PackingDeaths_Emigration_Class,N_AfterEmigration_Class,Deaths_AfterEmiMort_Age,Deaths_AfterEmiMort_Size,N_GrowthOut_Class,Capture_Out,PackingDeaths_Immigration_Class,N_Immigration_Class,Deaths_AfterImmiMort_Age,Deaths_AfterImmiMort_Size
0,50.0,1221,49.729765172689326,9.980587972362011,1216,49.610328322979186,9.823345984543247,0,0,0,0,0,0,0,0,20,1376,0,0
1,100.0,645,134.4593188156105,0.0,5,78.77680702219702,3.120805471866432,1221,0,127,1094,0,0,0,0,0,5,0,0
2,150.0,393,181.34298546680154,5.684341886080802e-14,645,134.4593188156105,0.0,645,0,66,569,0,0,1061,0,174,887,0,0
3,200.0,167,218.2598823281493,5.684341886080802e-14,560,192.3521314950963,16.888523090719264,560,0,63,488,0,0,819,0,205,614,0,0
4,250.0,91,247.32879632779213,5.684341886080802e-14,147,256.0485279459752,11.115520418601879,147,0,21,126,0,0,214,0,42,172,0,0
5,300.0,56,270.2180918255228,0.0,72,297.45513043459636,11.585944651820647,72,0,12,60,0,0,91,0,14,77,0,0
6,350.0,82,301.90125970737733,16.253190033215066,10,333.9133904714005,5.707059010582162,10,0,3,7,0,0,7,0,1,6,0,0
Totals,7,2655,NA,NA,2655,NA,NA,2655,0,292,2344,0,0,2192,0,456,3137,0,0
