Age,Class,N_Initial_Age,AgeSize_Mean,AgeSize_Std,N_Initial_Class,ClassSize_Mean,ClassSize_Std,N_GrowthBack_Class,Capture_Back,PackingDeaths_Emigration_Class,N_AfterEmigration_Class,Deaths_AfterEmiMort_Age,Deaths_AfterEmiMort_Size,N_GrowthOut_Class,Capture_Out,PackingDeaths_Immigration_Class,N_Immigration_Class,Deaths_AfterImmiMort_Age,Deaths_AfterImmiMort_Size
0,50.0,1308,50.10877614670242,9.809942175057904,1301,49.96188559072169,9.628108908491981,0,0,0,0,0,0,0,0,0,1229,0,0
1,100.0,725,134.4593188156105,0.0,7,77.40943519397692,1.9513918225197817,1308,0,14,1294,0,0,0,0,0,8,0,0
2,150.0,321,181.3429854668015,2.842170943040401e-14,725,134.4593188156105,0.0,725,0,23,702,0,0,1247,0,266,981,0,0
3,200.0,144,218.25988232814936,0.0,465,192.77531481741246,17.068918218230007,465,0,30,435,0,0,932,0,254,678,0,0
4,250.0,94,247.32879632779208,1.1368683772161603e-13,155,256.3368416527055,11.182259642988033,155,0,21,134,0,0,190,0,16,174,0,0
5,300.0,61,270.21809182552283,5.684341886080802e-14,67,299.9907298748881,12.208414297986854,67,0,3,64,0,0,102,0,10,92,0,0
6,350.0,77,304.58190885477387,16.581957862522238,10,335.34280802000814,5.580005337649991,10,0,2,8,0,0,12,0,0,12,0,0
Totals,7,2730,NA,NA,2730,NA,NA,2730,0,93,2637,0,0,2483,0,546,3174,0,0
