Age,Class,N_Initial_Age,AgeSize_Mean,AgeSize_Std,N_Initial_Class,ClassSize_Mean,ClassSize_Std,N_GrowthBack_Class,Capture_Back,PackingDeaths_Emigration_Class,N_AfterEmigration_Class,Deaths_AfterEmiMort_Age,Deaths_AfterEmiMort_Size,N_GrowthOut_Class,Capture_Out,PackingDeaths_Immigration_Class,N_Immigration_Class,Deaths_AfterImmiMort_Age,Deaths_AfterImmiMort_Size
0,50.0,1165,50.051343439605766,9.882574655458173,1161,49.95895331171064,9.7727873632189,0,0,0,0,0,0,0,0,37,1375,0,0
1,100.0,707,134.4593188156105,0.0,4,76.86757806116543,1.5525356366807592,1165,0,70,1095,0,0,0,0,0,8,0,0
2,150.0,373,181.34298546680154,5.684341886080802e-14,707,134.4593188156105,0.0,707,0,51,656,0,0,1034,0,252,782,0,0
3,200.0,185,218.2598823281493,5.684341886080802e-14,558,193.58245844054585,17.379259556550643,558,0,110,448,0,0,881,0,381,500,0,0
4,250.0,104,247.32879632779216,2.842170943040401e-14,171,256.29711678596726,11.173529668148316,171,0,16,155,0,0,227,0,54,173,0,0
5,300.0,67,270.2180918255227,5.684341886080802e-14,65,299.74752319336494,11.461689604090775,65,0,7,58,0,0,110,0,36,74,0,0
6,350.0,75,304.22823140664843,15.709855173231105,10,333.3528347929917,4.283469848407756,10,0,2,8,0,0,11,0,0,11,0,0
Totals,7,2676,NA,NA,2676,NA,NA,2676,0,256,2420,0,0,2263,0,760,2923,0,0
