Age,Class,N_Initial_Age,AgeSize_Mean,AgeSize_Std,N_Initial_Class,ClassSize_Mean,ClassSize_Std,N_GrowthBack_Class,Capture_Back,PackingDeaths_Emigration_Class,N_AfterEmigration_Class,Deaths_AfterEmiMort_Age,Deaths_AfterEmiMort_Size,N_GrowthOut_Class,Capture_Out,PackingDeaths_Immigration_Class,N_Immigration_Class,Deaths_AfterImmiMort_Age,Deaths_AfterImmiMort_Size
0,50.0,1186,50.11087522264221,10.154917512233528,1177,49.898358395595366,9.894604139179352,0,0,0,0,0,0,0,0,27,1364,0,0
1,100.0,725,134.4593188156105,0.0,9,77.90335360421248,2.709998256455851,1186,0,34,1152,0,0,0,0,0,7,0,0
2,150.0,422,181.34298546680154,5.684341886080802e-14,725,134.4593188156105,0.0,725,0,56,669,0,0,1117,0,300,817,0,0
3,200.0,195,218.2598823281493,5.684341886080802e-14,617,193.01040019607677,17.163804349103863,617,0,114,503,0,0,923,0,363,560,0,0
4,250.0,111,247.32879632779208,1.1368683772161603e-13,188,256.70366735611793,11.255931166399353,188,0,16,172,0,0,242,0,55,187,0,0
5,300.0,77,270.21809182552266,1.1368683772161603e-13,73,299.39009830688553,11.985996996553464,73,0,20,53,0,0,107,0,23,84,0,0
6,350.0,79,301.9260435027491,14.562056520673657,6,332.7800433857561,3.729711725866319,6,0,1,5,0,0,9,0,0,9,0,0
Totals,7,2795,NA,NA,2795,NA,NA,2795,0,241,2554,0,0,2398,0,768,3028,0,0
