Age,Class,N_Initial_Age,AgeSize_Mean,AgeSize_Std,N_Initial_Class,ClassSize_Mean,ClassSize_Std,N_GrowthBack_Class,Capture_Back,PackingDeaths_Emigration_Class,N_AfterEmigration_Class,Deaths_AfterEmiMort_Age,Deaths_AfterEmiMort_Size,N_GrowthOut_Class,Capture_Out,PackingDeaths_Immigration_Class,N_Immigration_Class,Deaths_AfterImmiMort_Age,Deaths_AfterImmiMort_Size
0,50.0,1363,50.259731072251135,10.077427249158573,1354,50.064412648311674,9.817623059424893,0,0,0,0,0,0,0,0,2,1413,0,0
1,100.0,894,134.4593188156105,0.0,9,79.64430285158866,3.1594301729527174,1363,0,56,1307,0,0,0,0,0,14,0,0
2,150.0,379,181.34298546680154,5.684341886080802e-14,894,134.4593188156105,0.0,894,0,116,778,0,0,1276,0,412,864,0,0
3,200.0,182,218.25988232814927,8.526512829121202e-14,561,193.31959015265767,17.28294014731336,561,0,76,485,0,0,1019,0,429,590,0,0
4,250.0,101,247.3287963277921,8.526512829121202e-14,156,255.3987402532741,10.935782377134668,156,0,12,144,0,0,241,0,42,199,0,0
5,300.0,55,270.2180918255229,1.1368683772161603e-13,72,298.7786728603022,10.868628533565177,72,0,17,55,0,0,93,0,23,70,0,0
6,350.0,84,304.55788903084766,17.521942367196534,12,339.2331860541207,6.131433119928179,12,0,2,10,0,0,12,0,5,7,0,0
Totals,7,3058,NA,NA,3058,NA,NA,3058,0,279,2779,0,0,2641,0,913,3157,0,0
