Age,Class,N_Initial_Age,AgeSize_Mean,AgeSize_Std,N_Initial_Class,ClassSize_Mean,ClassSize_Std,N_GrowthBack_Class,Capture_Back,PackingDeaths_Emigration_Class,N_AfterEmigration_Class,Deaths_AfterEmiMort_Age,Deaths_AfterEmiMort_Size,N_GrowthOut_Class,Capture_Out,PackingDeaths_Immigration_Class,N_Immigration_Class,Deaths_AfterImmiMort_Age,Deaths_AfterImmiMort_Size
0,50.0,1426,49.98207396032372,9.83285906250329,1420,49.86882161242292,9.697246041721494,0,0,0,0,0,0,0,0,33,1294,0,0
1,100.0,676,134.4593188156105,0.0,6,76.78512963018063,1.437404536061202,1426,0,12,1414,0,0,0,0,0,7,0,0
2,150.0,287,181.3429854668015,2.842170943040401e-14,676,134.4593188156105,0.0,676,0,33,643,0,0,1372,0,433,939,0,0
3,200.0,164,218.2598823281493,5.684341886080802e-14,451,194.76731159820073,17.758714231154077,451,0,68,383,0,0,826,0,228,598,0,0
4,250.0,118,247.3287963277921,8.526512829121202e-14,165,253.84877746956994,10.330906102789088,165,0,17,148,0,0,225,0,32,193,0,0
5,300.0,47,270.2180918255229,1.1368683772161603e-13,74,295.02517261393916,9.656291819156058,74,0,9,65,0,0,94,0,15,79,0,0
6,350.0,84,299.8883095765771,16.183329842641577,10,335.8755231000981,6.313929701264497,10,0,0,10,0,0,11,0,0,11,0,0
Totals,7,2802,NA,NA,2802,NA,NA,2802,0,139,2663,0,0,2528,0,741,3121,0,0
