Age,Class,N_Initial_Age,AgeSize_Mean,AgeSize_Std,N_Initial_Class,ClassSize_Mean,ClassSize_Std,N_GrowthBack_Class,Capture_Back,PackingDeaths_Emigration_Class,N_AfterEmigration_Class,Deaths_AfterEmiMort_Age,Deaths_AfterEmiMort_Size,N_GrowthOut_Class,Capture_Out,PackingDeaths_Immigration_Class,N_Immigration_Class,Deaths_AfterImmiMort_Age,Deaths_AfterImmiMort_Size
0,50.0,1241,50.03533190389334,9.86794381526001,1237,49.946677005032974,9.758522400003521,0,0,0,0,0,0,0,0,96,1200,0,0
1,100.0,873,134.45931881561046,2.842170943040401e-14,4,77.45185937646298,2.7223758482928586,1241,0,101,1140,0,0,0,0,0,6,0,0
2,150.0,351,181.34298546680154,5.684341886080802e-14,873,134.45931881561046,2.842170943040401e-14,873,0,114,759,0,0,1099,0,245,854,0,0
3,200.0,175,218.25988232814927,8.526512829121202e-14,526,193.625223015729,17.394503086091493,526,0,60,466,0,0,1001,0,353,648,0,0
4,250.0,102,247.32879632779208,1.1368683772161603e-13,174,256.80022894754273,11.27325969495249,174,0,30,144,0,0,215,0,40,175,0,0
5,300.0,72,270.2180918255228,0.0,76,299.4308318452504,12.102081192770823,76,0,12,64,0,0,112,0,29,83,0,0
6,350.0,85,303.1845537472848,15.869996073422953,9,334.88264980890796,4.256258988838543,9,0,1,8,0,0,15,0,3,12,0,0
Totals,7,2899,NA,NA,2899,NA,NA,2899,0,318,2581,0,0,2442,0,766,2978,0,0
