Age,Class,N_Initial_Age,AgeSize_Mean,AgeSize_Std,N_Initial_Class,ClassSize_Mean,ClassSize_Std,N_GrowthBack_Class,Capture_Back,PackingDeaths_Emigration_Class,N_AfterEmigration_Class,Deaths_AfterEmiMort_Age,Deaths_AfterEmiMort_Size,N_GrowthOut_Class,Capture_Out,PackingDeaths_Immigration_Class,N_Immigration_Class,Deaths_AfterImmiMort_Age,Deaths_AfterImmiMort_Size
0,50.0,1183,50.471242979961104,10.119011720603927,1176,50.30963014031466,9.92785566024391,0,0,0,0,0,0,0,0,40,1109,0,0
1,100.0,898,134.45931881561046,2.842170943040401e-14,7,77.62220004056374,2.149757597317416,1183,0,39,1144,0,0,0,0,0,8,0,0
2,150.0,441,181.3429854668015,2.842170943040401e-14,898,134.45931881561046,2.842170943040401e-14,898,0,123,775,0,0,1098,0,221,877,0,0
3,200.0,169,218.25988232814933,2.842170943040401e-14,610,191.5707814824864,16.52182433302946,610,0,47,563,0,0,1089,0,414,675,0,0
4,250.0,95,247.32879632779208,1.1368683772161603e-13,168,257.27474020478223,11.346093988683227,168,0,19,149,0,0,220,0,31,189,0,0
5,300.0,73,270.2180918255227,5.684341886080802e-14,74,298.0887488170118,12.289656112428936,74,0,12,62,0,0,112,0,39,73,0,0
6,350.0,81,301.547954267176,16.367462251796404,7,338.1166975974835,6.283300610912129,7,0,3,4,0,0,8,0,2,6,0,0
Totals,7,2940,NA,NA,2940,NA,NA,2940,0,243,2697,0,0,2527,0,747,2937,0,0
