Age,Class,N_Initial_Age,AgeSize_Mean,AgeSize_Std,N_Initial_Class,ClassSize_Mean,ClassSize_Std,N_GrowthBack_Class,Capture_Back,PackingDeaths_Emigration_Class,N_AfterEmigration_Class,Deaths_AfterEmiMort_Age,Deaths_AfterEmiMort_Size,N_GrowthOut_Class,Capture_Out,PackingDeaths_Immigration_Class,N_Immigration_Class,Deaths_AfterImmiMort_Age,Deaths_AfterImmiMort_Size
0,50.0,1369,49.92110347624995,10.259739026900162,1363,49.783989600429294,10.069981388731547,0,0,0,0,0,0,0,0,10,1348,0,0
1,100.0,865,134.45931881561046,2.842170943040401e-14,6,81.06880560017466,2.6753405942530937,1369,0,10,1359,0,0,0,0,0,10,0,0
2,150.0,456,181.34298546680154,5.684341886080802e-14,865,134.45931881561046,2.842170943040401e-14,865,0,43,822,0,0,1319,0,379,940,0,0
3,200.0,165,218.25988232814927,8.526512829121202e-14,621,191.15182279711135,16.306395870342012,621,0,36,585,0,0,1156,0,499,657,0,0
4,250.0,103,247.32879632779208,1.1368683772161603e-13,163,255.7543038729691,11.03923704456426,163,0,8,155,0,0,231,0,23,208,0,0
5,300.0,60,270.21809182552283,5.684341886080802e-14,76,298.6787636394247,11.73979663621936,76,0,9,67,0,0,104,0,17,87,0,0
6,350.0,83,301.6173221860353,14.974098001841257,7,333.5216721206655,7.116806982483754,7,0,0,7,0,0,12,0,2,10,0,0
Totals,7,3101,NA,NA,3101,NA,NA,3101,0,106,2995,0,0,2822,0,930,3260,0,0
