Age,Class,N_Initial_Age,AgeSize_Mean,AgeSize_Std,N_Initial_Class,ClassSize_Mean,ClassSize_Std,N_GrowthBack_Class,Capture_Back,PackingDeaths_Emigration_Class,N_AfterEmigration_Class,Deaths_AfterEmiMort_Age,Deaths_AfterEmiMort_Size,N_GrowthOut_Class,Capture_Out,PackingDeaths_Immigration_Class,N_Immigration_Class,Deaths_AfterImmiMort_Age,Deaths_AfterImmiMort_Size
0,50.0,1508,49.915269674269716,9.920423685778767,1504,49.84484444047862,9.83893078354709,0,0,0,0,0,0,0,0,70,1537,0,0
1,100.0,864,134.4593188156105,0.0,4,76.39515757972667,0.9046633014028235,1508,0,93,1415,0,0,0,0,0,9,0,0
2,150.0,428,181.34298546680154,5.684341886080802e-14,864,134.4593188156105,0.0,864,0,73,791,0,0,1361,0,410,951,0,0
3,200.0,165,218.25988232814927,8.526512829121202e-14,593,191.61497194592866,16.543764963989485,593,0,48,545,0,0,1102,0,465,637,0,0
4,250.0,117,247.3287963277921,8.526512829121202e-14,195,256.48451452688437,11.213418908244849,195,0,21,174,0,0,240,0,43,197,0,0
5,300.0,78,270.21809182552266,1.1368683772161603e-13,75,298.6424502035123,12.310905623283604,75,0,9,66,0,0,117,0,26,91,0,0
6,350.0,84,302.6461388608456,16.49632787022302,9,336.0102110052892,5.490154709957683,9,0,1,8,0,0,15,0,2,13,0,0
Totals,7,3244,NA,NA,3244,NA,NA,3244,0,245,2999,0,0,2835,0,1016,3435,0,0
