Age,Class,N_Initial_Age,AgeSize_Mean,AgeSize_Std,N_Initial_Class,ClassSize_Mean,ClassSize_Std,N_GrowthBack_Class,Capture_Back,PackingDeaths_Emigration_Class,N_AfterEmigration_Class,Deaths_AfterEmiMort_Age,Deaths_AfterEmiMort_Size,N_GrowthOut_Class,Capture_Out,PackingDeaths_Immigration_Class,N_Immigration_Class,Deaths_AfterImmiMort_Age,Deaths_AfterImmiMort_Size
0,50.0,1576,49.809363198698726,10.027342340900551,1568,49.66232905955352,9.835599134830993,0,0,0,0,0,0,0,0,0,1276,0,0
1,100.0,839,134.4593188156105,0.0,8,78.6280544711596,3.5036803628908983,1576,0,0,1521,0,0,0,0,0,8,0,0
2,150.0,358,181.34298546680154,5.684341886080802e-14,839,134.4593188156105,0.0,839,0,20,811,0,0,1483,0,442,1041,0,0
3,200.0,144,218.25988232814936,0.0,502,191.9326929330049,16.69722234690285,502,0,21,476,0,0,1054,0,353,701,0,0
4,250.0,143,247.3287963277921,8.526512829121202e-14,205,254.25141252710574,10.513381604434745,205,0,18,187,0,0,251,0,45,206,0,0
5,300.0,62,270.21809182552283,5.684341886080802e-14,78,299.5160417369092,11.862041768277516,78,0,6,72,0,0,113,0,26,87,0,0
6,350.0,91,304.55324441320323,16.6601748514565,13,334.77646047096727,5.7444337760042625,13,0,3,10,0,0,16,0,0,16,0,0
Totals,7,3213,NA,NA,3213,NA,NA,3213,0,68,3077,0,0,2917,0,866,3335,0,0
