Age,Class,N_Initial_Age,AgeSize_Mean,AgeSize_Std,N_Initial_Class,ClassSize_Mean,ClassSize_Std,N_GrowthBack_Class,Capture_Back,PackingDeaths_Emigration_Class,N_AfterEmigration_Class,Deaths_AfterEmiMort_Age,Deaths_AfterEmiMort_Size,N_GrowthOut_Class,Capture_Out,PackingDeaths_Immigration_Class,N_Immigration_Class,Deaths_AfterImmiMort_Age,Deaths_AfterImmiMort_Size
0,50.0,1175,50.21797092100301,9.951348713395245,1166,49.994823595338126,9.654095587332383,0,0,0,0,0,0,0,0,20,1157,0,0
1,100.0,804,134.4593188156105,0.0,9,79.12794666825339,3.4369585796236226,1175,0,46,1093,0,0,0,0,0,6,0,0
2,150.0,374,181.34298546680154,5.684341886080802e-14,804,134.4593188156105,0.0,804,0,38,749,0,0,1036,0,278,758,0,0
3,200.0,210,218.25988232814927,8.526512829121202e-14,584,194.61789700940946,17.715678474106166,584,0,60,519,0,0,991,0,453,538,0,0
4,250.0,104,247.32879632779216,2.842170943040401e-14,167,255.96368025807374,11.094376475466543,167,0,15,150,0,0,275,0,52,223,0,0
5,300.0,63,270.2180918255228,0.0,72,297.53002760224075,11.33005151116816,72,0,14,58,0,0,101,0,24,77,0,0
6,350.0,79,300.6642324605394,14.822020460403012,7,332.9017681458974,4.325371558973514,7,0,0,7,0,0,10,0,1,9,0,0
Totals,7,2809,NA,NA,2809,NA,NA,2809,0,173,2576,0,0,2413,0,828,2768,0,0
