Age,Class,N_Initial_Age,AgeSize_Mean,AgeSize_Std,N_Initial_Class,ClassSize_Mean,ClassSize_Std,N_GrowthBack_Class,Capture_Back,PackingDeaths_Emigration_Class,N_AfterEmigration_Class,Deaths_AfterEmiMort_Age,Deaths_AfterEmiMort_Size,N_GrowthOut_Class,Capture_Out,PackingDeaths_Immigration_Class,N_Immigration_Class,Deaths_AfterImmiMort_Age,Deaths_AfterImmiMort_Size
0,50.0,1181,50.32898530095771,9.892896517330174,1175,50.18410466962432,9.706298707361226,0,0,0,0,0,0,0,0,0,1285,0,0
1,100.0,673,134.45931881561046,2.842170943040401e-14,6,78.70144227041378,2.2265788364686916,1181,0,36,1094,0,0,0,0,0,9,0,0
2,150.0,360,181.3429854668015,2.842170943040401e-14,673,134.45931881561046,2.842170943040401e-14,673,0,67,590,0,0,1054,0,310,744,0,0
3,200.0,144,218.25988232814936,0.0,504,191.89067028432945,16.67735403248294,504,0,69,430,0,0,841,0,306,535,0,0
4,250.0,105,247.32879632779216,2.842170943040401e-14,163,255.47345362146314,10.958559444162084,163,0,25,137,0,0,201,0,41,160,0,0
5,300.0,58,270.21809182552283,5.684341886080802e-14,79,297.9231225984166,11.770978449929784,79,0,10,69,0,0,100,0,19,81,0,0
6,350.0,89,302.144861777525,16.422085072717092,10,335.4966012924809,7.243111579181218,10,0,0,10,0,0,13,0,1,12,0,0
Totals,7,2610,NA,NA,2610,NA,NA,2610,0,207,2330,0,0,2209,0,677,2826,0,0
