Age,Class,N_Initial_Age,AgeSize_Mean,AgeSize_Std,N_Initial_Class,ClassSize_Mean,ClassSize_Std,N_GrowthBack_Class,Capture_Back,PackingDeaths_Emigration_Class,N_AfterEmigration_Class,Deaths_AfterEmiMort_Age,Deaths_AfterEmiMort_Size,N_GrowthOut_Class,Capture_Out,PackingDeaths_Immigration_Class,N_Immigration_Class,Deaths_AfterImmiMort_Age,Deaths_AfterImmiMort_Size
0,50.0,1246,50.3103658683343,10.22518930285907,1236,50.076781323415645,9.926881242733183,0,0,0,0,0,0,0,0,0,1052,0,0
1,100.0,835,134.45931881561046,2.842170943040401e-14,10,79.1814156202806,2.7014163652615193,1246,0,51,1176,0,0,0,0,0,3,0,0
2,150.0,361,181.34298546680154,5.684341886080802e-14,835,134.45931881561046,2.842170943040401e-14,835,0,57,767,0,0,1121,0,330,791,0,0
3,200.0,160,218.25988232814933,2.842170943040401e-14,521,192.6802282649122,17.02946707347586,521,0,52,459,0,0,1006,0,410,596,0,0
4,250.0,104,247.32879632779216,2.842170943040401e-14,155,254.86011291091637,10.754803637577364,155,0,18,135,0,0,211,0,35,176,0,0
5,300.0,51,270.21809182552283,5.684341886080802e-14,67,298.8098751519086,12.254752617015516,67,0,11,55,0,0,84,0,19,65,0,0
6,350.0,75,302.62522961052645,16.140203386219532,8,334.57882320144995,6.4459341231127505,8,0,2,6,0,0,10,0,0,10,0,0
Totals,7,2832,NA,NA,2832,NA,NA,2832,0,191,2598,0,0,2432,0,794,2693,0,0
