Age,Class,N_Initial_Age,AgeSize_Mean,AgeSize_Std,N_Initial_Class,ClassSize_Mean,ClassSize_Std,N_GrowthBack_Class,Capture_Back,PackingDeaths_Emigration_Class,N_AfterEmigration_Class,Deaths_AfterEmiMort_Age,Deaths_AfterEmiMort_Size,N_GrowthOut_Class,Capture_Out,PackingDeaths_Immigration_Class,N_Immigration_Class,Deaths_AfterImmiMort_Age,Deaths_AfterImmiMort_Size
0,50.0,1322,49.77814819834215,10.090979405602765,1313,49.57659801674287,9.821946793576261,0,0,0,0,0,0,0,0,15,1596,0,0
1,100.0,854,134.4593188156105,0.0,9,79.18208024721558,3.587493033535919,1322,0,31,1291,0,0,0,0,0,12,0,0
2,150.0,491,181.34298546680154,5.684341886080802e-14,854,134.4593188156105,0.0,854,0,29,825,0,0,1230,0,313,917,0,0
3,200.0,218,218.2598823281493,5.684341886080802e-14,709,192.69402004476177,17.035227817499337,709,0,104,605,0,0,1140,0,496,644,0,0
4,250.0,116,247.3287963277921,8.526512829121202e-14,179,255.3848053577197,10.93147244098997,179,0,6,173,0,0,269,0,57,212,0,0
5,300.0,63,270.2180918255228,0.0,70,298.92763368793345,12.808217594609868,70,0,7,63,0,0,111,0,18,93,0,0
6,350.0,78,302.7032262373443,16.582960900888928,8,335.7396610446893,5.442223844734275,8,0,2,6,0,0,11,0,0,11,0,0
Totals,7,3142,NA,NA,3142,NA,NA,3142,0,179,2963,0,0,2761,0,899,3485,0,0
