Age,Class,N_Initial_Age,AgeSize_Mean,AgeSize_Std,N_Initial_Class,ClassSize_Mean,ClassSize_Std,N_GrowthBack_Class,Capture_Back,PackingDeaths_Emigration_Class,N_AfterEmigration_Class,Deaths_AfterEmiMort_Age,Deaths_AfterEmiMort_Size,N_GrowthOut_Class,Capture_Out,PackingDeaths_Immigration_Class,N_Immigration_Class,Deaths_AfterImmiMort_Age,Deaths_AfterImmiMort_Size
0,50.0,1111,50.172944530864086,10.00052718158547,1105,50.02622126406874,9.824533165122407,0,0,0,0,0,0,0,0,0,1470,0,0
1,100.0,684,134.4593188156105,0.0,6,77.19447949900814,2.9080830075500046,1111,0,0,1099,0,0,0,0,0,12,0,0
2,150.0,350,181.34298546680154,5.684341886080802e-14,684,134.4593188156105,0.0,684,0,76,607,0,0,1056,0,273,783,0,0
3,200.0,163,218.25988232814933,2.842170943040401e-14,513,193.0729156586138,17.188407744091812,513,0,52,461,0,0,857,0,335,522,0,0
4,250.0,137,247.32879632779216,2.842170943040401e-14,197,254.30015536263394,10.534213315506644,197,0,23,174,0,0,247,0,70,177,0,0
5,300.0,60,270.21809182552283,5.684341886080802e-14,71,298.8141282255401,11.993583292600732,71,0,14,57,0,0,100,0,25,75,0,0
6,350.0,79,302.401846046496,15.671490174804502,8,334.2428417074796,4.531828930520989,8,0,0,8,0,0,12,0,3,9,0,0
Totals,7,2584,NA,NA,2584,NA,NA,2584,0,165,2406,0,0,2272,0,706,3048,0,0
