Age,Class,N_Initial_Age,AgeSize_Mean,AgeSize_Std,N_Initial_Class,ClassSize_Mean,ClassSize_Std,N_GrowthBack_Class,Capture_Back,PackingDeaths_Emigration_Class,N_AfterEmigration_Class,Deaths_AfterEmiMort_Age,Deaths_AfterEmiMort_Size,N_GrowthOut_Class,Capture_Out,PackingDeaths_Immigration_Class,N_Immigration_Class,Deaths_AfterImmiMort_Age,Deaths_AfterImmiMort_Size
0,50.0,1077,50.25873358080364,10.188283717055128,1069,50.04482618848046,9.91538215704694,0,0,0,0,0,0,0,0,48,1394,0,0
1,100.0,813,134.4593188156105,0.0,8,78.84210887998833,3.7131299519528222,1077,0,56,1021,0,0,0,0,0,10,0,0
2,150.0,419,181.34298546680154,5.684341886080802e-14,813,134.4593188156105,0.0,813,0,69,744,0,0,1001,0,199,802,0,0
3,200.0,226,218.25988232814927,8.526512829121202e-14,645,194.27820824302574,17.612731101049537,645,0,94,551,0,0,1017,0,368,649,0,0
4,250.0,109,247.3287963277921,8.526512829121202e-14,166,255.1883736974948,10.8686352626288,166,0,24,142,0,0,274,0,66,208,0,0
5,300.0,57,270.21809182552283,5.684341886080802e-14,72,297.3329182788814,11.366423803799805,72,0,13,59,0,0,93,0,18,75,0,0
6,350.0,77,299.6434584577248,14.177772277598173,5,332.9152370330709,7.1581117611850456,5,0,1,4,0,0,8,0,2,6,0,0
Totals,7,2778,NA,NA,2778,NA,NA,2778,0,257,2521,0,0,2393,0,701,3144,0,0
