Age,Class,N_Initial_Age,AgeSize_Mean,AgeSize_Std,N_Initial_Class,ClassSize_Mean,ClassSize_Std,N_GrowthBack_Class,Capture_Back,PackingDeaths_Emigration_Class,N_AfterEmigration_Class,Deaths_AfterEmiMort_Age,Deaths_AfterEmiMort_Size,N_GrowthOut_Class,Capture_Out,PackingDeaths_Immigration_Class,N_Immigration_Class,Deaths_AfterImmiMort_Age,Deaths_AfterImmiMort_Size
0,50.0,1222,50.081998186846704,10.269214283347209,1206,49.72051822397499,9.839906111062772,0,0,0,0,0,0,0,0,0,1307,0,0
1,100.0,749,134.4593188156105,0.0,16,77.3285503883017,1.9864995108115917,1222,0,66,1145,0,0,0,0,0,4,0,0
2,150.0,322,181.3429854668015,2.842170943040401e-14,749,134.4593188156105,0.0,749,0,76,667,0,0,1097,0,211,886,0,0
3,200.0,169,218.25988232814933,2.842170943040401e-14,491,194.0496159547196,17.539410161725545,491,0,44,447,0,0,892,0,260,632,0,0
4,250.0,117,247.3287963277921,8.526512829121202e-14,169,254.37165648094,10.56429022972181,169,0,22,146,0,0,240,0,56,184,0,0
5,300.0,52,270.21809182552283,5.684341886080802e-14,60,298.073313710302,10.582320833683111,60,0,9,50,0,0,72,0,7,65,0,0
6,350.0,65,301.0899401759296,14.832122878851434,5,337.28945776346,9.821539142215041,5,0,2,3,0,0,7,0,2,5,0,0
Totals,7,2696,NA,NA,2696,NA,NA,2696,0,219,2458,0,0,2308,0,536,3083,0,0
