Age,Class,N_Initial_Age,AgeSize_Mean,AgeSize_Std,N_Initial_Class,ClassSize_Mean,ClassSize_Std,N_GrowthBack_Class,Capture_Back,PackingDeaths_Emigration_Class,N_AfterEmigration_Class,Deaths_AfterEmiMort_Age,Deaths_AfterEmiMort_Size,N_GrowthOut_Class,Capture_Out,PackingDeaths_Immigration_Class,N_Immigration_Class,Deaths_AfterImmiMort_Age,Deaths_AfterImmiMort_Size
0,50.0,1619,49.69195737113589,10.093747872941275,1608,49.49916180339899,9.851703182535156,0,0,0,0,0,0,0,0,9,1401,0,0
1,100.0,649,134.45931881561046,2.842170943040401e-14,11,77.87516400031203,2.806704752511094,1619,0,88,1531,0,0,0,0,0,10,0,0
2,150.0,341,181.34298546680154,5.684341886080802e-14,649,134.45931881561046,2.842170943040401e-14,649,0,26,623,0,0,1468,0,497,971,0,0
3,200.0,168,218.25988232814936,0.0,509,193.52773727958427,17.359580905497413,509,0,35,474,0,0,858,0,292,566,0,0
4,250.0,105,247.32879632779216,2.842170943040401e-14,160,255.19699165513703,10.87147414899232,160,0,4,156,0,0,240,0,57,183,0,0
5,300.0,55,270.2180918255229,1.1368683772161603e-13,74,298.4210105049497,11.122069368781876,74,0,8,66,0,0,109,0,22,87,0,0
6,350.0,81,301.42243799781346,14.519008689658529,7,333.1518143509441,5.440481262468306,7,0,3,4,0,0,8,0,5,3,0,0
Totals,7,3018,NA,NA,3018,NA,NA,3018,0,164,2854,0,0,2683,0,882,3221,0,0
