Age,Class,N_Initial_Age,AgeSize_Mean,AgeSize_Std,N_Initial_Class,ClassSize_Mean,ClassSize_Std,N_GrowthBack_Class,Capture_Back,PackingDeaths_Emigration_Class,N_AfterEmigration_Class,Deaths_AfterEmiMort_Age,Deaths_AfterEmiMort_Size,N_GrowthOut_Class,Capture_Out,PackingDeaths_Immigration_Class,N_Immigration_Class,Deaths_AfterImmiMort_Age,Deaths_AfterImmiMort_Size
0,50.0,1543,49.73582133549317,10.076731991601925,1537,49.633898501687774,9.963069970927139,0,0,0,0,0,0,0,0,12,1192,0,0
1,100.0,786,134.45931881561046,2.842170943040401e-14,6,75.84505392864276,0.8213915061127588,1543,0,70,1450,0,0,0,0,0,10,0,0
2,150.0,377,181.3429854668015,2.842170943040401e-14,786,134.45931881561046,2.842170943040401e-14,786,0,25,759,0,0,1389,0,443,946,0,0
3,200.0,156,218.2598823281493,5.684341886080802e-14,533,192.147930889635,16.796970267784218,533,0,9,522,0,0,1052,0,413,639,0,0
4,250.0,95,247.32879632779208,1.1368683772161603e-13,165,257.0394065389506,11.312518548644725,165,0,9,156,0,0,226,0,12,214,0,0
5,300.0,70,270.21809182552266,1.1368683772161603e-13,88,300.9634432526393,12.023668374582385,88,0,7,81,0,0,124,0,30,94,0,0
6,350.0,98,304.3625676388186,15.407959022768551,10,334.27486223719677,7.612246952548787,10,0,2,8,0,0,16,0,4,12,0,0
Totals,7,3125,NA,NA,3125,NA,NA,3125,0,122,2976,0,0,2807,0,914,3107,0,0
