Age,Class,N_Initial_Age,AgeSize_Mean,AgeSize_Std,N_Initial_Class,ClassSize_Mean,ClassSize_Std,N_GrowthBack_Class,Capture_Back,PackingDeaths_Emigration_Class,N_AfterEmigration_Class,Deaths_AfterEmiMort_Age,Deaths_AfterEmiMort_Size,N_GrowthOut_Class,Capture_Out,PackingDeaths_Immigration_Class,N_Immigration_Class,Deaths_AfterImmiMort_Age,Deaths_AfterImmiMort_Size
0,50.0,1299,50.17448320770181,9.797447694018475,1290,49.98527809353967,9.563157491943073,0,0,0,0,0,0,0,0,86,1400,0,0
1,100.0,907,134.45931881561046,2.842170943040401e-14,9,77.29388290427605,2.357334685944139,1299,0,48,1251,0,0,0,0,0,9,0,0
2,150.0,416,181.34298546680154,5.684341886080802e-14,907,134.45931881561046,2.842170943040401e-14,907,0,78,827,0,0,1187,0,241,946,0,0
3,200.0,197,218.25988232814925,1.1368683772161603e-13,613,193.2069800535642,17.240287032656195,613,0,92,520,0,0,1097,0,336,761,0,0
4,250.0,109,247.3287963277921,8.526512829121202e-14,183,256.5845770208635,11.233379861273612,183,0,16,167,0,0,245,0,47,198,0,0
5,300.0,74,270.2180918255227,5.684341886080802e-14,75,299.80427879845314,11.250335746445733,75,0,14,60,0,0,114,0,35,79,0,0
6,350.0,85,304.0012111088788,15.706403533573795,10,335.478203437071,4.96902318680095,10,0,2,8,0,0,10,0,1,9,0,0
Totals,7,3087,NA,NA,3087,NA,NA,3087,0,250,2833,0,0,2653,0,746,3402,0,0
