Age,Class,N_Initial_Age,AgeSize_Mean,AgeSize_Std,N_Initial_Class,ClassSize_Mean,ClassSize_Std,N_GrowthBack_Class,Capture_Back,PackingDeaths_Emigration_Class,N_AfterEmigration_Class,Deaths_AfterEmiMort_Age,Deaths_AfterEmiMort_Size,N_GrowthOut_Class,Capture_Out,PackingDeaths_Immigration_Class,N_Immigration_Class,Deaths_AfterImmiMort_Age,Deaths_AfterImmiMort_Size
0,50.0,1286,49.908662253390006,10.183752172873808,1276,49.694542124537705,9.9293014067799,0,0,0,0,0,0,0,0,7,1562,0,0
1,100.0,862,134.4593188156105,0.0,10,77.23039069494304,2.100190626531788,1286,0,115,1171,0,0,0,0,0,14,0,0
2,150.0,412,181.34298546680157,8.526512829121202e-14,862,134.4593188156105,0.0,862,0,68,794,0,0,1132,0,192,940,0,0
3,200.0,212,218.25988232814927,8.526512829121202e-14,624,193.88526452866967,17.4846578024122,624,0,57,567,0,0,1086,0,423,663,0,0
4,250.0,119,247.32879632779208,1.1368683772161603e-13,191,255.9572218557324,11.092738818613546,191,0,23,168,0,0,265,0,32,233,0,0
5,300.0,72,270.2180918255228,0.0,80,298.2323231604718,11.339683629756218,80,0,10,70,0,0,123,0,37,86,0,0
6,350.0,87,300.9230615948332,14.1976205937564,7,331.6743579875354,2.699894050266253,7,0,0,7,0,0,10,0,1,9,0,0
Totals,7,3050,NA,NA,3050,NA,NA,3050,0,273,2777,0,0,2616,0,692,3507,0,0
