Age,Class,N_Initial_Age,AgeSize_Mean,AgeSize_Std,N_Initial_Class,ClassSize_Mean,ClassSize_Std,N_GrowthBack_Class,Capture_Back,PackingDeaths_Emigration_Class,N_AfterEmigration_Class,Deaths_AfterEmiMort_Age,Deaths_AfterEmiMort_Size,N_GrowthOut_Class,Capture_Out,PackingDeaths_Immigration_Class,N_Immigration_Class,Deaths_AfterImmiMort_Age,Deaths_AfterImmiMort_Size
0,50.0,1659,49.90967377423879,9.931299277752899,1651,49.77608192168479,9.7668438240615,0,0,0,0,0,0,0,0,0,1253,0,0
1,100.0,895,134.4593188156105,0.0,8,77.47969234507018,1.8402896896295935,1659,0,229,1430,0,0,0,0,0,9,0,0
2,150.0,383,181.34298546680157,8.526512829121202e-14,895,134.4593188156105,0.0,895,0,67,828,0,0,1388,0,418,970,0,0
3,200.0,150,218.25988232814936,0.0,533,191.7323560656799,16.601334326260492,533,0,63,470,0,0,1079,0,418,661,0,0
4,250.0,132,247.32879632779213,5.684341886080802e-14,205,255.47961862698398,10.960414043396858,205,0,29,176,0,0,228,0,38,190,0,0
5,300.0,73,270.2180918255227,5.684341886080802e-14,74,299.5562338722215,12.306399193212046,74,0,16,58,0,0,110,0,28,82,0,0
6,350.0,81,302.6476013704138,15.591720146873188,7,335.32777206558876,6.557316168054104,7,0,0,7,0,0,8,0,1,7,0,0
Totals,7,3373,NA,NA,3373,NA,NA,3373,0,404,2969,0,0,2813,0,903,3172,0,0
