Age,Class,N_Initial_Age,AgeSize_Mean,AgeSize_Std,N_Initial_Class,ClassSize_Mean,ClassSize_Std,N_GrowthBack_Class,Capture_Back,PackingDeaths_Emigration_Class,N_AfterEmigration_Class,Deaths_AfterEmiMort_Age,Deaths_AfterEmiMort_Size,N_GrowthOut_Class,Capture_Out,PackingDeaths_Immigration_Class,N_Immigration_Class,Deaths_AfterImmiMort_Age,Deaths_AfterImmiMort_Size
0,50.0,1526,49.73290916768061,9.898954411597988,1510,49.43031841757653,9.496062367418634,0,0,0,0,0,0,0,0,0,1263,0,0
1,100.0,758,134.4593188156105,0.0,16,78.28991120875266,3.361746999966059,1526,0,26,1500,0,0,0,0,0,5,0,0
2,150.0,359,181.34298546680154,5.684341886080802e-14,758,134.4593188156105,0.0,758,0,29,729,0,0,1448,0,419,1029,0,0
3,200.0,148,218.25988232814936,0.0,507,192.1195155170569,16.783993817457066,507,0,68,439,0,0,962,0,300,662,0,0
4,250.0,93,247.3287963277921,8.526512829121202e-14,152,256.2134570802007,11.154659505048999,152,0,13,139,0,0,193,0,20,173,0,0
5,300.0,59,270.21809182552283,5.684341886080802e-14,59,297.9994150438778,10.656261681106368,59,0,1,58,0,0,98,0,21,77,0,0
6,350.0,64,301.1700541452691,15.042558436535783,5,338.5835955416863,6.165057385509578,5,0,1,4,0,0,7,0,3,4,0,0
Totals,7,3007,NA,NA,3007,NA,NA,3007,0,138,2869,0,0,2708,0,763,3213,0,0
