Age,Class,N_Initial_Age,AgeSize_Mean,AgeSize_Std,N_Initial_Class,ClassSize_Mean,ClassSize_Std,N_GrowthBack_Class,Capture_Back,PackingDeaths_Emigration_Class,N_AfterEmigration_Class,Deaths_AfterEmiMort_Age,Deaths_AfterEmiMort_Size,N_GrowthOut_Class,Capture_Out,PackingDeaths_Immigration_Class,N_Immigration_Class,Deaths_AfterImmiMort_Age,Deaths_AfterImmiMort_Size
0,50.0,1371,49.98720698651595,9.721639715399968,1363,49.8200757210644,9.498808448379432,0,0,0,0,0,0,0,0,35,1357,0,0
1,100.0,801,134.45931881561046,2.842170943040401e-14,8,78.46219633782536,2.937371596788669,1371,0,21,1350,0,0,0,0,0,8,0,0
2,150.0,333,181.34298546680154,5.684341886080802e-14,801,134.45931881561046,2.842170943040401e-14,801,0,54,747,0,0,1288,0,333,955,0,0
3,200.0,183,218.25988232814925,1.1368683772161603e-13,516,194.43560586530276,17.66131954291636,516,0,45,471,0,0,977,0,363,614,0,0
4,250.0,103,247.32879632779208,1.1368683772161603e-13,165,255.92962251481816,11.085695333177148,165,0,15,150,0,0,241,0,32,209,0,0
5,300.0,62,270.21809182552283,5.684341886080802e-14,67,300.4297568339959,12.585708568183872,67,0,7,60,0,0,97,0,18,79,0,0
6,350.0,75,303.90375458499824,15.732472771323659,8,332.9984857496421,6.799550850935722,8,0,0,8,0,0,16,0,1,15,0,0
Totals,7,2928,NA,NA,2928,NA,NA,2928,0,142,2786,0,0,2619,0,782,3237,0,0
