Age,Class,N_Initial_Age,AgeSize_Mean,AgeSize_Std,N_Initial_Class,ClassSize_Mean,ClassSize_Std,N_GrowthBack_Class,Capture_Back,PackingDeaths_Emigration_Class,N_AfterEmigration_Class,Deaths_AfterEmiMort_Age,Deaths_AfterEmiMort_Size,N_GrowthOut_Class,Capture_Out,PackingDeaths_Immigration_Class,N_Immigration_Class,Deaths_AfterImmiMort_Age,Deaths_AfterImmiMort_Size
0,50.0,1269,50.12622248858773,9.942544740072618,1264,50.018145186539485,9.811695753964283,0,0,0,0,0,0,0,0,15,1398,0,0
1,100.0,700,134.4593188156105,0.0,5,77.44816444638397,1.6899376727654813,1269,0,91,1146,0,0,0,0,0,7,0,0
2,150.0,382,181.34298546680154,5.684341886080802e-14,700,134.4593188156105,0.0,700,0,70,621,0,0,1082,0,224,858,0,0
3,200.0,169,218.25988232814933,2.842170943040401e-14,551,192.66595383262325,17.023490908504826,551,0,85,466,0,0,882,0,256,626,0,0
4,250.0,100,247.3287963277921,8.526512829121202e-14,162,256.0888970738372,11.125339072821836,162,0,11,150,0,0,207,0,31,176,0,0
5,300.0,62,270.21809182552283,5.684341886080802e-14,73,297.95881024691903,11.898202094280323,73,0,13,59,0,0,99,0,15,84,0,0
6,350.0,77,299.73051122768743,13.852256219575244,4,332.0640541267116,2.7278729742332075,4,0,0,4,0,0,8,0,0,8,0,0
Totals,7,2759,NA,NA,2759,NA,NA,2759,0,270,2446,0,0,2278,0,541,3157,0,0
