Age,Class,N_Initial_Age,AgeSize_Mean,AgeSize_Std,N_Initial_Class,ClassSize_Mean,ClassSize_Std,N_GrowthBack_Class,Capture_Back,PackingDeaths_Emigration_Class,N_AfterEmigration_Class,Deaths_AfterEmiMort_Age,Deaths_AfterEmiMort_Size,N_GrowthOut_Class,Capture_Out,PackingDeaths_Immigration_Class,N_Immigration_Class,Deaths_AfterImmiMort_Age,Deaths_AfterImmiMort_Size
0,50.0,1627,50.4674862850987,9.873987340166837,1616,50.2777797539034,9.633742994567292,0,0,0,0,0,0,0,0,86,1361,0,0
1,100.0,874,134.45931881561046,2.842170943040401e-14,11,78.33710032251855,2.0001388931748196,1627,0,172,1455,0,0,0,0,0,4,0,0
2,150.0,422,181.34298546680154,5.684341886080802e-14,874,134.45931881561046,2.842170943040401e-14,874,0,108,766,0,0,1402,0,573,829,0,0
3,200.0,215,218.25988232814925,1.1368683772161603e-13,637,193.80316258640872,17.456662331232828,637,0,136,501,0,0,1031,0,436,595,0,0
4,250.0,99,247.32879632779213,5.684341886080802e-14,173,257.1195932458965,11.324519394888197,173,0,28,145,0,0,235,0,58,177,0,0
5,300.0,74,270.2180918255227,5.684341886080802e-14,90,300.1812744937441,12.29813228756965,90,0,18,72,0,0,122,0,50,72,0,0
6,350.0,99,303.01949945302647,14.822453784323022,9,331.40174904584984,4.267155879789289,9,0,4,5,0,0,10,0,3,7,0,0
Totals,7,3410,NA,NA,3410,NA,NA,3410,0,466,2944,0,0,2800,0,1206,3045,0,0
