Age,Class,N_Initial_Age,AgeSize_Mean,AgeSize_Std,N_Initial_Class,ClassSize_Mean,ClassSize_Std,N_GrowthBack_Class,Capture_Back,PackingDeaths_Emigration_Class,N_AfterEmigration_Class,Deaths_AfterEmiMort_Age,Deaths_AfterEmiMort_Size,N_GrowthOut_Class,Capture_Out,PackingDeaths_Immigration_Class,N_Immigration_Class,Deaths_AfterImmiMort_Age,Deaths_AfterImmiMort_Size
0,50.0,1079,50.12354987313286,10.493192820344596,1071,49.91448266638916,10.245436276492773,0,0,0,0,0,0,0,0,60,1491,0,0
1,100.0,763,134.4593188156105,0.0,8,78.11242217594456,2.9573407524996096,1079,0,42,1037,0,0,0,0,0,12,0,0
2,150.0,385,181.34298546680154,5.684341886080802e-14,763,134.4593188156105,0.0,763,0,33,730,0,0,1007,0,150,857,0,0
3,200.0,182,218.25988232814927,8.526512829121202e-14,567,193.19285359513538,17.23487698985323,567,0,37,530,0,0,993,0,306,687,0,0
4,250.0,99,247.32879632779213,5.684341886080802e-14,158,255.87606489972953,11.071818098248901,158,0,6,152,0,0,244,0,36,208,0,0
5,300.0,59,270.21809182552283,5.684341886080802e-14,60,297.2170655593505,10.454096874169219,60,0,8,52,0,0,104,0,16,88,0,0
6,350.0,66,300.93404682326565,15.496761278205419,6,338.10385946241655,5.386077228639262,6,0,0,6,0,0,8,0,3,5,0,0
Totals,7,2633,NA,NA,2633,NA,NA,2633,0,126,2507,0,0,2356,0,571,3348,0,0
