Age,Class,N_Initial_Age,AgeSize_Mean,AgeSize_Std,N_Initial_Class,ClassSize_Mean,ClassSize_Std,N_GrowthBack_Class,Capture_Back,PackingDeaths_Emigration_Class,N_AfterEmigration_Class,Deaths_AfterEmiMort_Age,Deaths_AfterEmiMort_Size,N_GrowthOut_Class,Capture_Out,PackingDeaths_Immigration_Class,N_Immigration_Class,Deaths_AfterImmiMort_Age,Deaths_AfterImmiMort_Size
0,50.0,1861,49.92325516973368,10.006485332556553,1848,49.71849080289444,9.735570839623495,0,0,0,0,0,0,0,0,0,1725,0,0
1,100.0,2279,134.45931881561046,2.842170943040401e-14,13,79.031297471188,2.6810934174652767,1861,0,35,1826,0,0,0,0,0,11,0,0
2,150.0,446,181.34298546680154,5.684341886080802e-14,2279,134.45931881561046,2.842170943040401e-14,2279,0,94,2185,0,0,1760,0,791,969,0,0
3,200.0,256,218.25988232814927,8.526512829121202e-14,702,194.80555754159505,17.769511470623055,702,0,23,679,0,0,2503,0,1755,748,0,0
4,250.0,100,247.3287963277921,8.526512829121202e-14,228,260.1789271335356,11.358018289844217,228,0,28,200,0,0,302,0,75,227,0,0
5,300.0,128,270.2180918255227,5.684341886080802e-14,84,301.29464040815986,10.29461963508774,84,0,13,71,0,0,169,0,72,97,0,0
6,350.0,84,301.29464040815986,10.29461963508774,0,nan,nan,0,0,0,0,0,0,0,0,0,0,0,0
Totals,7,5154,NA,NA,5154,NA,NA,5154,0,193,4961,0,0,4734,0,2693,3777,0,0
