Age,Class,N_Initial_Age,AgeSize_Mean,AgeSize_Std,N_Initial_Class,ClassSize_Mean,ClassSize_Std,N_GrowthBack_Class,Capture_Back,PackingDeaths_Emigration_Class,N_AfterEmigration_Class,Deaths_AfterEmiMort_Age,Deaths_AfterEmiMort_Size,N_GrowthOut_Class,Capture_Out,PackingDeaths_Immigration_Class,N_Immigration_Class,Deaths_AfterImmiMort_Age,Deaths_AfterImmiMort_Size
0,50.0,3373,50.195418914912544,10.077350611784,3391,50.27869242111472,10.100141901566959,0,0,0,0,0,0,0,0,23376,33009,0,0
1,100.0,3460,100.09005693641618,10.047682753528019,3442,100.22907611853573,9.675657810729176,3373,0,0,3364,0,0,0,0,0,223,0,0
2,150.0,3801,149.88143488555644,9.885235041508654,3811,149.94148386250325,9.761384315955288,3460,0,769,2689,0,0,3302,0,2016,1286,0,0
3,200.0,3633,200.01388576933664,10.126076501350427,3620,200.0588453038674,9.802695493961844,7434,0,6465,963,0,0,3120,0,2131,989,0,0
4,250.0,3731,249.91126427231305,9.985938768140832,3727,249.85461953313657,9.744643292188982,7461,0,7322,133,0,0,525,0,206,319,0,0
5,300.0,3730,300.1042286863271,10.087939257910659,3741,300.0726046511628,9.965305117268967,3682,0,3627,54,0,0,122,0,14,108,0,0
6,350.0,3682,349.8439853340576,9.950472877585431,3678,349.91855845568244,9.798901337092095,0,0,0,0,0,0,0,0,0,0,0,0
Totals,7,25410,NA,NA,25410,NA,NA,25410,0,18183,7203,0,0,7069,0,27743,35934,0,0
