Age,Class,N_Initial_Age,AgeSize_Mean,AgeSize_Std,N_Initial_Class,ClassSize_Mean,ClassSize_Std,N_GrowthBack_Class,Capture_Back,PackingDeaths_Emigration_Class,N_AfterEmigration_Class,Deaths_AfterEmiMort_Age,Deaths_AfterEmiMort_Size,N_GrowthOut_Class,Capture_Out,PackingDeaths_Immigration_Class,N_Immigration_Class,Deaths_AfterImmiMort_Age,Deaths_AfterImmiMort_Size
0,50.0,1360,49.96492870797089,10.408122224742009,1353,49.825118129038444,10.2510429933064,0,0,0,0,0,0,0,0,86,1302,0,0
1,100.0,671,134.4593188156105,0.0,7,76.9883163216283,1.2344358254853203,1360,0,27,1333,0,0,0,0,0,5,0,0
2,150.0,362,181.34298546680154,5.684341886080802e-14,671,134.4593188156105,0.0,671,0,68,603,0,0,1266,0,317,949,0,0
3,200.0,176,218.25988232814933,2.842170943040401e-14,538,193.41988852924987,17.320225090371316,538,0,71,467,0,0,855,0,288,567,0,0
4,250.0,100,247.3287963277921,8.526512829121202e-14,173,256.9872851794357,11.304406153773977,173,0,11,162,0,0,228,0,38,190,0,0
5,300.0,73,270.2180918255227,5.684341886080802e-14,78,298.58986113727076,12.324674931891103,78,0,7,71,0,0,125,0,39,86,0,0
6,350.0,86,301.8306173676482,15.51406283948601,8,333.42799061382823,2.362407293982971,8,0,0,8,0,0,11,0,2,9,0,0
Totals,7,2828,NA,NA,2828,NA,NA,2828,0,184,2644,0,0,2485,0,770,3108,0,0
