Age,Class,N_Initial_Age,AgeSize_Mean,AgeSize_Std,N_Initial_Class,ClassSize_Mean,ClassSize_Std,N_GrowthBack_Class,Capture_Back,PackingDeaths_Emigration_Class,N_AfterEmigration_Class,Deaths_AfterEmiMort_Age,Deaths_AfterEmiMort_Size,N_GrowthOut_Class,Capture_Out,PackingDeaths_Immigration_Class,N_Immigration_Class,Deaths_AfterImmiMort_Age,Deaths_AfterImmiMort_Size
0,50.0,1265,50.52549176532882,9.85062777716036,1260,50.41940743135761,9.724416407426927,0,0,0,0,0,0,0,0,43,1454,0,0
1,100.0,905,134.45931881561046,2.842170943040401e-14,5,77.25874392607537,1.4565673085406725,1265,0,177,1049,0,0,0,0,0,8,0,0
2,150.0,383,181.34298546680157,8.526512829121202e-14,905,134.45931881561046,2.842170943040401e-14,905,0,151,743,0,0,1007,0,271,736,0,0
3,200.0,198,218.25988232814927,8.526512829121202e-14,581,193.92395892385292,17.49770288930208,581,0,92,479,0,0,979,0,398,581,0,0
4,250.0,117,247.3287963277921,8.526512829121202e-14,201,256.89447205818703,11.28935012520263,201,0,29,172,0,0,238,0,50,188,0,0
5,300.0,84,270.2180918255227,5.684341886080802e-14,67,299.1059368536732,11.110039663186978,67,0,11,56,0,0,115,0,29,86,0,0
6,350.0,77,303.30029550805915,15.057458782221047,10,331.40249849244503,3.34557837069616,10,0,2,8,0,0,11,0,2,9,0,0
Totals,7,3029,NA,NA,3029,NA,NA,3029,0,462,2507,0,0,2350,0,793,3062,0,0
