Age,Class,N_Initial_Age,AgeSize_Mean,AgeSize_Std,N_Initial_Class,ClassSize_Mean,ClassSize_Std,N_GrowthBack_Class,Capture_Back,PackingDeaths_Emigration_Class,N_AfterEmigration_Class,Deaths_AfterEmiMort_Age,Deaths_AfterEmiMort_Size,N_GrowthOut_Class,Capture_Out,PackingDeaths_Immigration_Class,N_Immigration_Class,Deaths_AfterImmiMort_Age,Deaths_AfterImmiMort_Size
0,50.0,1248,50.028175448261486,10.015894282970402,1239,49.833794073182794,9.787408668427556,0,0,0,0,0,0,0,0,70,1251,0,0
1,100.0,682,134.45931881561046,2.842170943040401e-14,9,76.7880114174278,1.3920077046309804,1248,0,29,1219,0,0,0,0,0,9,0,0
2,150.0,341,181.34298546680154,5.684341886080802e-14,682,134.45931881561046,2.842170943040401e-14,682,0,78,599,0,0,1190,0,431,759,0,0
3,200.0,167,218.2598823281493,5.684341886080802e-14,508,193.4790519546855,17.34190892137695,508,0,63,445,0,0,836,0,257,579,0,0
4,250.0,90,247.32879632779213,5.684341886080802e-14,152,256.6652194913402,11.248793321662157,152,0,30,122,0,0,185,0,30,155,0,0
5,300.0,62,270.21809182552283,5.684341886080802e-14,76,300.5876284459227,12.180352242032498,76,0,15,61,0,0,93,0,13,80,0,0
6,350.0,87,305.09306240747935,16.551859958739396,11,336.2215152327799,5.70433635547359,11,0,2,9,0,0,16,0,4,12,0,0
Totals,7,2677,NA,NA,2677,NA,NA,2677,0,217,2455,0,0,2320,0,805,2845,0,0
