Age,Class,N_Initial_Age,AgeSize_Mean,AgeSize_Std,N_Initial_Class,ClassSize_Mean,ClassSize_Std,N_GrowthBack_Class,Capture_Back,PackingDeaths_Emigration_Class,N_AfterEmigration_Class,Deaths_AfterEmiMort_Age,Deaths_AfterEmiMort_Size,N_GrowthOut_Class,Capture_Out,PackingDeaths_Immigration_Class,N_Immigration_Class,Deaths_AfterImmiMort_Age,Deaths_AfterImmiMort_Size
0,50.0,1134,49.95946054557792,10.245747195608928,1126,49.75171264955948,9.976191564943441,0,0,0,0,0,0,0,0,0,1629,0,0
1,100.0,779,134.45931881561046,2.842170943040401e-14,8,79.19997691017261,3.333516085158078,1134,0,2,1132,0,0,0,0,0,5,0,0
2,150.0,365,181.34298546680154,5.684341886080802e-14,779,134.45931881561046,2.842170943040401e-14,779,0,23,756,0,0,1094,0,217,877,0,0
3,200.0,171,218.2598823281493,5.684341886080802e-14,536,193.1205775624927,17.206989193324045,536,0,34,502,0,0,1007,0,388,619,0,0
4,250.0,113,247.32879632779216,2.842170943040401e-14,186,256.31222950700896,11.176868297414872,186,0,7,179,0,0,249,0,50,199,0,0
5,300.0,73,270.2180918255227,5.684341886080802e-14,69,298.90925516987375,11.426430667736943,69,0,9,60,0,0,118,0,35,83,0,0
6,350.0,80,304.2124129807288,17.187506296383795,11,337.47767561245604,6.816329978235502,11,0,4,7,0,0,11,0,2,9,0,0
Totals,7,2715,NA,NA,2715,NA,NA,2715,0,79,2636,0,0,2479,0,692,3421,0,0
