Age,Class,N_Initial_Age,AgeSize_Mean,AgeSize_Std,N_Initial_Class,ClassSize_Mean,ClassSize_Std,N_GrowthBack_Class,Capture_Back,PackingDeaths_Emigration_Class,N_AfterEmigration_Class,Deaths_AfterEmiMort_Age,Deaths_AfterEmiMort_Size,N_GrowthOut_Class,Capture_Out,PackingDeaths_Immigration_Class,N_Immigration_Class,Deaths_AfterImmiMort_Age,Deaths_AfterImmiMort_Size
0,50.0,1399,50.189460552511015,10.083545577490273,1392,50.050128417305025,9.912775472043625,0,0,0,0,0,0,0,0,0,1715,0,0
1,100.0,871,134.4593188156105,0.0,7,77.89665086775923,3.0300439609117715,1399,0,22,1377,0,0,0,0,0,8,0,0
2,150.0,396,181.34298546680157,8.526512829121202e-14,871,134.4593188156105,0.0,871,0,66,805,0,0,1319,0,343,976,0,0
3,200.0,198,218.25988232814927,8.526512829121202e-14,594,193.64861775391745,17.40279207401564,594,0,60,534,0,0,1072,0,485,587,0,0
4,250.0,114,247.32879632779213,5.684341886080802e-14,179,255.6405516761301,11.007495051206032,179,0,16,163,0,0,261,0,37,224,0,0
5,300.0,65,270.2180918255228,0.0,81,300.2780539263961,10.322987789856606,81,0,24,57,0,0,100,0,14,86,0,0
6,350.0,87,302.6384462401894,13.300062093209863,6,334.5037424763994,5.9751323495125375,6,0,2,4,0,0,8,0,0,8,0,0
Totals,7,3130,NA,NA,3130,NA,NA,3130,0,190,2940,0,0,2760,0,879,3604,0,0
