Age,Class,N_Initial_Age,AgeSize_Mean,AgeSize_Std,N_Initial_Class,ClassSize_Mean,ClassSize_Std,N_GrowthBack_Class,Capture_Back,PackingDeaths_Emigration_Class,N_AfterEmigration_Class,Deaths_AfterEmiMort_Age,Deaths_AfterEmiMort_Size,N_GrowthOut_Class,Capture_Out,PackingDeaths_Immigration_Class,N_Immigration_Class,Deaths_AfterImmiMort_Age,Deaths_AfterImmiMort_Size
0,50.0,1285,50.493709056345594,9.709389101930181,1277,50.324993887548146,9.501027409359946,0,0,0,0,0,0,0,0,110,1480,0,0
1,100.0,670,134.4593188156105,0.0,8,77.42486787563945,1.837006307221744,1285,0,49,1236,0,0,0,0,0,13,0,0
2,150.0,411,181.34298546680154,5.684341886080802e-14,670,134.4593188156105,0.0,670,0,49,621,0,0,1204,0,310,894,0,0
3,200.0,204,218.2598823281493,5.684341886080802e-14,615,193.58859027934616,17.381452547026086,615,0,74,541,0,0,900,0,286,614,0,0
4,250.0,108,247.3287963277921,8.526512829121202e-14,156,254.37165648093995,10.56429022972181,156,0,12,144,0,0,250,0,36,214,0,0
5,300.0,48,270.2180918255228,0.0,79,298.6335798129265,11.68346479015963,79,0,15,64,0,0,100,0,21,79,0,0
6,350.0,89,302.72542899538144,16.0429469102546,10,335.05103753677565,5.920705363711019,10,0,0,10,0,0,14,0,3,11,0,0
Totals,7,2815,NA,NA,2815,NA,NA,2815,0,199,2616,0,0,2468,0,766,3305,0,0
