Age,Class,N_Initial_Age,AgeSize_Mean,AgeSize_Std,N_Initial_Class,ClassSize_Mean,ClassSize_Std,N_GrowthBack_Class,Capture_Back,PackingDeaths_Emigration_Class,N_AfterEmigration_Class,Deaths_AfterEmiMort_Age,Deaths_AfterEmiMort_Size,N_GrowthOut_Class,Capture_Out,PackingDeaths_Immigration_Class,N_Immigration_Class,Deaths_AfterImmiMort_Age,Deaths_AfterImmiMort_Size
0,50.0,992,48.540859837458974,10.117514102564883,990,48.484942546167616,10.050821156032923,0,0,0,0,0,0,0,0,13,1328,0,0
1,100.0,721,134.45931881561046,2.842170943040401e-14,2,76.2199190266834,0.7095491488261132,992,0,71,921,0,0,0,0,0,8,0,0
2,150.0,382,181.34298546680154,5.684341886080802e-14,721,134.45931881561046,2.842170943040401e-14,721,0,32,689,0,0,881,0,139,742,0,0
3,200.0,170,218.2598823281493,5.684341886080802e-14,552,192.71231964511517,17.042851216414217,552,0,70,482,0,0,947,0,284,663,0,0
4,250.0,85,247.3287963277921,8.526512829121202e-14,156,257.74636030432333,11.398467485597152,156,0,26,130,0,0,201,0,34,167,0,0
5,300.0,71,270.21809182552266,1.1368683772161603e-13,60,298.1589958670428,11.210837357808991,60,0,3,57,0,0,99,0,13,86,0,0
6,350.0,66,301.46306374062067,15.055612199381107,6,334.50374247639945,5.9751323495125375,6,0,0,6,0,0,10,0,0,10,0,0
Totals,7,2487,NA,NA,2487,NA,NA,2487,0,202,2285,0,0,2138,0,483,3004,0,0
