Age,Class,N_Initial_Age,AgeSize_Mean,AgeSize_Std,N_Initial_Class,ClassSize_Mean,ClassSize_Std,N_GrowthBack_Class,Capture_Back,PackingDeaths_Emigration_Class,N_AfterEmigration_Class,Deaths_AfterEmiMort_Age,Deaths_AfterEmiMort_Size,N_GrowthOut_Class,Capture_Out,PackingDeaths_Immigration_Class,N_Immigration_Class,Deaths_AfterImmiMort_Age,Deaths_AfterImmiMort_Size
0,50.0,1331,50.39909207097833,9.717242166519933,1323,50.23423072108403,9.50967128563068,0,0,0,0,0,0,0,0,0,1394,0,0
1,100.0,809,134.45931881561046,2.842170943040401e-14,8,77.66303780974678,2.571032317264458,1331,0,214,1117,0,0,0,0,0,8,0,0
2,150.0,367,181.34298546680154,5.684341886080802e-14,809,134.45931881561046,2.842170943040401e-14,809,0,41,768,0,0,1060,0,169,891,0,0
3,200.0,152,218.25988232814933,2.842170943040401e-14,519,192.15487048207103,16.800130547172778,519,0,33,486,0,0,1036,0,381,655,0,0
4,250.0,127,247.32879632779208,1.1368683772161603e-13,192,255.07777657441974,10.83152823051813,192,0,18,174,0,0,238,0,40,198,0,0
5,300.0,65,270.2180918255228,0.0,85,298.6388592245303,11.088301902146961,85,0,9,76,0,0,116,0,30,86,0,0
6,350.0,92,301.44788611029026,14.527728172289278,7,335.55749829451787,4.649100519206378,7,0,1,6,0,0,10,0,0,10,0,0
Totals,7,2943,NA,NA,2943,NA,NA,2943,0,316,2627,0,0,2460,0,620,3242,0,0
