Age,Class,N_Initial_Age,AgeSize_Mean,AgeSize_Std,N_Initial_Class,ClassSize_Mean,ClassSize_Std,N_GrowthBack_Class,Capture_Back,PackingDeaths_Emigration_Class,N_AfterEmigration_Class,Deaths_AfterEmiMort_Age,Deaths_AfterEmiMort_Size,N_GrowthOut_Class,Capture_Out,PackingDeaths_Immigration_Class,N_Immigration_Class,Deaths_AfterImmiMort_Age,Deaths_AfterImmiMort_Size
0,50.0,1453,50.15607130142579,9.973163829536976,1446,50.02344815600854,9.812416761991127,0,0,0,0,0,0,0,0,0,1617,0,0
1,100.0,749,134.4593188156105,0.0,7,77.55222391190354,1.5088157759752303,1453,0,8,1445,0,0,0,0,0,8,0,0
2,150.0,396,181.34298546680157,8.526512829121202e-14,749,134.4593188156105,0.0,749,0,62,687,0,0,1378,0,466,912,0,0
3,200.0,228,218.25988232814927,8.526512829121202e-14,624,194.83185162767862,17.77688303757355,624,0,112,512,0,0,930,0,388,542,0,0
4,250.0,108,247.3287963277921,8.526512829121202e-14,155,254.26942141420074,10.521109349858701,155,0,14,141,0,0,270,0,47,223,0,0
5,300.0,47,270.2180918255229,1.1368683772161603e-13,78,298.94553264217495,12.313042290003796,78,0,14,64,0,0,95,0,8,87,0,0
6,350.0,90,303.6391644089277,16.745597994195613,12,334.14777089282,6.6083348434130516,12,0,1,11,0,0,16,0,2,14,0,0
Totals,7,3071,NA,NA,3071,NA,NA,3071,0,211,2860,0,0,2689,0,911,3403,0,0
