Age,Class,N_Initial_Age,AgeSize_Mean,AgeSize_Std,N_Initial_Class,ClassSize_Mean,ClassSize_Std,N_GrowthBack_Class,Capture_Back,PackingDeaths_Emigration_Class,N_AfterEmigration_Class,Deaths_AfterEmiMort_Age,Deaths_AfterEmiMort_Size,N_GrowthOut_Class,Capture_Out,PackingDeaths_Immigration_Class,N_Immigration_Class,Deaths_AfterImmiMort_Age,Deaths_AfterImmiMort_Size
0,50.0,1506,50.25612481498506,10.173768255467943,1493,50.01516802247099,9.880235901226078,0,0,0,0,0,0,0,0,7,1703,0,0
1,100.0,863,134.4593188156105,0.0,13,77.92908567833186,2.6620641303826242,1506,0,0,1455,0,0,0,0,0,13,0,0
2,150.0,404,181.34298546680157,8.526512829121202e-14,863,134.4593188156105,0.0,863,0,87,776,0,0,1416,0,478,938,0,0
3,200.0,175,218.25988232814927,8.526512829121202e-14,579,192.50094220382374,16.953381358854987,579,0,46,533,0,0,1064,0,393,671,0,0
4,250.0,122,247.32879632779213,5.684341886080802e-14,187,255.2849685596236,10.900022966153013,187,0,23,163,0,0,253,0,52,201,0,0
5,300.0,65,270.2180918255228,0.0,92,299.1978239988744,11.951390649361784,92,0,6,85,0,0,122,0,30,92,0,0
6,350.0,97,301.1887991291549,14.539451095752531,5,337.8227415263158,7.610176678208233,5,0,1,4,0,0,11,0,0,11,0,0
Totals,7,3232,NA,NA,3232,NA,NA,3232,0,163,3016,0,0,2866,0,960,3629,0,0
