PatchID,XCOORD,YCOORD,ID,sex,age,size,mature,newmature,layeggs,capture,recapture,infection,CDist,Hindex,Species,ClassFile,SubPatchID,L0A0,L0A1,L1A0,L1A1
1,2540470.832,712452.2021,ID1_F1_m1f1_P1_Y3_UO1,XX,2,66.5001120602,1,0,1.0,0,0,0,0.00327132669929,0.375,1,P0_CV0,1,1,1,1,1
5,2535011.582,720257.8531,S5_F4_m1f1_P1_Y3_UO0,XY,2,66.5001120602,1,0,0.0,0,0,0,0.0,0.375,1,P0_CV0,3,0,1,1,1
5,2535011.582,720257.8531,S5_F6_m5f5_P5_Y3_UO2,XX,2,66.5001120602,1,0,1.0,0,0,0,0.0,0.375,1,P0_CV0,3,0,1,1,1
