PatchID,XCOORD,YCOORD,ID,sex,age,size,mature,newmature,layeggs,capture,recapture,infection,CDist,Hindex,Species,ClassFile,SubPatchID,L0A0,L0A1,L1A0,L1A1
1,2540470.832,712452.2021,S1_F6_m1f1_P1_Y3_UO1,XX,3,83.614472818,1,0,1.0,0,0,0,0.0,0.375,1,P0_CV0,1,1,1,1,1
4,2539041.489,728416.6747,S4_F4_m1f1_P1_Y3_UO0,XY,3,83.614472818,1,0,0.0,0,0,0,0.0,0.375,1,P0_CV0,3,0,2,1,1
5,2535011.582,720257.8531,Age0_F5_m5f5_P5_Y5_UO0,XY,1,43.4061902607,0,0,0.0,0,0,0,-9999.0,0.375,1,P0_CV0,3,0,1,2,0
5,2535011.582,720257.8531,Age0_F5_m5f5_P5_Y5_UO1,XY,1,43.4061902607,0,0,0.0,0,0,0,-9999.0,0.375,1,P0_CV0,3,0,1,1,1
5,2535011.582,720257.8531,ID5_F1_m5f5_P5_Y3_UO2,XX,3,83.614472818,1,0,1.0,0,0,0,0.00327132669929,0.375,1,P0_CV0,3,0,1,1,1
