PatchID,XCOORD,YCOORD,ID,sex,age,size,mature,newmature,layeggs,capture,recapture,infection,CDist,Hindex,Species,ClassFile,SubPatchID,L0A0,L0A1,L1A0,L1A1
1,2540470.832,712452.2021,E1_F1_m1f1_P1_Y3_UO1,XX,1,54.9531511604,1,1,1.0,0,0,0,0.0,0.375,1,P0_CV0,1,1,1,1,1
4,2539041.489,728416.6747,E4_F1_m1f1_P1_Y3_UO0,XY,1,54.9531511604,1,1,0.0,0,0,0,0.0,0.375,1,P0_CV0,3,0,1,1,1
6,2545325.475,726552.0418,E6_F5_m5f5_P5_Y3_UO2,XX,1,54.9531511604,1,1,1.0,0,0,0,0.0,0.375,1,P0_CV0,4,0,1,1,1
