Age,Class,N_Initial_Age,AgeSize_Mean,AgeSize_Std,N_Initial_Class,ClassSize_Mean,ClassSize_Std,N_GrowthBack_Class,Capture_Back,PackingDeaths_Emigration_Class,N_AfterEmigration_Class,Deaths_AfterEmiMort_Age,Deaths_AfterEmiMort_Size,N_GrowthOut_Class,Capture_Out,PackingDeaths_Immigration_Class,N_Immigration_Class,Deaths_AfterImmiMort_Age,Deaths_AfterImmiMort_Size
0,50.0,602,50.81713789944109,10.067270418221687,599,50.68665748618343,9.920990617776887,0,0,0,0,0,0,0,0,0,643,0,0
1,100.0,365,134.45931881561046,2.842170943040401e-14,3,76.86972707988816,1.7361793985998057,602,0,0,602,0,0,0,0,0,3,0,0
2,150.0,219,181.34298546680154,5.684341886080802e-14,365,134.45931881561046,2.842170943040401e-14,365,0,17,348,0,0,584,0,108,476,0,0
3,200.0,110,218.25988232814922,1.4210854715202004e-13,329,193.68602089156826,17.41597089556108,329,0,40,289,0,0,489,0,117,372,0,0
4,250.0,68,247.32879632779216,2.842170943040401e-14,112,256.32101955904346,11.178800297036044,112,0,6,106,0,0,156,0,26,130,0,0
5,300.0,44,270.21809182552283,5.684341886080802e-14,40,300.2793876704587,12.282793735023773,40,0,5,35,0,0,67,0,11,56,0,0
6,350.0,44,303.5784667502832,15.837544426298429,4,336.5692575485294,7.29412252367239,4,0,1,3,0,0,6,0,3,3,0,0
Totals,7,1452,NA,NA,1452,NA,NA,1452,0,69,1383,0,0,1302,0,265,1683,0,0
