Age,Class,N_Initial_Age,AgeSize_Mean,AgeSize_Std,N_Initial_Class,ClassSize_Mean,ClassSize_Std,N_GrowthBack_Class,Capture_Back,PackingDeaths_Emigration_Class,N_AfterEmigration_Class,Deaths_AfterEmiMort_Age,Deaths_AfterEmiMort_Size,N_GrowthOut_Class,Capture_Out,PackingDeaths_Immigration_Class,N_Immigration_Class,Deaths_AfterImmiMort_Age,Deaths_AfterImmiMort_Size
0,50.0,700,49.88705653593741,9.898685640775502,695,49.69351752912264,9.66626802285667,0,0,0,0,0,0,0,0,0,525,0,0
1,100.0,339,134.4593188156105,0.0,5,76.78897848319116,1.0631798086901942,700,0,0,700,0,0,0,0,0,6,0,0
2,150.0,218,181.34298546680157,8.526512829121202e-14,339,134.4593188156105,0.0,339,0,0,339,0,0,666,0,47,619,0,0
3,200.0,112,218.2598823281493,5.684341886080802e-14,330,193.8723565227741,17.480284893349253,330,0,17,313,0,0,499,0,64,435,0,0
4,250.0,76,247.3287963277921,8.526512829121202e-14,130,256.83665753454176,11.27957534599096,130,0,7,123,0,0,155,0,19,136,0,0
5,300.0,54,270.2180918255229,1.1368683772161603e-13,33,295.09530946451645,9.656283701855164,33,0,2,31,0,0,72,0,14,58,0,0
6,350.0,35,297.83269783526885,14.676663490824154,2,342.9996059526844,8.207678851739644,2,0,0,2,0,0,2,0,1,1,0,0
Totals,7,1534,NA,NA,1534,NA,NA,1534,0,26,1508,0,0,1394,0,145,1780,0,0
