Age,Class,N_Initial_Age,AgeSize_Mean,AgeSize_Std,N_Initial_Class,ClassSize_Mean,ClassSize_Std,N_GrowthBack_Class,Capture_Back,PackingDeaths_Emigration_Class,N_AfterEmigration_Class,Deaths_AfterEmiMort_Age,Deaths_AfterEmiMort_Size,N_GrowthOut_Class,Capture_Out,PackingDeaths_Immigration_Class,N_Immigration_Class,Deaths_AfterImmiMort_Age,Deaths_AfterImmiMort_Size
0,50.0,632,49.988510153800554,10.27430706823449,626,49.707265849412046,9.905596396323023,0,0,0,0,0,0,0,0,3,657,0,0
1,100.0,499,134.4593188156105,0.0,6,79.33166591166884,3.5475261815334593,632,0,32,600,0,0,0,0,0,3,0,0
2,150.0,292,181.3429854668015,2.842170943040401e-14,499,134.4593188156105,0.0,499,0,29,470,0,0,554,0,28,526,0,0
3,200.0,119,218.2598823281492,1.7053025658242404e-13,411,192.0318193512307,16.743578120301265,411,0,63,348,0,0,654,0,184,470,0,0
4,250.0,76,247.3287963277921,8.526512829121202e-14,131,256.9388058879081,11.296639536251023,131,0,10,121,0,0,159,0,17,142,0,0
5,300.0,55,270.2180918255229,1.1368683772161603e-13,45,298.00690100093203,9.937507198243797,45,0,7,38,0,0,81,0,24,57,0,0
6,350.0,50,301.86953682495283,15.109065616514057,5,336.6332592411396,7.159343433177746,5,0,2,3,0,0,4,0,1,3,0,0
Totals,7,1723,NA,NA,1723,NA,NA,1723,0,143,1580,0,0,1452,0,257,1858,0,0
