Age,Class,N_Initial_Age,AgeSize_Mean,AgeSize_Std,N_Initial_Class,ClassSize_Mean,ClassSize_Std,N_GrowthBack_Class,Capture_Back,PackingDeaths_Emigration_Class,N_AfterEmigration_Class,Deaths_AfterEmiMort_Age,Deaths_AfterEmiMort_Size,N_GrowthOut_Class,Capture_Out,PackingDeaths_Immigration_Class,N_Immigration_Class,Deaths_AfterImmiMort_Age,Deaths_AfterImmiMort_Size
0,50.0,687,50.1342338377252,9.954465141166517,683,49.97590523150259,9.763258041995304,0,0,0,0,0,0,0,0,49,881,0,0
1,100.0,466,134.4593188156105,0.0,4,77.16884335023776,2.774384626747283,687,0,30,657,0,0,0,0,0,4,0,0
2,150.0,259,181.3429854668015,2.842170943040401e-14,466,134.4593188156105,0.0,466,0,42,424,0,0,628,0,65,563,0,0
3,200.0,118,218.25988232814922,1.4210854715202004e-13,377,192.89787626160003,17.118855406714424,377,0,37,340,0,0,608,0,151,457,0,0
4,250.0,70,247.32879632779213,5.684341886080802e-14,130,257.893086557514,11.410737606925109,130,0,13,117,0,0,156,0,14,142,0,0
5,300.0,60,270.21809182552283,5.684341886080802e-14,57,297.9937969486954,12.040368515615059,57,0,13,44,0,0,82,0,19,63,0,0
6,350.0,61,300.3173506316549,14.586450150988348,4,333.42799061382823,2.362407293982971,4,0,1,3,0,0,5,0,2,3,0,0
Totals,7,1721,NA,NA,1721,NA,NA,1721,0,136,1585,0,0,1479,0,300,2113,0,0
