Age,Class,N_Initial_Age,AgeSize_Mean,AgeSize_Std,N_Initial_Class,ClassSize_Mean,ClassSize_Std,N_GrowthBack_Class,Capture_Back,PackingDeaths_Emigration_Class,N_AfterEmigration_Class,Deaths_AfterEmiMort_Age,Deaths_AfterEmiMort_Size,N_GrowthOut_Class,Capture_Out,PackingDeaths_Immigration_Class,N_Immigration_Class,Deaths_AfterImmiMort_Age,Deaths_AfterImmiMort_Size
0,50.0,625,50.67446914023102,9.722275724414217,621,50.4862566628296,9.465163950677908,0,0,0,0,0,0,0,0,65,605,0,0
1,100.0,455,134.4593188156105,0.0,4,79.89445625680214,1.05491310352676,625,0,15,610,0,0,0,0,0,6,0,0
2,150.0,266,181.34298546680154,5.684341886080802e-14,455,134.4593188156105,0.0,455,0,51,404,0,0,576,0,84,492,0,0
3,200.0,126,218.25988232814922,1.4210854715202004e-13,392,193.20913088652043,17.241109577971,392,0,72,320,0,0,571,0,218,353,0,0
4,250.0,77,247.3287963277921,8.526512829121202e-14,115,254.8922157096509,10.766430627592023,115,0,15,100,0,0,165,0,36,129,0,0
5,300.0,38,270.2180918255229,1.1368683772161603e-13,57,296.90084759699005,10.755975636792158,57,0,14,43,0,0,65,0,19,46,0,0
6,350.0,66,301.9821037090722,16.4418127449347,9,334.16339241892535,7.111754927518359,9,0,3,6,0,0,7,0,3,4,0,0
Totals,7,1653,NA,NA,1653,NA,NA,1653,0,170,1483,0,0,1384,0,425,1635,0,0
