Age,Class,N_Initial_Age,AgeSize_Mean,AgeSize_Std,N_Initial_Class,ClassSize_Mean,ClassSize_Std,N_GrowthBack_Class,Capture_Back,PackingDeaths_Emigration_Class,N_AfterEmigration_Class,Deaths_AfterEmiMort_Age,Deaths_AfterEmiMort_Size,N_GrowthOut_Class,Capture_Out,PackingDeaths_Immigration_Class,N_Immigration_Class,Deaths_AfterImmiMort_Age,Deaths_AfterImmiMort_Size
0,50.0,662,50.20015682956031,9.981709702633255,658,50.02446636736713,9.75139093751256,0,0,0,0,0,0,0,0,44,716,0,0
1,100.0,534,134.4593188156105,0.0,4,79.10123786033834,2.6307801424423674,662,0,0,662,0,0,0,0,0,4,0,0
2,150.0,256,181.34298546680154,5.684341886080802e-14,534,134.4593188156105,0.0,534,0,34,500,0,0,633,0,75,558,0,0
3,200.0,151,218.25988232814936,0.0,407,195.03942631708045,17.83360878431816,407,0,49,358,0,0,663,0,241,422,0,0
4,250.0,74,247.32879632779213,5.684341886080802e-14,109,254.67857011146705,10.687000014260962,109,0,13,96,0,0,183,0,32,151,0,0
5,300.0,35,270.21809182552283,5.684341886080802e-14,55,297.1492189041179,11.203821834346233,55,0,11,44,0,0,63,0,9,54,0,0
6,350.0,61,300.8692076251295,15.565089464344368,6,334.96910423440227,4.774205545160749,6,0,3,3,0,0,6,0,0,6,0,0
Totals,7,1773,NA,NA,1773,NA,NA,1773,0,110,1663,0,0,1548,0,401,1911,0,0
