Age,Class,N_Initial_Age,AgeSize_Mean,AgeSize_Std,N_Initial_Class,ClassSize_Mean,ClassSize_Std,N_GrowthBack_Class,Capture_Back,PackingDeaths_Emigration_Class,N_AfterEmigration_Class,Deaths_AfterEmiMort_Age,Deaths_AfterEmiMort_Size,N_GrowthOut_Class,Capture_Out,PackingDeaths_Immigration_Class,N_Immigration_Class,Deaths_AfterImmiMort_Age,Deaths_AfterImmiMort_Size
0,50.0,771,49.86281184409632,10.460848741188396,765,49.63994991091606,10.192281898994194,0,0,0,0,0,0,0,0,73,685,0,0
1,100.0,559,134.45931881561052,2.842170943040401e-14,6,78.27770832457922,1.7030973268215852,771,0,90,681,0,0,0,0,0,6,0,0
2,150.0,264,181.34298546680154,5.684341886080802e-14,559,134.45931881561052,2.842170943040401e-14,559,0,60,499,0,0,636,0,72,564,0,0
3,200.0,131,218.2598823281494,2.842170943040401e-14,395,193.58631075499534,17.38063758300189,395,0,97,298,0,0,644,0,180,464,0,0
4,250.0,87,247.32879632779208,1.1368683772161603e-13,131,255.01680397588487,10.81053269958862,131,0,22,109,0,0,156,0,17,139,0,0
5,300.0,44,270.21809182552283,5.684341886080802e-14,74,297.5081364878106,11.801689924083405,74,0,26,48,0,0,66,0,16,50,0,0
6,350.0,79,299.9841027816756,14.93136354988422,5,336.62840393087697,5.259619347239668,5,0,2,3,0,0,6,0,0,6,0,0
Totals,7,1935,NA,NA,1935,NA,NA,1935,0,297,1638,0,0,1508,0,358,1914,0,0
