Age,Class,N_Initial_Age,AgeSize_Mean,AgeSize_Std,N_Initial_Class,ClassSize_Mean,ClassSize_Std,N_GrowthBack_Class,Capture_Back,PackingDeaths_Emigration_Class,N_AfterEmigration_Class,Deaths_AfterEmiMort_Age,Deaths_AfterEmiMort_Size,N_GrowthOut_Class,Capture_Out,PackingDeaths_Immigration_Class,N_Immigration_Class,Deaths_AfterImmiMort_Age,Deaths_AfterImmiMort_Size
0,50.0,529,50.046704976172585,9.516263020798,528,49.994676207686716,9.449802985763116,0,0,0,0,0,0,0,0,0,764,0,0
1,100.0,338,134.4593188156105,0.0,1,77.51789473671042,0.0,529,0,8,521,0,0,0,0,0,4,0,0
2,150.0,244,181.34298546680157,8.526512829121202e-14,338,134.4593188156105,0.0,338,0,10,328,0,0,499,0,30,469,0,0
3,200.0,157,218.2598823281493,5.684341886080802e-14,401,195.79673311575814,18.018787143333544,401,0,32,369,0,0,510,0,121,389,0,0
4,250.0,74,247.32879632779213,5.684341886080802e-14,132,257.386214046492,11.36026209816545,132,0,9,123,0,0,192,0,31,161,0,0
5,300.0,58,270.21809182552283,5.684341886080802e-14,56,300.2079128419652,10.711977967979031,56,0,11,45,0,0,90,0,19,71,0,0
6,350.0,61,303.46755094775733,15.083917199251193,5,339.97549773262955,6.229466213204736,5,0,1,4,0,0,4,0,2,2,0,0
Totals,7,1461,NA,NA,1461,NA,NA,1461,0,71,1390,0,0,1295,0,203,1860,0,0
