Age,Class,N_Initial_Age,AgeSize_Mean,AgeSize_Std,N_Initial_Class,ClassSize_Mean,ClassSize_Std,N_GrowthBack_Class,Capture_Back,PackingDeaths_Emigration_Class,N_AfterEmigration_Class,Deaths_AfterEmiMort_Age,Deaths_AfterEmiMort_Size,N_GrowthOut_Class,Capture_Out,PackingDeaths_Immigration_Class,N_Immigration_Class,Deaths_AfterImmiMort_Age,Deaths_AfterImmiMort_Size
0,50.0,945,50.15710164340196,10.027387811807342,941,50.045771051631434,9.90169792916118,0,0,0,0,0,0,0,0,31,771,0,0
1,100.0,834,134.45931881561046,2.842170943040401e-14,4,76.34762335742047,0.9814982390229099,945,0,92,853,0,0,0,0,0,6,0,0
2,150.0,582,181.3429854668015,2.842170943040401e-14,834,134.45931881561046,2.842170943040401e-14,834,0,101,733,0,0,806,0,205,601,0,0
3,200.0,98,218.25988232814927,8.526512829121202e-14,680,186.66336177917222,12.965545861324657,680,0,109,571,0,0,1137,0,611,526,0,0
4,250.0,120,247.32879632779216,2.842170943040401e-14,161,253.15774735516453,9.972156859367047,161,0,18,143,0,0,177,0,36,141,0,0
5,300.0,41,270.21809182552283,5.684341886080802e-14,80,294.6972436362096,12.164583758763607,80,0,25,55,0,0,72,0,12,60,0,0
6,350.0,80,294.6972436362096,12.164583758763607,0,nan,nan,0,0,0,0,0,0,5,0,3,2,0,0
Totals,7,2700,NA,NA,2700,NA,NA,2700,0,345,2355,0,0,2197,0,898,2107,0,0
