Age,Class,N_Initial_Age,AgeSize_Mean,AgeSize_Std,N_Initial_Class,ClassSize_Mean,ClassSize_Std,N_GrowthBack_Class,Capture_Back,PackingDeaths_Emigration_Class,N_AfterEmigration_Class,Deaths_AfterEmiMort_Age,Deaths_AfterEmiMort_Size,N_GrowthOut_Class,Capture_Out,PackingDeaths_Immigration_Class,N_Immigration_Class,Deaths_AfterImmiMort_Age,Deaths_AfterImmiMort_Size
0,50.0,579,49.552521559165925,10.410992992259814,573,49.25401296130022,10.045716434132611,0,0,0,0,0,0,0,0,0,588,0,0
1,100.0,437,134.45931881561046,2.842170943040401e-14,6,78.0600926553412,0.8985807412506471,579,0,17,562,0,0,0,0,0,6,0,0
2,150.0,228,181.34298546680157,8.526512829121202e-14,437,134.45931881561046,2.842170943040401e-14,437,0,21,416,0,0,540,0,75,465,0,0
3,200.0,125,218.25988232814922,1.4210854715202004e-13,353,194.41554101260456,17.65521102395966,353,0,47,306,0,0,560,0,132,428,0,0
4,250.0,77,247.3287963277921,8.526512829121202e-14,123,255.88902066027674,11.075200388735285,123,0,25,98,0,0,151,0,22,129,0,0
5,300.0,46,270.2180918255229,1.1368683772161603e-13,44,300.2155065821288,12.731410680483942,44,0,10,34,0,0,57,0,8,49,0,0
6,350.0,48,302.7558908369177,14.833596020156543,4,330.70011763959496,2.362407293982971,4,0,0,4,0,0,8,0,0,8,0,0
Totals,7,1540,NA,NA,1540,NA,NA,1540,0,120,1420,0,0,1316,0,237,1673,0,0
