Age,Class,N_Initial_Age,AgeSize_Mean,AgeSize_Std,N_Initial_Class,ClassSize_Mean,ClassSize_Std,N_GrowthBack_Class,Capture_Back,PackingDeaths_Emigration_Class,N_AfterEmigration_Class,Deaths_AfterEmiMort_Age,Deaths_AfterEmiMort_Size,N_GrowthOut_Class,Capture_Out,PackingDeaths_Immigration_Class,N_Immigration_Class,Deaths_AfterImmiMort_Age,Deaths_AfterImmiMort_Size
0,50.0,550,49.555224122157284,9.971426176644988,548,49.45412691446818,9.847866490491212,0,0,0,0,0,0,0,0,14,848,0,0
1,100.0,414,134.4593188156105,0.0,2,77.25585902896955,0.5411823283886577,550,0,15,535,0,0,0,0,0,6,0,0
2,150.0,265,181.3429854668015,2.842170943040401e-14,414,134.4593188156105,0.0,414,0,32,382,0,0,517,0,53,464,0,0
3,200.0,172,218.25988232814933,2.842170943040401e-14,437,195.8732057417485,18.035613159091746,437,0,59,378,0,0,563,0,140,423,0,0
4,250.0,73,247.32879632779216,2.842170943040401e-14,131,257.46298822755074,11.369374106042487,131,0,24,107,0,0,185,0,24,161,0,0
5,300.0,58,270.21809182552283,5.684341886080802e-14,44,297.63202926157663,11.298098667309379,44,0,7,37,0,0,69,0,8,61,0,0
6,350.0,50,301.9589058754475,15.844142798619686,6,333.68933437716714,3.4324705802979456,6,0,2,4,0,0,6,0,0,6,0,0
Totals,7,1582,NA,NA,1582,NA,NA,1582,0,139,1443,0,0,1340,0,239,1969,0,0
