Age,Class,N_Initial_Age,AgeSize_Mean,AgeSize_Std,N_Initial_Class,ClassSize_Mean,ClassSize_Std,N_GrowthBack_Class,Capture_Back,PackingDeaths_Emigration_Class,N_AfterEmigration_Class,Deaths_AfterEmiMort_Age,Deaths_AfterEmiMort_Size,N_GrowthOut_Class,Capture_Out,PackingDeaths_Immigration_Class,N_Immigration_Class,Deaths_AfterImmiMort_Age,Deaths_AfterImmiMort_Size
0,50.0,647,50.462080540146175,9.782159410350328,645,50.37290190632705,9.664260188233506,0,0,0,0,0,0,0,0,36,495,0,0
1,100.0,381,134.45931881561046,2.842170943040401e-14,2,79.22218994681339,2.3202229852859304,647,0,41,606,0,0,0,0,0,4,0,0
2,150.0,245,181.34298546680157,8.526512829121202e-14,381,134.45931881561046,2.842170943040401e-14,381,0,22,359,0,0,569,0,120,449,0,0
3,200.0,151,218.25988232814936,0.0,396,195.41988300736597,17.930876450001826,396,0,55,341,0,0,524,0,141,383,0,0
4,250.0,72,247.3287963277922,0.0,124,256.9275331494211,11.294803005998682,124,0,26,98,0,0,163,0,43,120,0,0
5,300.0,52,270.21809182552283,5.684341886080802e-14,42,297.7565679503284,11.269073914817874,42,0,9,33,0,0,69,0,7,62,0,0
6,350.0,45,300.1537502769579,14.196210123953044,3,333.7143028497707,6.19159908203078,3,0,1,2,0,0,4,0,0,4,0,0
Totals,7,1593,NA,NA,1593,NA,NA,1593,0,154,1439,0,0,1329,0,347,1517,0,0
