Age,Class,N_Initial_Age,AgeSize_Mean,AgeSize_Std,N_Initial_Class,ClassSize_Mean,ClassSize_Std,N_GrowthBack_Class,Capture_Back,PackingDeaths_Emigration_Class,N_AfterEmigration_Class,Deaths_AfterEmiMort_Age,Deaths_AfterEmiMort_Size,N_GrowthOut_Class,Capture_Out,PackingDeaths_Immigration_Class,N_Immigration_Class,Deaths_AfterImmiMort_Age,Deaths_AfterImmiMort_Size
0,50.0,568,50.20656091127536,10.056057321053302,564,50.0055446231002,9.800776607677196,0,0,0,0,0,0,0,0,6,525,0,0
1,100.0,373,134.45931881561046,2.842170943040401e-14,4,78.5498575439728,2.612043181612257,568,0,123,445,0,0,0,0,0,1,0,0
2,150.0,295,181.3429854668015,2.842170943040401e-14,373,134.45931881561046,2.842170943040401e-14,373,0,49,324,0,0,430,0,70,360,0,0
3,200.0,154,218.25988232814936,0.0,449,194.0049055484219,17.52468480647992,449,0,102,347,0,0,501,0,103,398,0,0
4,250.0,84,247.3287963277921,8.526512829121202e-14,133,255.76169466906128,11.04125570763814,133,0,23,110,0,0,175,0,29,146,0,0
5,300.0,49,270.21809182552283,5.684341886080802e-14,44,297.3780544739388,11.059184807062005,44,0,7,37,0,0,68,0,6,62,0,0
6,350.0,48,300.5180243345382,14.947043978674904,4,335.057692801131,5.845170149679162,4,0,2,2,0,0,4,0,2,2,0,0
Totals,7,1571,NA,NA,1571,NA,NA,1571,0,306,1265,0,0,1178,0,216,1494,0,0
