Age,Class,N_Initial_Age,AgeSize_Mean,AgeSize_Std,N_Initial_Class,ClassSize_Mean,ClassSize_Std,N_GrowthBack_Class,Capture_Back,PackingDeaths_Emigration_Class,N_AfterEmigration_Class,Deaths_AfterEmiMort_Age,Deaths_AfterEmiMort_Size,N_GrowthOut_Class,Capture_Out,PackingDeaths_Immigration_Class,N_Immigration_Class,Deaths_AfterImmiMort_Age,Deaths_AfterImmiMort_Size
0,50.0,593,49.66382324940574,10.462139982538364,587,49.36932514561137,10.088515742451069,0,0,0,0,0,0,0,0,151,723,0,0
1,100.0,494,134.4593188156105,0.0,6,78.47555440395506,4.694857126983462,593,0,41,552,0,0,0,0,0,5,0,0
2,150.0,321,181.3429854668015,2.842170943040401e-14,494,134.4593188156105,0.0,494,0,35,459,0,0,512,0,30,482,0,0
3,200.0,131,218.2598823281494,2.842170943040401e-14,452,192.0423515925461,16.748461429432318,452,0,74,378,0,0,665,0,193,472,0,0
4,250.0,83,247.32879632779213,5.684341886080802e-14,131,255.71571376207513,11.02861040289717,131,0,16,115,0,0,164,0,29,135,0,0
5,300.0,48,270.2180918255228,0.0,57,300.860033129111,12.503585124038441,57,0,12,45,0,0,70,0,18,52,0,0
6,350.0,58,301.57745576902903,13.527075028488524,1,342.4705462443555,0.0,1,0,0,1,0,0,6,0,1,5,0,0
Totals,7,1728,NA,NA,1728,NA,NA,1728,0,178,1550,0,0,1417,0,422,1874,0,0
