Age,Class,N_Initial_Age,AgeSize_Mean,AgeSize_Std,N_Initial_Class,ClassSize_Mean,ClassSize_Std,N_GrowthBack_Class,Capture_Back,PackingDeaths_Emigration_Class,N_AfterEmigration_Class,Deaths_AfterEmiMort_Age,Deaths_AfterEmiMort_Size,N_GrowthOut_Class,Capture_Out,PackingDeaths_Immigration_Class,N_Immigration_Class,Deaths_AfterImmiMort_Age,Deaths_AfterImmiMort_Size
0,50.0,674,50.18159804941849,10.196228268807943,672,50.098077540615556,10.095601850934042,0,0,0,0,0,0,0,0,17,793,0,0
1,100.0,580,134.4593188156105,0.0,2,78.24448900720418,0.41211474177885776,674,0,0,674,0,0,0,0,0,4,0,0
2,150.0,280,181.34298546680154,5.684341886080802e-14,580,134.4593188156105,0.0,580,0,48,532,0,0,663,0,62,601,0,0
3,200.0,140,218.25988232814936,0.0,420,193.64861775391742,17.40279207401564,420,0,50,370,0,0,707,0,187,520,0,0
4,250.0,92,247.3287963277921,8.526512829121202e-14,141,255.28323235182617,10.899467152639062,141,0,16,125,0,0,192,0,26,166,0,0
5,300.0,49,270.21809182552283,5.684341886080802e-14,47,302.9259642926396,13.289496330084006,47,0,5,42,0,0,70,0,10,60,0,0
6,350.0,50,304.72880714216865,14.742164092305616,3,332.97334511812267,2.571863304394423,3,0,0,3,0,0,9,0,1,8,0,0
Totals,7,1865,NA,NA,1865,NA,NA,1865,0,119,1746,0,0,1641,0,303,2152,0,0
