Age,Class,N_Initial_Age,AgeSize_Mean,AgeSize_Std,N_Initial_Class,ClassSize_Mean,ClassSize_Std,N_GrowthBack_Class,Capture_Back,PackingDeaths_Emigration_Class,N_AfterEmigration_Class,Deaths_AfterEmiMort_Age,Deaths_AfterEmiMort_Size,N_GrowthOut_Class,Capture_Out,PackingDeaths_Immigration_Class,N_Immigration_Class,Deaths_AfterImmiMort_Age,Deaths_AfterImmiMort_Size
0,50.0,841,49.7582359940254,10.241273326739464,835,49.53737659006171,9.936643252679934,0,0,0,0,0,0,0,0,31,817,0,0
1,100.0,455,134.4593188156105,0.0,6,80.4945030456398,2.967637278917419,841,0,76,765,0,0,0,0,0,9,0,0
2,150.0,316,181.3429854668015,2.842170943040401e-14,455,134.4593188156105,0.0,455,0,21,434,0,0,736,0,96,640,0,0
3,200.0,134,218.25988232814936,0.0,450,192.3360169766251,16.88140600381765,450,0,42,408,0,0,657,0,137,520,0,0
4,250.0,65,247.32879632779216,2.842170943040401e-14,119,257.71553546121606,11.395647917384183,119,0,12,107,0,0,158,0,20,138,0,0
5,300.0,54,270.2180918255229,1.1368683772161603e-13,69,297.1055132242926,10.861860837248875,69,0,13,56,0,0,94,0,33,61,0,0
6,350.0,75,299.96734914442476,14.3334761608596,6,332.8784622259439,5.831717248985837,6,0,3,3,0,0,5,0,0,5,0,0
Totals,7,1940,NA,NA,1940,NA,NA,1940,0,167,1773,0,0,1650,0,317,2190,0,0
