Age,Class,N_Initial_Age,AgeSize_Mean,AgeSize_Std,N_Initial_Class,ClassSize_Mean,ClassSize_Std,N_GrowthBack_Class,Capture_Back,PackingDeaths_Emigration_Class,N_AfterEmigration_Class,Deaths_AfterEmiMort_Age,Deaths_AfterEmiMort_Size,N_GrowthOut_Class,Capture_Out,PackingDeaths_Immigration_Class,N_Immigration_Class,Deaths_AfterImmiMort_Age,Deaths_AfterImmiMort_Size
0,50.0,677,50.03941561705819,10.437195391871827,672,49.80743205493846,10.113795697878468,0,0,0,0,0,0,0,0,0,689,0,0
1,100.0,460,134.4593188156105,0.0,5,81.21800636594931,4.779619910327153,677,0,60,617,0,0,0,0,0,1,0,0
2,150.0,255,181.3429854668015,2.842170943040401e-14,460,134.4593188156105,0.0,460,0,29,431,0,0,574,0,43,531,0,0
3,200.0,142,218.25988232814933,2.842170943040401e-14,397,194.54751784541963,17.694933867799552,397,0,75,322,0,0,577,0,137,440,0,0
4,250.0,78,247.32879632779208,1.1368683772161603e-13,128,256.26992738159316,11.167469106881015,128,0,10,118,0,0,173,0,29,144,0,0
5,300.0,50,270.21809182552283,5.684341886080802e-14,63,294.3635934602313,9.19604888496208,63,0,16,47,0,0,87,0,15,72,0,0
6,350.0,65,295.60754218763793,11.432786607299597,2,334.7919271009448,0.0,2,0,0,2,0,0,3,0,0,3,0,0
Totals,7,1727,NA,NA,1727,NA,NA,1727,0,190,1537,0,0,1414,0,224,1880,0,0
