Age,Class,N_Initial_Age,AgeSize_Mean,AgeSize_Std,N_Initial_Class,ClassSize_Mean,ClassSize_Std,N_GrowthBack_Class,Capture_Back,PackingDeaths_Emigration_Class,N_AfterEmigration_Class,Deaths_AfterEmiMort_Age,Deaths_AfterEmiMort_Size,N_GrowthOut_Class,Capture_Out,PackingDeaths_Immigration_Class,N_Immigration_Class,Deaths_AfterImmiMort_Age,Deaths_AfterImmiMort_Size
0,50.0,655,49.570231382749775,10.224702296011543,650,49.35096129640286,9.951256702853634,0,0,0,0,0,0,0,0,0,818,0,0
1,100.0,519,134.45931881561052,2.842170943040401e-14,5,78.07534260784826,1.722316104504844,655,0,0,655,0,0,0,0,0,2,0,0
2,150.0,273,181.3429854668015,2.842170943040401e-14,519,134.45931881561052,2.842170943040401e-14,519,0,33,486,0,0,626,0,56,570,0,0
3,200.0,161,218.2598823281493,5.684341886080802e-14,434,195.03796333472084,17.83321806813397,434,0,44,390,0,0,667,0,198,469,0,0
4,250.0,100,247.3287963277921,8.526512829121202e-14,142,254.09886964402233,10.446449921832844,142,0,14,128,0,0,213,0,26,187,0,0
5,300.0,42,270.21809182552283,5.684341886080802e-14,73,295.81841824760517,10.783277155765688,73,0,11,62,0,0,89,0,19,70,0,0
6,350.0,78,298.1619598113944,13.78473781884275,5,332.37766664271834,3.9650292823195747,5,0,0,5,0,0,9,0,0,9,0,0
Totals,7,1828,NA,NA,1828,NA,NA,1828,0,102,1726,0,0,1604,0,299,2125,0,0
