Age,Class,N_Initial_Age,AgeSize_Mean,AgeSize_Std,N_Initial_Class,ClassSize_Mean,ClassSize_Std,N_GrowthBack_Class,Capture_Back,PackingDeaths_Emigration_Class,N_AfterEmigration_Class,Deaths_AfterEmiMort_Age,Deaths_AfterEmiMort_Size,N_GrowthOut_Class,Capture_Out,PackingDeaths_Immigration_Class,N_Immigration_Class,Deaths_AfterImmiMort_Age,Deaths_AfterImmiMort_Size
0,50.0,569,49.40112364048748,10.394311207272265,567,49.3075945195158,10.292368468735125,0,0,0,0,0,0,0,0,0,672,0,0
1,100.0,615,134.4593188156105,0.0,2,75.91662943595605,0.592099933674163,569,0,0,569,0,0,0,0,0,7,0,0
2,150.0,246,181.34298546680157,8.526512829121202e-14,615,134.4593188156105,0.0,615,0,44,571,0,0,531,0,38,493,0,0
3,200.0,121,218.25988232814927,8.526512829121202e-14,367,193.51449642108787,17.354789991118952,367,0,20,347,0,0,742,0,258,484,0,0
4,250.0,79,247.32879632779205,1.4210854715202004e-13,119,255.02267716736537,10.812571835033868,119,0,8,111,0,0,176,0,20,156,0,0
5,300.0,40,270.2180918255228,0.0,54,296.5743934119249,10.171310810518825,54,0,19,35,0,0,69,0,12,57,0,0
6,350.0,59,299.6813815764713,14.173169702103788,5,333.2368537535717,4.77732876316675,5,0,0,5,0,0,5,0,0,5,0,0
Totals,7,1729,NA,NA,1729,NA,NA,1729,0,91,1638,0,0,1523,0,328,1874,0,0
