Age,Class,N_Initial_Age,AgeSize_Mean,AgeSize_Std,N_Initial_Class,ClassSize_Mean,ClassSize_Std,N_GrowthBack_Class,Capture_Back,PackingDeaths_Emigration_Class,N_AfterEmigration_Class,Deaths_AfterEmiMort_Age,Deaths_AfterEmiMort_Size,N_GrowthOut_Class,Capture_Out,PackingDeaths_Immigration_Class,N_Immigration_Class,Deaths_AfterImmiMort_Age,Deaths_AfterImmiMort_Size
0,50.0,943,50.417141584639026,9.74100930944617,933,50.12167549262919,9.360022492111062,0,0,0,0,0,0,0,0,26,1251,0,0
1,100.0,772,134.4593188156105,0.0,10,77.98412796915639,2.402088444073898,943,0,39,904,0,0,0,0,0,6,0,0
2,150.0,661,181.34298546680154,5.684341886080802e-14,772,134.4593188156105,0.0,772,0,43,729,0,0,864,0,160,704,0,0
3,200.0,144,218.25988232814936,0.0,805,187.94675335255812,14.148528815598054,805,0,146,659,0,0,1162,0,594,568,0,0
4,250.0,157,247.3287963277921,8.526512829121202e-14,213,253.34663927555226,10.076197285995825,213,0,23,190,0,0,241,0,59,182,0,0
5,300.0,56,270.2180918255228,0.0,84,297.7721289907463,13.902717639332325,84,0,27,57,0,0,92,0,16,76,0,0
6,350.0,84,297.7721289907463,13.902717639332325,0,nan,nan,0,0,0,0,0,0,8,0,1,7,0,0
Totals,7,2817,NA,NA,2817,NA,NA,2817,0,278,2539,0,0,2367,0,856,2794,0,0
