Age,Class,N_Initial_Age,AgeSize_Mean,AgeSize_Std,N_Initial_Class,ClassSize_Mean,ClassSize_Std,N_GrowthBack_Class,Capture_Back,PackingDeaths_Emigration_Class,N_AfterEmigration_Class,Deaths_AfterEmiMort_Age,Deaths_AfterEmiMort_Size,N_GrowthOut_Class,Capture_Out,PackingDeaths_Immigration_Class,N_Immigration_Class,Deaths_AfterImmiMort_Age,Deaths_AfterImmiMort_Size
0,50.0,860,49.438109320754656,9.978185917362262,854,49.233691792287814,9.708403261697493,0,0,0,0,0,0,0,0,0,910,0,0
1,100.0,607,134.4593188156105,0.0,6,78.53353753920314,1.7375978271465597,860,0,45,815,0,0,0,0,0,6,0,0
2,150.0,262,181.3429854668015,2.842170943040401e-14,607,134.4593188156105,0.0,607,0,36,571,0,0,791,0,168,623,0,0
3,200.0,165,218.25988232814927,8.526512829121202e-14,427,195.6082969003434,17.97587050996785,427,0,35,392,0,0,749,0,255,494,0,0
4,250.0,97,247.32879632779216,2.842170943040401e-14,146,255.01082015922233,10.808451477966317,146,0,20,126,0,0,216,0,56,160,0,0
5,300.0,49,270.21809182552283,5.684341886080802e-14,76,297.9123153667284,11.1905158333639,76,0,23,53,0,0,80,0,16,64,0,0
6,350.0,84,301.20271331326467,14.836699448066437,8,332.46149380535877,6.458523168964034,8,0,1,7,0,0,9,0,4,5,0,0
Totals,7,2124,NA,NA,2124,NA,NA,2124,0,160,1964,0,0,1845,0,499,2262,0,0
