Age,Class,N_Initial_Age,AgeSize_Mean,AgeSize_Std,N_Initial_Class,ClassSize_Mean,ClassSize_Std,N_GrowthBack_Class,Capture_Back,PackingDeaths_Emigration_Class,N_AfterEmigration_Class,Deaths_AfterEmiMort_Age,Deaths_AfterEmiMort_Size,N_GrowthOut_Class,Capture_Out,PackingDeaths_Immigration_Class,N_Immigration_Class,Deaths_AfterImmiMort_Age,Deaths_AfterImmiMort_Size
0,50.0,677,49.46933275370455,9.710333366349918,673,49.2875796285343,9.443860589110656,0,0,0,0,0,0,0,0,11,892,0,0
1,100.0,410,134.4593188156105,0.0,4,80.049296063598,3.5154521038016746,677,0,0,677,0,0,0,0,0,3,0,0
2,150.0,296,181.3429854668015,2.842170943040401e-14,410,134.4593188156105,0.0,410,0,13,397,0,0,637,0,58,579,0,0
3,200.0,134,218.25988232814936,0.0,430,192.8473207677797,17.09838088964105,430,0,52,378,0,0,612,0,183,429,0,0
4,250.0,89,247.32879632779216,2.842170943040401e-14,144,256.0712355803976,11.121062509416465,144,0,14,130,0,0,175,0,26,149,0,0
5,300.0,55,270.2180918255229,1.1368683772161603e-13,66,296.95095002990683,11.491682262273406,66,0,22,44,0,0,78,0,13,65,0,0
6,350.0,71,299.4934326588251,14.49006533773831,5,333.05420336054704,5.160586488422941,5,0,1,4,0,0,7,0,1,6,0,0
Totals,7,1732,NA,NA,1732,NA,NA,1732,0,102,1630,0,0,1509,0,292,2123,0,0
