Age,Class,N_Initial_Age,AgeSize_Mean,AgeSize_Std,N_Initial_Class,ClassSize_Mean,ClassSize_Std,N_GrowthBack_Class,Capture_Back,PackingDeaths_Emigration_Class,N_AfterEmigration_Class,Deaths_AfterEmiMort_Age,Deaths_AfterEmiMort_Size,N_GrowthOut_Class,Capture_Out,PackingDeaths_Immigration_Class,N_Immigration_Class,Deaths_AfterImmiMort_Age,Deaths_AfterImmiMort_Size
0,50.0,605,49.88815265905361,9.853551366013567,599,49.59193228207739,9.441002297718947,0,0,0,0,0,0,0,0,1,640,0,0
1,100.0,589,134.4593188156105,0.0,6,79.46082029384671,2.908286795849094,605,0,59,546,0,0,0,0,0,5,0,0
2,150.0,253,181.3429854668015,2.842170943040401e-14,589,134.4593188156105,0.0,589,0,60,529,0,0,518,0,61,457,0,0
3,200.0,144,218.25988232814936,0.0,397,194.7334971746959,17.749093944248315,397,0,81,316,0,0,669,0,229,440,0,0
4,250.0,103,247.32879632779208,1.1368683772161603e-13,151,254.60486377077933,10.658466133973162,151,0,23,128,0,0,185,0,42,143,0,0
5,300.0,48,270.2180918255228,0.0,60,298.77451838553054,12.218958366774554,60,0,4,56,0,0,78,0,20,58,0,0
6,350.0,64,301.2368831798227,15.35935487788619,4,338.17235509420425,8.935024983870314,4,0,1,3,0,0,7,0,2,5,0,0
Totals,7,1806,NA,NA,1806,NA,NA,1806,0,228,1578,0,0,1457,0,355,1748,0,0
