Age,Class,N_Initial_Age,AgeSize_Mean,AgeSize_Std,N_Initial_Class,ClassSize_Mean,ClassSize_Std,N_GrowthBack_Class,Capture_Back,PackingDeaths_Emigration_Class,N_AfterEmigration_Class,Deaths_AfterEmiMort_Age,Deaths_AfterEmiMort_Size,N_GrowthOut_Class,Capture_Out,PackingDeaths_Immigration_Class,N_Immigration_Class,Deaths_AfterImmiMort_Age,Deaths_AfterImmiMort_Size
0,50.0,659,49.82570625644559,10.008379292199079,654,49.605789138429145,9.718894109773785,0,0,0,0,0,0,0,0,0,626,0,0
1,100.0,428,134.4593188156105,0.0,5,78.59086529299817,3.657029886869799,659,0,6,653,0,0,0,0,0,2,0,0
2,150.0,228,181.34298546680157,8.526512829121202e-14,428,134.4593188156105,0.0,428,0,27,401,0,0,626,0,104,522,0,0
3,200.0,109,218.25988232814922,1.4210854715202004e-13,337,193.28346546053123,17.269348740553255,337,0,24,313,0,0,547,0,100,447,0,0
4,250.0,71,247.3287963277921,8.526512829121202e-14,113,255.83632208801058,11.061341533440446,113,0,14,99,0,0,156,0,13,143,0,0
5,300.0,42,270.21809182552283,5.684341886080802e-14,48,299.80087893025,11.495148915878401,48,0,9,39,0,0,65,0,20,45,0,0
6,350.0,49,300.5149819541417,12.406410268272879,1,334.7919271009448,0.0,1,0,0,1,0,0,4,0,0,4,0,0
Totals,7,1586,NA,NA,1586,NA,NA,1586,0,80,1506,0,0,1398,0,237,1789,0,0
