Age,Class,N_Initial_Age,AgeSize_Mean,AgeSize_Std,N_Initial_Class,ClassSize_Mean,ClassSize_Std,N_GrowthBack_Class,Capture_Back,PackingDeaths_Emigration_Class,N_AfterEmigration_Class,Deaths_AfterEmiMort_Age,Deaths_AfterEmiMort_Size,N_GrowthOut_Class,Capture_Out,PackingDeaths_Immigration_Class,N_Immigration_Class,Deaths_AfterImmiMort_Age,Deaths_AfterImmiMort_Size
0,50.0,760,49.874486772089355,9.583191237646387,759,49.837620475082076,9.535492554804593,0,0,0,0,0,0,0,0,0,754,0,0
1,100.0,429,134.45931881561046,2.842170943040401e-14,1,77.85600620061508,0.0,760,0,39,721,0,0,0,0,0,5,0,0
2,150.0,252,181.3429854668015,2.842170943040401e-14,429,134.45931881561046,2.842170943040401e-14,429,0,14,411,0,0,689,0,95,594,0,0
3,200.0,144,218.25988232814936,0.0,396,194.76731159820073,17.758714231154077,396,0,55,341,0,0,569,0,114,455,0,0
4,250.0,96,247.32879632779216,2.842170943040401e-14,146,255.16759615578206,10.861759657952584,146,0,27,119,0,0,187,0,25,162,0,0
5,300.0,50,270.21809182552283,5.684341886080802e-14,53,296.62987140426577,10.577038243603674,53,0,18,35,0,0,64,0,13,51,0,0
6,350.0,53,296.62987140426577,10.577038243603674,0,nan,nan,0,0,0,0,0,0,2,0,0,2,0,0
Totals,7,1784,NA,NA,1784,NA,NA,1784,0,153,1627,0,0,1511,0,247,2023,0,0
